X,Y,Z
186512.0,7397809.0,552.875906883
186612.0,7397809.0,552.087454844
186670.0,7397849.0,551.817489124
186666.0,7397948.0,552.104222081
186668.0,7398048.0,552.305383622
186699.0,7398142.0,552.036991383
186761.0,7398220.0,551.424575653
186815.0,7398303.0,551.129938802
186854.0,7398395.0,551.40938709
186905.0,7398479.0,550.894920314
186972.0,7398554.0,550.460133701
187039.0,7398628.0,549.811475289
187086.0,7398710.0,550.664579062
187071.0,7398801.0,548.640289458
186993.0,7398863.0,548.670697802
186914.0,7398925.0,548.590613283
186836.0,7398988.0,548.38523586
186758.0,7399050.0,548.081658325
186668.0,7399091.0,547.990766506
186573.0,7399124.0,547.775312237
186487.0,7399167.0,547.53740211
186487.0,7399267.0,546.953861358
186487.0,7399367.0,546.261647436
186487.0,7399467.0,545.94132059
186487.0,7399567.0,545.960035893
186487.0,7399667.0,545.983890449
186487.0,7399767.0,546.102241444
186487.0,7399867.0,545.665544321
186489.0,7399966.0,545.559253858
186569.0,7399940.0,545.870580498
186657.0,7399902.0,546.110928532
186755.0,7399884.0,546.832766627
186854.0,7399866.0,547.28300964
186940.0,7399823.0,547.457724199
187011.0,7399753.0,547.371156866
187083.0,7399683.0,547.483020859
187156.0,7399616.0,547.679727097
187233.0,7399551.0,548.034963497
187295.0,7399474.0,548.321456595
187349.0,7399390.0,548.599609599
187430.0,7399369.0,548.922974955
187528.0,7399389.0,548.868084882
187625.0,7399410.0,548.951652327
187710.0,7399374.0,549.670124619
187780.0,7399304.0,550.303299772
187822.0,7399213.0,550.394290119
187864.0,7399122.0,550.547015218
187906.0,7399031.0,550.883853011
187948.0,7398940.0,551.152148098
188004.0,7398861.0,551.67477287
188083.0,7398800.0,552.167291617
188169.0,7398758.0,552.71810624
188269.0,7398748.0,553.52424169
188368.0,7398739.0,554.183336556
188458.0,7398784.0,554.581107357
188547.0,7398829.0,554.849030035
188637.0,7398874.0,555.622492872
188727.0,7398916.0,555.653053294
188807.0,7398858.0,555.966759988
188883.0,7398794.0,556.33880741
188927.0,7398704.0,556.781655126
188971.0,7398614.0,556.99965332
189027.0,7398536.0,557.508416192
189113.0,7398485.0,558.416136295
189199.0,7398433.0,558.952698735
189293.0,7398399.0,565.282569375
189388.0,7398368.0,567.215649284
189483.0,7398393.0,563.78093423
189576.0,7398429.0,565.543346555
189660.0,7398482.0,565.207351859
189744.0,7398536.0,564.638594653
189843.0,7398547.0,563.676122582
189943.0,7398554.0,563.761470651
190029.0,7398602.0,564.338163791
190113.0,7398656.0,564.825533327
190198.0,7398709.0,565.498301835
190288.0,7398751.0,566.092812735
190380.0,7398792.0,566.613951802
190471.0,7398832.0,567.22857879
190563.0,7398873.0,568.463481073
190643.0,7398932.0,569.585289301
190718.0,7398997.0,578.146298973
190784.0,7399072.0,574.550764556
190850.0,7399148.0,578.132210771
190946.0,7399156.0,572.753615148
191041.0,7399138.0,572.63112964
191108.0,7399064.0,574.224394372
191174.0,7398990.0,574.869723597
191241.0,7398915.0,574.508091597
191250.0,7398819.0,578.128100712
191220.0,7398731.0,576.722692988
191145.0,7398664.0,574.479535097
191058.0,7398625.0,572.727375539
190958.0,7398619.0,571.881058048
190859.0,7398612.0,569.845919675
190759.0,7398604.0,569.421398493
190660.0,7398588.0,568.279645171
190574.0,7398549.0,567.090171437
190507.0,7398475.0,566.520989973
190440.0,7398400.0,566.067390048
190434.0,7398309.0,565.346714109
190523.0,7398274.0,565.910983251
190622.0,7398291.0,567.326143593
190720.0,7398308.0,568.87428909
190817.0,7398314.0,569.849176718
190887.0,7398243.0,570.564351299
190941.0,7398163.0,571.133795919
190958.0,7398064.0,571.837373782
190910.0,7398006.0,571.175935768
190810.0,7398004.0,570.121608589
190744.0,7397961.0,570.044856894
190722.0,7397863.0,570.443843686
190753.0,7397809.0,570.981359755
190853.0,7397809.0,571.95149252
190953.0,7397809.0,572.638242457
191053.0,7397809.0,573.418828485
191153.0,7397809.0,574.731406426
191253.0,7397809.0,576.681592935
191353.0,7397809.0,578.241821122
191453.0,7397809.0,579.920255342
191517.0,7397851.0,581.747930393
191532.0,7397950.0,582.156087339
191568.0,7398043.0,583.183859845
191626.0,7398114.0,586.679361474
191694.0,7398186.0,587.599692167
191775.0,7398241.0,588.33319423
191873.0,7398258.0,589.854207298
191970.0,7398243.0,590.236858091
192069.0,7398252.0,588.676346926
192169.0,7398256.0,587.411390733
192268.0,7398249.0,588.757327365
192332.0,7398187.0,590.356647821
192314.0,7398099.0,592.579859911
192252.0,7398021.0,589.187814031
192202.0,7397935.0,589.573277838
192197.0,7397836.0,585.908533608
192263.0,7397809.0,588.094212786
192363.0,7397809.0,587.557477467
192463.0,7397809.0,587.220114421
192563.0,7397809.0,586.640182006
192663.0,7397809.0,585.919854968
192763.0,7397809.0,585.326246317
192863.0,7397809.0,595.116881114
192963.0,7397809.0,590.504714418
193063.0,7397809.0,585.445440279
193163.0,7397809.0,583.051890712
193263.0,7397809.0,583.838932596
193363.0,7397809.0,591.129803258
193463.0,7397809.0,587.966181791
193563.0,7397809.0,587.50205497
193663.0,7397809.0,588.135875693
193763.0,7397809.0,589.343944455
193863.0,7397809.0,590.223772137
193883.0,7397898.0,589.380178327
193941.0,7397980.0,589.994040598
193998.0,7398062.0,589.333620041
194079.0,7398111.0,590.782149224
194176.0,7398137.0,588.250406996
194270.0,7398113.0,587.087238362
194363.0,7398076.0,587.27417859
194455.0,7398038.0,589.352323154
194548.0,7398005.0,585.527943728
194633.0,7398057.0,582.104691953
194718.0,7398110.0,581.322877702
194796.0,7398171.0,580.781265525
194867.0,7398242.0,579.930290373
194936.0,7398314.0,579.294690812
194990.0,7398398.0,578.475176349
195024.0,7398482.0,577.719129466
194954.0,7398492.0,578.150012997
194880.0,7398425.0,578.598150786
194806.0,7398358.0,579.797419004
194718.0,7398327.0,579.962801149
194625.0,7398350.0,582.682087382
194556.0,7398422.0,583.377230068
194487.0,7398494.0,583.675508031
194465.0,7398586.0,586.07331997
194495.0,7398674.0,591.201899144
194571.0,7398739.0,588.086283555
194650.0,7398800.0,594.844926749
194730.0,7398861.0,584.86552688
194809.0,7398922.0,584.810718924
194889.0,7398981.0,576.757654852
194971.0,7399040.0,576.477162341
195052.0,7399098.0,573.575086412
195133.0,7399156.0,576.448675354
195171.0,7399239.0,575.404030588
195073.0,7399236.0,572.526235411
194974.0,7399227.0,573.505799044
194874.0,7399238.0,574.382970632
194775.0,7399249.0,575.008571367
194693.0,7399197.0,575.86881258
194613.0,7399137.0,577.442012211
194533.0,7399076.0,579.123105869
194450.0,7399022.0,580.266995278
194358.0,7398991.0,581.190980026
194259.0,7399002.0,581.79446783
194159.0,7399013.0,583.172361766
194083.0,7399069.0,581.798036457
194024.0,7399148.0,580.729620642
194035.0,7399248.0,578.403950313
194069.0,7399339.0,577.66924177
194123.0,7399423.0,579.111417485
194177.0,7399507.0,580.475214937
194256.0,7399551.0,581.25621492
194356.0,7399554.0,584.45105174
194456.0,7399557.0,580.400540031
194555.0,7399567.0,578.886101473
194620.0,7399627.0,576.785408982
194659.0,7399719.0,577.731028386
194710.0,7399800.0,577.767633528
194803.0,7399836.0,576.405464653
194897.0,7399871.0,573.568755015
194986.0,7399916.0,572.434171044
195075.0,7399962.0,571.147234654
195093.0,7400053.0,570.677699135
195024.0,7400125.0,571.258972965
194955.0,7400198.0,571.517237498
194865.0,7400236.0,571.292133025
194769.0,7400253.0,572.065526726
194672.0,7400227.0,576.688310365
194576.0,7400202.0,576.717470277
194477.0,7400205.0,574.983565373
194382.0,7400227.0,574.276900006
194319.0,7400305.0,573.186103081
194296.0,7400395.0,571.818291436
194314.0,7400492.0,571.390811032
194403.0,7400537.0,572.20611169
194493.0,7400581.0,573.099142227
194586.0,7400613.0,573.5608742
194686.0,7400618.0,571.426792792
194786.0,7400622.0,570.242630969
194886.0,7400627.0,569.522552294
194986.0,7400632.0,568.895966002
195084.0,7400645.0,568.231268552
195183.0,7400663.0,567.416977
195282.0,7400677.0,566.710990674
195381.0,7400685.0,565.965829258
195481.0,7400694.0,565.077714154
195563.0,7400751.0,564.673688095
195646.0,7400807.0,564.060723617
195633.0,7400899.0,564.020381981
195636.0,7400997.0,563.707124599
195705.0,7401066.0,563.925706811
195790.0,7401110.0,564.62181425
195889.0,7401097.0,564.611455245
195953.0,7401021.0,563.385461263
196036.0,7401069.0,562.827765282
196101.0,7401136.0,561.567605287
196115.0,7401234.0,561.244653012
196121.0,7401332.0,560.886544328
196087.0,7401426.0,560.594824019
196116.0,7401519.0,559.81667987
196158.0,7401610.0,559.165980621
196140.0,7401697.0,558.538237485
196051.0,7401740.0,558.22381053
195956.0,7401769.0,558.174727794
195856.0,7401769.0,558.327007698
195760.0,7401743.0,558.480784694
195676.0,7401694.0,558.781711828
195608.0,7401622.0,559.505618664
195559.0,7401535.0,560.33741814
195508.0,7401449.0,561.326325896
195428.0,7401389.0,561.771984864
195332.0,7401386.0,561.931703159
195242.0,7401418.0,562.130767932
195180.0,7401496.0,561.86678352
195125.0,7401578.0,561.659777167
195169.0,7401667.0,560.903926978
195215.0,7401756.0,560.445814713
195287.0,7401823.0,559.50194274
195367.0,7401883.0,558.895457106
195433.0,7401958.0,558.025410704
195498.0,7402034.0,557.439150841
195563.0,7402110.0,557.018919267
195589.0,7402206.0,556.357497703
195612.0,7402303.0,555.982556137
195635.0,7402401.0,555.433747891
195650.0,7402499.0,554.631575801
195661.0,7402599.0,554.173617662
195673.0,7402698.0,553.176820872
195634.0,7402782.0,553.009739844
195560.0,7402809.0,553.139993113
195482.0,7402752.0,553.31771983
195431.0,7402666.0,554.130059324
195379.0,7402580.0,555.059666915
195324.0,7402497.0,555.123171791
195269.0,7402413.0,555.551348793
195214.0,7402329.0,556.222343006
195159.0,7402246.0,556.820499542
195072.0,7402201.0,557.828340031
194980.0,7402162.0,557.545780258
194880.0,7402164.0,557.915139785
194803.0,7402220.0,558.436745837
194745.0,7402299.0,559.285742165
194751.0,7402398.0,559.304001549
194821.0,7402468.0,558.615189743
194901.0,7402526.0,558.086201735
194989.0,7402574.0,557.513381108
195077.0,7402622.0,556.408498065
195145.0,7402693.0,555.719272579
195203.0,7402774.0,555.302336883
195262.0,7402855.0,553.662091082
195315.0,7402940.0,552.827202945
195363.0,7403027.0,552.19123186
195395.0,7403122.0,551.695627776
195378.0,7403206.0,551.249963516
195310.0,7403279.0,551.210378103
195257.0,7403360.0,550.876898697
195252.0,7403460.0,550.298106019
195248.0,7403560.0,550.284852227
195207.0,7403647.0,549.915619701
195149.0,7403729.0,550.261133247
195099.0,7403814.0,550.686202114
195069.0,7403910.0,550.337311081
195038.0,7404005.0,550.05651378
195008.0,7404100.0,549.700264758
194937.0,7404167.0,548.969130587
194846.0,7404208.0,549.021907696
194763.0,7404257.0,549.413012449
194712.0,7404343.0,549.49212815
194681.0,7404437.0,549.531648887
194660.0,7404535.0,549.625335195
194639.0,7404633.0,549.001300789
194618.0,7404730.0,548.384738254
194602.0,7404829.0,547.96934835
194585.0,7404928.0,547.374573079
194566.0,7405026.0,546.999950912
194543.0,7405123.0,546.722928647
194519.0,7405220.0,546.426430483
194496.0,7405317.0,546.259986397
194472.0,7405415.0,545.852056721
194449.0,7405512.0,545.789641866
194432.0,7405610.0,545.70105057
194416.0,7405709.0,545.938222146
194399.0,7405808.0,546.141036793
194382.0,7405906.0,545.742421511
194365.0,7406005.0,545.183558888
194330.0,7406097.0,544.267969915
194283.0,7406186.0,544.149419415
194237.0,7406274.0,544.131748436
194190.0,7406363.0,543.211679981
194134.0,7406445.0,542.983298432
194067.0,7406518.0,543.010115561
193999.0,7406592.0,543.206673166
193932.0,7406666.0,542.913072243
193867.0,7406742.0,542.486131334
193798.0,7406812.0,542.11424731
193730.0,7406884.0,541.718923332
193647.0,7406940.0,541.311459678
193595.0,7406945.0,541.403582324
193609.0,7406846.0,542.305697429
193602.0,7406748.0,542.70459562
193593.0,7406648.0,543.329015934
193599.0,7406549.0,544.580983458
193600.0,7406449.0,545.691701124
193523.0,7406394.0,545.612888012
193508.0,7406308.0,546.532308649
193420.0,7406311.0,546.679379448
193356.0,7406388.0,545.885502927
193294.0,7406467.0,544.168451429
193232.0,7406545.0,542.969776927
193150.0,7406545.0,542.200458308
193058.0,7406508.0,541.868142231
192971.0,7406557.0,540.901075742
192885.0,7406604.0,540.210602069
192786.0,7406591.0,539.919853347
192813.0,7406499.0,539.835794296
192870.0,7406417.0,540.212300733
192895.0,7406328.0,540.458547587
192860.0,7406235.0,540.225466233
192867.0,7406148.0,540.51530185
192920.0,7406063.0,541.281308631
192947.0,7405973.0,541.922283522
192925.0,7405875.0,541.863150787
192903.0,7405778.0,541.972919079
192880.0,7405680.0,542.04639961
192880.0,7405586.0,542.050324592
192926.0,7405498.0,542.57242942
192973.0,7405409.0,543.362538219
193019.0,7405321.0,543.945635317
193066.0,7405232.0,544.462162692
193121.0,7405149.0,545.028685227
193163.0,7405060.0,545.960445737
193179.0,7404962.0,545.911502315
193215.0,7404873.0,546.506077237
193284.0,7404800.0,547.138393548
193336.0,7404716.0,547.480189022
193379.0,7404626.0,547.775408179
193446.0,7404557.0,548.585277609
193512.0,7404492.0,549.224744749
193610.0,7404485.0,550.264535703
193688.0,7404441.0,550.777318647
193704.0,7404345.0,551.699706741
193717.0,7404246.0,553.082171246
193740.0,7404148.0,554.176673893
193751.0,7404049.0,554.540657554
193758.0,7403949.0,554.465105044
193733.0,7403858.0,554.121505213
193644.0,7403812.0,553.202942711
193546.0,7403803.0,551.864367966
193466.0,7403797.0,550.551141312
193390.0,7403855.0,549.611149172
193292.0,7403870.0,548.690525062
193192.0,7403874.0,547.645282796
193095.0,7403898.0,546.681281596
193107.0,7403801.0,546.383737726
193133.0,7403705.0,546.66090528
193199.0,7403639.0,547.265498202
193289.0,7403595.0,547.554690135
193361.0,7403553.0,547.519186746
193387.0,7403456.0,548.369312859
193426.0,7403364.0,548.375749852
193465.0,7403274.0,548.716255466
193519.0,7403195.0,549.692122345
193572.0,7403113.0,550.436546246
193606.0,7403020.0,550.761773657
193620.0,7402921.0,550.745331128
193680.0,7402844.0,551.422720979
193748.0,7402771.0,552.094564696
193816.0,7402698.0,552.851508095
193884.0,7402625.0,553.655601442
193938.0,7402542.0,554.244398852
193975.0,7402450.0,554.570813284
194013.0,7402357.0,555.307630373
194071.0,7402282.0,555.629176431
194159.0,7402236.0,555.903272717
194255.0,7402206.0,556.393704028
194349.0,7402173.0,557.252809163
194439.0,7402130.0,557.477806833
194530.0,7402088.0,557.745627664
194604.0,7402028.0,558.055520274
194644.0,7401937.0,558.242135437
194684.0,7401845.0,558.819607729
194724.0,7401753.0,559.299606026
194746.0,7401657.0,560.166317532
194750.0,7401557.0,561.241038196
194754.0,7401457.0,562.12845001
194758.0,7401358.0,563.213319146
194732.0,7401262.0,563.970425376
194700.0,7401167.0,564.650618142
194655.0,7401081.0,565.537255736
194580.0,7401014.0,566.550832061
194486.0,7401001.0,565.905929658
194393.0,7401025.0,566.656022268
194320.0,7401093.0,565.433770314
194247.0,7401162.0,563.49958478
194175.0,7401230.0,561.916879105
194102.0,7401298.0,560.617035956
194029.0,7401367.0,559.585018733
193962.0,7401440.0,558.715790574
193906.0,7401524.0,557.841841496
193858.0,7401610.0,556.838201715
193840.0,7401708.0,555.934594726
193831.0,7401808.0,555.028832859
193801.0,7401897.0,554.49783238
193712.0,7401940.0,554.457749262
193621.0,7401945.0,554.670490254
193531.0,7401901.0,555.200321975
193505.0,7401805.0,555.631424302
193479.0,7401709.0,556.10027689
193467.0,7401609.0,557.035575868
193450.0,7401511.0,557.816288204
193432.0,7401412.0,558.198326289
193414.0,7401314.0,558.56593394
193384.0,7401219.0,558.945940192
193368.0,7401121.0,559.182159818
193367.0,7401021.0,559.754384757
193374.0,7400921.0,560.64246001
193395.0,7400824.0,561.513641748
193477.0,7400772.0,562.081904747
193540.0,7400696.0,563.051681065
193586.0,7400607.0,563.946633647
193606.0,7400509.0,564.586928256
193634.0,7400413.0,565.572951644
193663.0,7400318.0,566.675656329
193682.0,7400222.0,567.98872991
193608.0,7400156.0,568.054321581
193568.0,7400070.0,568.082731759
193553.0,7399971.0,569.220944867
193570.0,7399873.0,570.083123959
193600.0,7399778.0,570.401411264
193639.0,7399686.0,571.961027281
193658.0,7399589.0,572.821985385
193669.0,7399489.0,573.097443502
193674.0,7399389.0,574.196168267
193676.0,7399289.0,576.344952592
193665.0,7399190.0,575.894211772
193642.0,7399094.0,576.592884672
193608.0,7398999.0,578.959790331
193540.0,7398966.0,579.650522196
193456.0,7399021.0,577.394490986
193448.0,7399120.0,580.703930048
193446.0,7399220.0,578.02737268
193443.0,7399320.0,575.339425361
193357.0,7399368.0,572.974594703
193273.0,7399422.0,572.769309577
193203.0,7399492.0,571.972562278
193132.0,7399563.0,571.218001599
193082.0,7399529.0,571.807895392
193110.0,7399433.0,572.928908723
193130.0,7399337.0,573.824500596
193088.0,7399246.0,577.165051031
193039.0,7399162.0,578.537700928
192953.0,7399111.0,577.706011879
192867.0,7399059.0,578.160604197
192781.0,7399008.0,579.325136862
192690.0,7398967.0,581.260012034
192602.0,7398996.0,578.766352551
192518.0,7399050.0,579.458468123
192488.0,7399143.0,577.583406757
192435.0,7399225.0,582.544333195
192416.0,7399312.0,582.372433461
192449.0,7399407.0,575.162765085
192482.0,7399501.0,573.60392401
192419.0,7399516.0,573.140556575
192339.0,7399457.0,574.568686878
192258.0,7399397.0,575.733150117
192172.0,7399348.0,580.540912002
192079.0,7399312.0,582.152148397
191982.0,7399304.0,578.671406207
191898.0,7399345.0,578.243341567
191835.0,7399423.0,577.29337682
191832.0,7399519.0,576.279991234
191851.0,7399616.0,574.888699455
191930.0,7399677.0,574.595946664
192009.0,7399739.0,573.181283873
192096.0,7399787.0,572.104375651
192186.0,7399831.0,571.363799937
192276.0,7399874.0,571.425228499
192320.0,7399958.0,569.984054853
192360.0,7400046.0,569.648781363
192429.0,7400119.0,569.834693826
192499.0,7400191.0,568.65680283
192566.0,7400264.0,567.615456899
192624.0,7400345.0,566.225235856
192654.0,7400440.0,565.218693749
192685.0,7400536.0,563.84126618
192666.0,7400603.0,562.969153322
192573.0,7400618.0,562.716781905
192512.0,7400539.0,562.957606579
192445.0,7400467.0,563.401635512
192354.0,7400425.0,563.767014595
192263.0,7400383.0,564.67781592
192170.0,7400410.0,564.315474385
192079.0,7400451.0,564.093082038
192016.0,7400529.0,563.767961603
191989.0,7400618.0,564.088185044
192001.0,7400718.0,563.28941774
192045.0,7400804.0,562.548393159
192105.0,7400885.0,561.430950721
192147.0,7400971.0,559.923867073
192151.0,7401071.0,560.179882974
192172.0,7401169.0,559.514587935
192196.0,7401266.0,558.445229144
192189.0,7401355.0,557.626182896
192122.0,7401429.0,557.922602018
192108.0,7401522.0,557.649288226
192119.0,7401621.0,557.328541027
192181.0,7401694.0,556.302135538
192259.0,7401755.0,555.639138641
192310.0,7401838.0,555.20669939
192321.0,7401932.0,554.613359034
192294.0,7402029.0,554.540608643
192306.0,7402121.0,554.200465405
192359.0,7402205.0,553.207010692
192409.0,7402291.0,552.612945562
192438.0,7402387.0,552.005559738
192457.0,7402483.0,551.590725749
192443.0,7402583.0,551.196517916
192430.0,7402682.0,550.491594088
192415.0,7402780.0,550.116964384
192392.0,7402878.0,549.850889942
192370.0,7402975.0,549.638061753
192333.0,7403065.0,549.053751522
192265.0,7403138.0,549.912020645
192217.0,7403223.0,549.999115048
192200.0,7403319.0,549.321314018
192270.0,7403391.0,549.027407239
192340.0,7403462.0,548.02232475
192392.0,7403533.0,546.848174801
192312.0,7403592.0,547.832073818
192235.0,7403656.0,548.609689533
192175.0,7403735.0,549.147007415
192158.0,7403833.0,549.295329201
192142.0,7403932.0,548.983836961
192143.0,7404031.0,548.294103534
192155.0,7404131.0,547.325825662
192200.0,7404213.0,547.067893468
192278.0,7404276.0,545.978898807
192355.0,7404339.0,544.751061672
192382.0,7404428.0,544.420926365
192353.0,7404514.0,544.31153557
192279.0,7404581.0,544.602571464
192204.0,7404647.0,544.787135941
192175.0,7404736.0,544.695017026
192172.0,7404836.0,544.109256892
192170.0,7404936.0,543.473278194
192154.0,7405034.0,542.666008773
192129.0,7405131.0,542.986271067
192111.0,7405229.0,542.478984909
192094.0,7405328.0,541.893209315
192074.0,7405425.0,541.474685692
192076.0,7405525.0,541.111003038
192072.0,7405619.0,541.126121446
191973.0,7405624.0,540.675414202
191876.0,7405600.0,540.561667097
191779.0,7405576.0,540.81789973
191679.0,7405585.0,540.671233678
191609.0,7405653.0,540.229201651
191544.0,7405730.0,539.922416703
191479.0,7405805.0,539.791210266
191402.0,7405869.0,539.754713079
191326.0,7405934.0,539.408304652
191246.0,7405903.0,539.410523133
191198.0,7405815.0,539.64160507
191149.0,7405728.0,539.926607065
191101.0,7405640.0,540.216536543
191094.0,7405541.0,540.600561207
191088.0,7405441.0,540.848938577
191083.0,7405341.0,541.417614589
191069.0,7405243.0,541.439980052
191048.0,7405145.0,542.217890817
191043.0,7405047.0,542.048533238
191057.0,7404948.0,542.420189788
191063.0,7404848.0,542.838639304
191081.0,7404751.0,543.346222941
191116.0,7404657.0,543.647376612
191152.0,7404564.0,544.623998928
191187.0,7404470.0,545.175758953
191195.0,7404376.0,545.384885298
191155.0,7404285.0,544.696514976
191164.0,7404191.0,545.369605407
191196.0,7404096.0,546.104928381
191198.0,7404000.0,546.180112418
191170.0,7403903.0,546.327624154
191142.0,7403807.0,546.511496832
191120.0,7403710.0,546.870596969
191114.0,7403612.0,546.860741467
191136.0,7403515.0,547.162321944
191158.0,7403417.0,547.530740624
191181.0,7403320.0,547.513508497
191193.0,7403223.0,548.334128959
191134.0,7403142.0,548.532798498
191075.0,7403061.0,548.678261831
191064.0,7402970.0,549.099932732
191131.0,7402896.0,549.517345206
191199.0,7402823.0,550.302674417
191267.0,7402749.0,550.869013056
191336.0,7402677.0,551.371964932
191409.0,7402609.0,551.994206909
191482.0,7402540.0,552.512263798
191555.0,7402471.0,553.131533276
191627.0,7402403.0,553.804695441
191697.0,7402331.0,554.504564014
191746.0,7402244.0,554.512411705
191795.0,7402157.0,555.009736509
191824.0,7402066.0,555.562535828
191814.0,7401966.0,556.004917031
191741.0,7401900.0,555.973063024
191655.0,7401860.0,555.861042153
191558.0,7401877.0,556.272723484
191494.0,7401953.0,555.796637116
191451.0,7402041.0,555.085972498
191426.0,7402138.0,554.305232384
191383.0,7402228.0,553.5630369
191339.0,7402318.0,553.017768944
191270.0,7402389.0,552.411030725
191195.0,7402455.0,551.865366288
191120.0,7402521.0,551.158723378
191047.0,7402589.0,550.439101656
190975.0,7402659.0,550.123502759
190902.0,7402726.0,549.898283166
190826.0,7402790.0,549.70463193
190761.0,7402867.0,549.707651224
190772.0,7402960.0,549.329471142
190804.0,7403054.0,548.860092039
190836.0,7403149.0,548.601302293
190868.0,7403244.0,548.717442422
190880.0,7403342.0,548.054648425
190885.0,7403442.0,547.489558526
190876.0,7403540.0,547.141651701
190836.0,7403631.0,547.02912797
190771.0,7403695.0,547.009152046
190683.0,7403691.0,547.168042169
190608.0,7403625.0,547.945192189
190547.0,7403546.0,548.863842804
190485.0,7403467.0,549.540642783
190423.0,7403389.0,550.597903608
190344.0,7403328.0,551.579056523
190265.0,7403267.0,552.578639179
190180.0,7403245.0,552.888352298
190094.0,7403297.0,552.785028784
190034.0,7403368.0,552.761943932
190013.0,7403466.0,552.350490568
190042.0,7403552.0,551.029799161
190108.0,7403626.0,550.936166922
190184.0,7403687.0,550.19277781
190281.0,7403710.0,549.422858519
190336.0,7403774.0,548.939595505
190354.0,7403873.0,548.508812591
190373.0,7403971.0,548.145780244
190442.0,7404043.0,547.154545963
190513.0,7404114.0,546.813302767
190578.0,7404190.0,546.132410991
190635.0,7404271.0,545.793997568
190679.0,7404361.0,545.159355721
190712.0,7404454.0,544.68040292
190711.0,7404552.0,544.624203128
190660.0,7404638.0,544.457218428
190627.0,7404730.0,544.100185174
190618.0,7404830.0,543.374549403
190609.0,7404929.0,542.808062566
190534.0,7404992.0,542.739796929
190454.0,7405052.0,542.726548013
190409.0,7405141.0,542.702433771
190408.0,7405228.0,542.045516564
190479.0,7405298.0,541.46103669
190550.0,7405368.0,541.428115602
190614.0,7405443.0,540.554740748
190594.0,7405512.0,540.512334572
190498.0,7405538.0,540.712364614
190405.0,7405573.0,540.850202857
190318.0,7405621.0,540.830044753
190268.0,7405708.0,541.214070569
190218.0,7405794.0,541.599905835
190168.0,7405881.0,541.853876741
190156.0,7405971.0,541.66234161
190196.0,7406063.0,541.659363856
190279.0,7406112.0,541.673298963
190372.0,7406148.0,541.241213161
190463.0,7406146.0,540.718898982
190549.0,7406094.0,540.362825403
190639.0,7406057.0,539.980124649
190718.0,7406104.0,539.724697913
190787.0,7406177.0,539.46687259
190858.0,7406247.0,539.083320418
190929.0,7406317.0,538.74410142
191000.0,7406388.0,538.535340512
191055.0,7406470.0,538.202547283
191097.0,7406560.0,538.09436199
191139.0,7406651.0,537.705071132
191206.0,7406724.0,537.325069831
191278.0,7406793.0,537.091483011
191350.0,7406863.0,536.930101226
191409.0,7406944.0,536.784226415
191454.0,7407030.0,536.322729093
191470.0,7407129.0,535.92020477
191486.0,7407228.0,535.827886474
191501.0,7407327.0,535.559361246
191512.0,7407425.0,535.345385413
191494.0,7407524.0,535.228264108
191461.0,7407612.0,535.129163066
191381.0,7407672.0,535.383116434
191293.0,7407717.0,536.223848913
191197.0,7407742.0,535.932326087
191099.0,7407753.0,535.884175698
191001.0,7407736.0,535.747291391
190914.0,7407698.0,536.333675844
190853.0,7407620.0,536.439758781
190836.0,7407521.0,537.218540972
190820.0,7407423.0,538.008639199
190804.0,7407324.0,538.899298291
190788.0,7407225.0,539.714769938
190714.0,7407160.0,539.782959588
190633.0,7407102.0,540.652266799
190546.0,7407146.0,540.962531062
190462.0,7407185.0,540.654697378
190400.0,7407106.0,541.602276346
190325.0,7407040.0,542.683993872
190240.0,7407001.0,543.814442971
190140.0,7407010.0,544.968070747
190052.0,7407043.0,546.542713661
189989.0,7407121.0,547.170117667
189966.0,7407205.0,547.642568398
190019.0,7407290.0,547.147864182
190054.0,7407382.0,545.002882356
190078.0,7407479.0,543.486935121
190137.0,7407559.0,541.845503967
190212.0,7407621.0,540.45740079
190305.0,7407657.0,539.053566712
190398.0,7407694.0,537.723665054
190491.0,7407730.0,536.780519053
190557.0,7407786.0,535.709294443
190563.0,7407886.0,534.949895047
190498.0,7407957.0,534.611614925
190398.0,7407962.0,535.184527568
190298.0,7407967.0,536.230044662
190205.0,7407932.0,537.276534824
190111.0,7407904.0,538.260107632
190011.0,7407914.0,538.889993795
189912.0,7407923.0,539.162718483
189812.0,7407932.0,538.731102064
189712.0,7407926.0,538.835208923
189613.0,7407919.0,538.816867194
189553.0,7407858.0,539.64149809
189569.0,7407762.0,541.274647463
189595.0,7407665.0,543.078581863
189602.0,7407569.0,544.145270022
189561.0,7407478.0,543.917705402
189468.0,7407442.0,543.542541705
189374.0,7407416.0,544.819431311
189288.0,7407467.0,543.380176504
189210.0,7407525.0,542.702752179
189193.0,7407624.0,541.739125071
189176.0,7407723.0,540.550617694
189157.0,7407820.0,539.697104829
189102.0,7407903.0,538.478370493
189025.0,7407960.0,537.82841311
188932.0,7407997.0,537.553725919
188839.0,7408034.0,536.626980489
188746.0,7408071.0,535.877827691
188653.0,7408108.0,534.973220806
188560.0,7408145.0,534.191642115
188481.0,7408205.0,533.364220986
188411.0,7408275.0,532.48772795
188378.0,7408369.0,531.690998387
188345.0,7408464.0,531.099047
188312.0,7408558.0,530.495258612
188280.0,7408652.0,529.641179648
188247.0,7408747.0,529.06641365
188211.0,7408840.0,528.711234024
188171.0,7408932.0,528.586249274
188112.0,7409012.0,528.494916119
188051.0,7409092.0,528.430803144
187991.0,7409172.0,528.261643687
187953.0,7409260.0,528.546596943
187945.0,7409360.0,528.643899391
187951.0,7409459.0,528.423571209
187971.0,7409557.0,528.077496104
187991.0,7409655.0,527.667736233
188012.0,7409753.0,527.083963016
188025.0,7409852.0,526.624103912
187995.0,7409943.0,526.285065028
187945.0,7410029.0,526.356704112
187865.0,7410088.0,526.361201197
187781.0,7410141.0,525.961323518
187696.0,7410194.0,525.564142798
187611.0,7410247.0,525.066758587
187527.0,7410301.0,524.655454921
187442.0,7410354.0,524.525641855
187345.0,7410374.0,524.591966812
187290.0,7410302.0,525.005225752
187204.0,7410252.0,525.204673715
187115.0,7410209.0,525.085244616
187018.0,7410230.0,525.030481031
186922.0,7410259.0,524.652806703
186826.0,7410282.0,524.507840358
186727.0,7410293.0,524.386803385
186627.0,7410304.0,524.184433638
186528.0,7410315.0,524.245304403
186487.0,7410387.0,523.641811322
186487.0,7410487.0,523.061328093
186487.0,7410587.0,522.758269418
186487.0,7410687.0,522.446010006
186487.0,7410787.0,522.055442269
186487.0,7410887.0,521.8384877
186487.0,7410987.0,522.32122203
186487.0,7411087.0,522.319147906
186487.0,7411187.0,521.942329926
186487.0,7411287.0,521.435123972
186487.0,7411387.0,521.55886281
186487.0,7411487.0,520.919553265
186487.0,7411587.0,520.785668956
186487.0,7411687.0,520.88441342
186487.0,7411787.0,520.741219902
186487.0,7411887.0,520.241949284
186487.0,7411987.0,519.996982264
186487.0,7412087.0,519.859639926
186487.0,7412187.0,519.639025698
186487.0,7412287.0,519.371208978
186487.0,7412387.0,519.282174123
186487.0,7412487.0,519.366980229
186487.0,7412587.0,519.000738856
186487.0,7412687.0,518.77871565
186487.0,7412787.0,518.340649713
186487.0,7412887.0,517.895491383
186487.0,7412987.0,517.786821548
186487.0,7413087.0,517.9604705
186487.0,7413187.0,517.868828447
186487.0,7413287.0,517.595678199
186487.0,7413387.0,517.385295937
186487.0,7413487.0,517.465314189
186487.0,7413587.0,517.168726916
186487.0,7413687.0,516.508403214
186487.0,7413787.0,515.968943061
186487.0,7413887.0,516.27683676
186487.0,7413987.0,516.215153472
186487.0,7414087.0,515.933342191
186487.0,7414187.0,516.052909388
186487.0,7414287.0,516.117595356
186487.0,7414387.0,516.240908972
186487.0,7414487.0,516.377717456
186487.0,7414587.0,516.286048143
186487.0,7414687.0,516.364087668
186487.0,7414787.0,516.375965306
186487.0,7414887.0,516.891566317
186487.0,7414987.0,516.893335964
186487.0,7415087.0,517.140073749
186487.0,7415187.0,517.571701897
186487.0,7415287.0,517.497421811
186487.0,7415387.0,517.601804274
186487.0,7415487.0,517.996067206
186487.0,7415587.0,518.804507191
186532.0,7415650.0,520.44793502
186631.0,7415634.0,520.734883726
186729.0,7415619.0,521.067031121
186826.0,7415642.0,522.144738856
186925.0,7415638.0,523.061680998
187012.0,7415604.0,523.58141231
187074.0,7415525.0,521.787149604
187150.0,7415481.0,521.905857971
187249.0,7415494.0,522.433909444
187349.0,7415503.0,523.001137538
187448.0,7415511.0,523.45621481
187548.0,7415519.0,523.929497676
187630.0,7415551.0,524.587852916
187595.0,7415633.0,525.476534582
187534.0,7415712.0,526.000948899
187472.0,7415791.0,526.578687324
187411.0,7415870.0,527.563887527
187421.0,7415969.0,527.570614901
187479.0,7416044.0,528.17055868
187558.0,7416104.0,528.489694821
187638.0,7416164.0,528.919778222
187669.0,7416257.0,529.400599154
187634.0,7416347.0,530.136252571
187553.0,7416406.0,532.419634843
187472.0,7416465.0,532.983409175
187463.0,7416563.0,532.132304189
187462.0,7416663.0,532.26917194
187462.0,7416763.0,532.904213695
187443.0,7416857.0,533.696261361
187385.0,7416938.0,533.819393392
187316.0,7416991.0,532.992785254
187217.0,7417004.0,532.888861649
187118.0,7417017.0,534.178442928
187019.0,7417031.0,535.192084454
186920.0,7417036.0,533.505234486
186820.0,7417028.0,532.577096963
186720.0,7417021.0,532.875531048
186623.0,7417003.0,531.781488332
186553.0,7416940.0,531.999550428
186487.0,7416917.0,529.113881529
186487.0,7417017.0,527.070277272
186487.0,7417117.0,527.792824424
186487.0,7417217.0,529.015574962
186487.0,7417317.0,531.757707053
186487.0,7417417.0,535.088345722
186487.0,7417517.0,538.897650564
186487.0,7417617.0,541.876309686
186487.0,7417717.0,545.70207241
186487.0,7417817.0,547.137101415
186487.0,7417917.0,550.437350425
186487.0,7418017.0,558.852640738
186487.0,7418117.0,570.609920515
186551.0,7418148.0,579.65906791
186645.0,7418113.0,571.234181824
186739.0,7418078.0,580.5098441
186834.0,7418047.0,581.144749514
186930.0,7418019.0,577.861825788
187026.0,7417992.0,570.557119982
187125.0,7417979.0,583.922795455
187225.0,7417969.0,579.979479972
187324.0,7417958.0,585.367226006
187424.0,7417948.0,586.284062239
187523.0,7417938.0,576.72173406
187623.0,7417928.0,572.222324278
187722.0,7417918.0,581.525395907
187821.0,7417907.0,585.302813917
187919.0,7417885.0,585.823809962
188016.0,7417863.0,584.082122411
188114.0,7417840.0,584.286193534
188211.0,7417818.0,585.107242931
188307.0,7417792.0,569.834306929
188377.0,7417721.0,551.202240483
188412.0,7417630.0,547.996363028
188489.0,7417570.0,551.549417001
188587.0,7417552.0,554.092385424
188686.0,7417539.0,552.226250681
188785.0,7417526.0,553.290778904
188884.0,7417514.0,553.808149567
188983.0,7417501.0,556.574881291
189078.0,7417472.0,559.010511555
189170.0,7417433.0,558.541354447
189262.0,7417394.0,558.292019307
189354.0,7417355.0,556.34369108
189448.0,7417319.0,548.559507304
189543.0,7417290.0,553.286625048
189641.0,7417283.0,556.389187642
189741.0,7417292.0,560.387168523
189840.0,7417302.0,571.951963865
189940.0,7417312.0,576.120630197
190039.0,7417314.0,566.851292006
190136.0,7417292.0,569.613601055
190234.0,7417271.0,580.661537776
190332.0,7417249.0,583.941602514
190429.0,7417228.0,579.270996416
190528.0,7417210.0,572.02765746
190626.0,7417193.0,575.482354065
190725.0,7417176.0,577.292581006
190823.0,7417157.0,570.271464731
190921.0,7417137.0,564.440946251
191019.0,7417117.0,565.703791831
191111.0,7417078.0,562.768131286
191203.0,7417038.0,562.694204578
191295.0,7416999.0,566.293220067
191387.0,7416960.0,561.528362193
191480.0,7416923.0,563.24243253
191574.0,7416889.0,567.437978235
191668.0,7416855.0,568.678822276
191762.0,7416820.0,564.678655735
191856.0,7416786.0,567.933341377
191950.0,7416752.0,571.878184232
192044.0,7416718.0,572.306887075
192138.0,7416684.0,566.441982147
192231.0,7416649.0,561.49826387
192328.0,7416635.0,562.027332732
192427.0,7416648.0,565.754601109
192526.0,7416661.0,566.822243468
192621.0,7416632.0,566.950600403
192716.0,7416600.0,568.640946883
192813.0,7416575.0,568.942652771
192911.0,7416555.0,573.063519035
193009.0,7416561.0,577.068906123
193107.0,7416580.0,569.756062201
193205.0,7416599.0,570.099347365
193282.0,7416663.0,590.089013063
193363.0,7416717.0,598.113570775
193462.0,7416703.0,591.566223429
193561.0,7416690.0,593.169700442
193660.0,7416679.0,596.078523484
193760.0,7416678.0,596.02990721
193860.0,7416670.0,591.620319227
193959.0,7416658.0,602.466730239
194058.0,7416644.0,602.293971015
194132.0,7416578.0,599.047579956
194206.0,7416509.0,603.814424418
194291.0,7416475.0,600.941835541
194389.0,7416496.0,599.018240799
194487.0,7416517.0,597.764823279
194585.0,7416538.0,615.147144495
194684.0,7416534.0,621.680061066
194771.0,7416487.0,606.95591524
194855.0,7416434.0,601.298227674
194949.0,7416411.0,618.239812242
195049.0,7416410.0,615.663051221
195144.0,7416393.0,614.229614176
195223.0,7416340.0,607.392389756
195316.0,7416374.0,621.180092973
195412.0,7416346.0,633.349706832
195508.0,7416319.0,637.252691046
195606.0,7416301.0,622.371652441
195706.0,7416300.0,605.992126298
195806.0,7416299.0,636.31241687
195906.0,7416298.0,643.558397962
196006.0,7416296.0,632.164359182
196105.0,7416302.0,624.834099225
196200.0,7416333.0,625.001394399
196297.0,7416354.0,607.279368191
196397.0,7416365.0,598.638007423
196446.0,7416452.0,621.442521103
196530.0,7416502.0,644.916905055
196615.0,7416451.0,618.075452412
196701.0,7416400.0,591.909048255
196791.0,7416360.0,577.753247193
196891.0,7416358.0,574.1191372
196991.0,7416357.0,581.507766687
197080.0,7416320.0,584.19162803
197161.0,7416263.0,588.821722885
197250.0,7416225.0,597.537695614
197292.0,7416283.0,608.858398191
197297.0,7416383.0,618.573669629
197363.0,7416426.0,604.896758433
197462.0,7416413.0,603.805987416
197562.0,7416403.0,604.188992522
197645.0,7416443.0,598.246628215
197726.0,7416495.0,601.879218528
197826.0,7416499.0,604.707973189
197923.0,7416514.0,606.516972195
198006.0,7416568.0,608.626043852
198094.0,7416615.0,601.960091936
198189.0,7416641.0,589.944809228
198280.0,7416601.0,581.504560751
198376.0,7416571.0,576.390946267
198473.0,7416562.0,571.208547304
198572.0,7416575.0,568.092986802
198652.0,7416628.0,565.566870251
198623.0,7416709.0,558.54269498
198532.0,7416732.0,557.638516107
198434.0,7416721.0,558.780203112
198337.0,7416696.0,569.881941657
198257.0,7416750.0,577.311519616
198269.0,7416849.0,591.251485003
198293.0,7416944.0,595.586505232
198364.0,7417014.0,601.281392367
198435.0,7417085.0,595.802806163
198509.0,7417150.0,585.924939021
198597.0,7417104.0,589.277841844
198684.0,7417054.0,585.660642654
198760.0,7417067.0,586.715526502
198791.0,7417161.0,591.46322168
198825.0,7417252.0,595.204484948
198791.0,7417345.0,597.087799777
198747.0,7417435.0,598.810311564
198800.0,7417517.0,600.933332515
198868.0,7417587.0,600.120754162
198964.0,7417616.0,594.274357698
199062.0,7417637.0,583.666654198
199153.0,7417674.0,567.200306009
199206.0,7417756.0,556.351237856
199231.0,7417853.0,534.621322069
199272.0,7417938.0,537.03347598
199362.0,7417982.0,539.44512677
199451.0,7417993.0,539.819560595
199533.0,7417935.0,551.629497871
199594.0,7417856.0,563.514137095
199682.0,7417855.0,569.943323422
199777.0,7417884.0,577.826359654
199876.0,7417899.0,581.596193601
199973.0,7417922.0,582.144449918
200061.0,7417962.0,586.396325085
200151.0,7418000.0,596.515889372
200248.0,7418025.0,605.847152805
200343.0,7417993.0,604.220491575
200432.0,7417951.0,589.601429795
200510.0,7417888.0,572.217201951
200608.0,7417869.0,568.866805661
200706.0,7417850.0,563.173988185
200803.0,7417825.0,550.182374228
200897.0,7417793.0,547.279173904
200995.0,7417780.0,545.721872383
201095.0,7417781.0,542.684849104
201195.0,7417783.0,543.473579437
201290.0,7417812.0,543.659315264
201384.0,7417846.0,541.686795058
201440.0,7417907.0,539.966965973
201442.0,7418007.0,544.919656034
201468.0,7418104.0,550.900680122
201494.0,7418200.0,554.291968867
201577.0,7418250.0,548.836691029
201676.0,7418262.0,548.924739058
201776.0,7418272.0,547.221523192
201875.0,7418283.0,546.561358289
201973.0,7418301.0,545.37086104
202072.0,7418316.0,544.460464203
202168.0,7418289.0,542.03614143
202264.0,7418263.0,540.180171624
202323.0,7418184.0,537.419486736
202377.0,7418099.0,535.64088463
202436.0,7418019.0,534.119370579
202497.0,7417940.0,532.414139183
202572.0,7417879.0,530.40881315
202668.0,7417853.0,530.266810649
202767.0,7417842.0,529.335886472
202865.0,7417852.0,530.037103181
202963.0,7417875.0,528.860755705
203034.0,7417938.0,529.73575866
203095.0,7418018.0,528.60846616
203173.0,7418065.0,527.087611264
203271.0,7418054.0,527.581035446
203356.0,7418002.0,530.819130348
203441.0,7417949.0,531.366648446
203540.0,7417937.0,532.99812219
203639.0,7417926.0,531.225896227
203739.0,7417915.0,532.745935516
203838.0,7417917.0,532.207198001
203935.0,7417938.0,530.915637147
204033.0,7417959.0,529.739432126
204131.0,7417980.0,531.538196862
204205.0,7418039.0,528.360413407
204269.0,7418116.0,525.972756695
204271.0,7418203.0,525.193577508
204202.0,7418276.0,525.595647432
204184.0,7418369.0,525.766608318
204222.0,7418454.0,525.911183748
204297.0,7418520.0,526.302885288
204383.0,7418570.0,528.591550021
204470.0,7418621.0,528.413568962
204556.0,7418672.0,527.174699599
204631.0,7418737.0,526.33701991
204700.0,7418809.0,526.210318811
204767.0,7418883.0,526.989684544
204824.0,7418965.0,527.556971521
204882.0,7419047.0,528.297144233
204940.0,7419128.0,525.289516724
205028.0,7419167.0,523.325943355
205125.0,7419176.0,524.37006335
205222.0,7419151.0,525.159400739
205318.0,7419126.0,525.645947098
205415.0,7419100.0,526.315235047
205512.0,7419075.0,526.944886732
205608.0,7419046.0,527.546157681
205702.0,7419015.0,528.114283793
205797.0,7418983.0,528.368868484
205893.0,7418986.0,529.124457816
205990.0,7419012.0,529.866985263
206076.0,7418990.0,529.675237509
206145.0,7418918.0,527.082994656
206211.0,7418844.0,526.225073989
206269.0,7418771.0,525.696264722
206367.0,7418751.0,526.194060312
206374.0,7418665.0,525.785566513
206336.0,7418575.0,525.863101952
206268.0,7418502.0,526.95902514
206309.0,7418444.0,528.724415541
206404.0,7418412.0,532.465374613
206461.0,7418343.0,532.832202406
206483.0,7418245.0,527.629999627
206536.0,7418162.0,524.294356029
206594.0,7418080.0,524.56568562
206622.0,7417984.0,523.852668875
206649.0,7417888.0,523.441799835
206696.0,7417802.0,524.237474176
206764.0,7417730.0,528.915815006
206851.0,7417685.0,537.978841034
206951.0,7417686.0,552.490777888
207051.0,7417686.0,560.854032353
207148.0,7417676.0,552.820661626
207242.0,7417698.0,548.663404572
207334.0,7417738.0,545.699975976
207432.0,7417754.0,541.884096295
207531.0,7417768.0,538.51084098
207630.0,7417782.0,528.318980939
207729.0,7417795.0,519.678702495
207796.0,7417849.0,518.317589419
207801.0,7417949.0,520.91065731
207810.0,7418048.0,521.340232496
207830.0,7418144.0,523.410731304
207929.0,7418150.0,518.822594601
208029.0,7418150.0,515.506236161
208129.0,7418150.0,516.085409204
208229.0,7418149.0,516.837025484
208328.0,7418154.0,518.720175168
208417.0,7418199.0,520.119002077
208506.0,7418245.0,517.971540891
208562.0,7418324.0,517.84883823
208611.0,7418411.0,515.959602246
208593.0,7418507.0,513.169356018
208566.0,7418603.0,511.85080424
208549.0,7418699.0,511.748777475
208609.0,7418779.0,511.936661871
208659.0,7418860.0,511.936292517
208610.0,7418947.0,514.304257097
208590.0,7419040.0,516.943821146
208608.0,7419138.0,518.971134042
208696.0,7419186.0,517.651440414
208785.0,7419232.0,513.906809866
208785.0,7419314.0,513.599140125
208704.0,7419372.0,516.620631565
208637.0,7419445.0,519.706325808
208576.0,7419525.0,522.342902935
208536.0,7419616.0,521.651341201
208577.0,7419697.0,518.112494782
208646.0,7419770.0,518.218451138
208714.0,7419843.0,515.589360439
208743.0,7419919.0,514.934676021
208686.0,7420001.0,513.893995673
208588.0,7420021.0,514.117211563
208490.0,7420040.0,514.176590124
208447.0,7420107.0,516.232321901
208507.0,7420185.0,514.745730254
208577.0,7420256.0,514.348750777
208646.0,7420328.0,510.492341833
208563.0,7420381.0,513.138255933
208498.0,7420456.0,513.191517536
208405.0,7420475.0,512.374142268
208314.0,7420446.0,514.53239265
208230.0,7420391.0,516.770313887
208147.0,7420341.0,518.44766617
208054.0,7420322.0,520.195194586
207957.0,7420341.0,520.56726868
207860.0,7420366.0,519.343053303
207783.0,7420417.0,517.524919511
207741.0,7420508.0,515.696707224
207755.0,7420600.0,515.607707648
207796.0,7420691.0,514.306644101
207837.0,7420782.0,510.528770321
207850.0,7420874.0,507.496357262
207797.0,7420956.0,507.193168365
207727.0,7421028.0,509.056841395
207685.0,7421111.0,510.26474339
207686.0,7421211.0,507.343976021
207696.0,7421311.0,505.01492495
207696.0,7421408.0,503.170278955
207654.0,7421498.0,501.661817966
207611.0,7421589.0,500.886742846
207569.0,7421679.0,500.331679092
207526.0,7421770.0,499.895985702
207525.0,7421864.0,499.114420067
207560.0,7421955.0,500.783941023
207644.0,7422005.0,497.473280625
207706.0,7421928.0,497.586647139
207778.0,7421859.0,497.914152995
207852.0,7421795.0,499.761351299
207942.0,7421752.0,501.545053241
208032.0,7421708.0,502.764245841
208123.0,7421666.0,502.657762071
208217.0,7421631.0,502.329266122
208310.0,7421596.0,501.900598881
208410.0,7421595.0,500.370642329
208508.0,7421585.0,499.769424683
208537.0,7421490.0,500.778632405
208565.0,7421394.0,500.585187655
208592.0,7421298.0,500.742832201
208595.0,7421203.0,501.351687751
208546.0,7421116.0,502.744075432
208498.0,7421029.0,504.002222658
208449.0,7420941.0,505.372580732
208495.0,7420854.0,506.08614009
208587.0,7420829.0,505.816056035
208672.0,7420850.0,505.633262447
208711.0,7420942.0,504.162807296
208750.0,7421033.0,502.525079812
208769.0,7421129.0,501.278066429
208715.0,7421213.0,500.589228351
208664.0,7421298.0,500.052851093
208654.0,7421398.0,499.551992767
208644.0,7421498.0,499.569729381
208660.0,7421596.0,498.311014891
208724.0,7421664.0,495.832002849
208700.0,7421756.0,494.55941955
208615.0,7421803.0,494.347399572
208518.0,7421830.0,494.481417503
208423.0,7421859.0,494.666049963
208336.0,7421908.0,494.670384351
208248.0,7421957.0,494.863409398
208161.0,7422005.0,495.439802676
208074.0,7422054.0,495.524147376
207977.0,7422058.0,495.724364303
207878.0,7422062.0,496.315052516
207780.0,7422085.0,496.540875386
207697.0,7422125.0,496.580859445
207678.0,7422224.0,496.205151661
207659.0,7422322.0,495.58796824
207622.0,7422414.0,494.990923178
207579.0,7422504.0,494.514095604
207536.0,7422595.0,494.290010109
207515.0,7422691.0,494.438633391
207504.0,7422791.0,494.405054692
207494.0,7422890.0,493.091531234
207454.0,7422981.0,492.900483022
207411.0,7423072.0,491.433701635
207375.0,7423165.0,490.691640476
207339.0,7423258.0,490.190181446
207267.0,7423328.0,490.304041175
207196.0,7423398.0,489.506533041
207105.0,7423431.0,488.988975017
207007.0,7423450.0,488.698631797
206917.0,7423415.0,489.648001252
206865.0,7423333.0,491.037622777
206821.0,7423243.0,492.754616407
206800.0,7423146.0,493.734554752
206794.0,7423047.0,495.108419042
206757.0,7422961.0,496.097648886
206686.0,7422891.0,496.33616456
206587.0,7422884.0,497.571961479
206505.0,7422930.0,499.349968297
206443.0,7423006.0,499.219888932
206409.0,7423100.0,496.146343426
206374.0,7423194.0,494.770021345
206334.0,7423285.0,493.780992217
206281.0,7423370.0,492.996212023
206228.0,7423455.0,492.285891289
206130.0,7423441.0,493.331840008
206126.0,7423345.0,494.994924706
206127.0,7423245.0,496.242906505
206073.0,7423167.0,496.967660599
205997.0,7423106.0,497.440325654
205898.0,7423112.0,497.122994865
205807.0,7423153.0,496.274351172
205717.0,7423136.0,496.337924548
205658.0,7423059.0,498.017638441
205610.0,7422971.0,499.741940295
205562.0,7422884.0,499.659104217
205515.0,7422796.0,499.483264126
205457.0,7422715.0,499.724388198
205385.0,7422646.0,499.680311011
205312.0,7422577.0,497.361952731
205256.0,7422500.0,497.114546339
205268.0,7422402.0,498.495940823
205300.0,7422307.0,500.000411718
205312.0,7422212.0,500.654500102
205321.0,7422124.0,500.516690353
205384.0,7422046.0,500.542630105
205453.0,7421974.0,500.607287603
205533.0,7421915.0,501.251632126
205614.0,7421856.0,502.297734029
205695.0,7421797.0,503.629535003
205776.0,7421738.0,504.458205994
205850.0,7421671.0,505.104969071
205922.0,7421602.0,505.756622664
205994.0,7421533.0,506.660086452
206079.0,7421480.0,507.853866811
206165.0,7421429.0,509.098418502
206253.0,7421381.0,510.398047045
206340.0,7421332.0,511.305623197
206398.0,7421256.0,511.021914964
206438.0,7421164.0,509.794878379
206396.0,7421085.0,508.685838395
206321.0,7421019.0,508.139749474
206242.0,7420958.0,508.281620066
206163.0,7420896.0,507.413727418
206084.0,7420834.0,507.83430502
206036.0,7420756.0,508.804875502
206079.0,7420673.0,510.612014256
206149.0,7420602.0,512.129074533
206234.0,7420550.0,513.592747195
206328.0,7420558.0,514.512581414
206424.0,7420583.0,516.423707995
206520.0,7420563.0,517.690190803
206613.0,7420528.0,518.650338471
206699.0,7420481.0,517.835677723
206768.0,7420409.0,516.600100835
206790.0,7420318.0,516.710172276
206772.0,7420223.0,517.334462546
206699.0,7420156.0,518.385562836
206609.0,7420131.0,517.883822701
206509.0,7420140.0,517.087570595
206410.0,7420150.0,515.86039807
206313.0,7420144.0,514.924325285
206221.0,7420105.0,516.287663825
206131.0,7420110.0,516.330858435
206048.0,7420166.0,515.965025001
206001.0,7420254.0,513.566504909
205956.0,7420343.0,511.555466475
205892.0,7420404.0,509.922427852
205792.0,7420413.0,509.196937626
205692.0,7420416.0,509.200309695
205592.0,7420420.0,509.490601749
205509.0,7420468.0,509.217260172
205434.0,7420533.0,508.32343894
205346.0,7420568.0,507.914848902
205246.0,7420571.0,507.684296237
205157.0,7420605.0,507.628417662
205078.0,7420666.0,507.376207823
204994.0,7420710.0,507.717749264
204895.0,7420699.0,509.262194954
204829.0,7420635.0,510.454929803
204791.0,7420545.0,509.212601817
204780.0,7420445.0,508.947941548
204768.0,7420346.0,510.487841456
204757.0,7420247.0,511.791559487
204753.0,7420147.0,512.144783298
204766.0,7420048.0,512.818155351
204776.0,7419949.0,514.022714023
204704.0,7419880.0,512.961038546
204621.0,7419829.0,513.298231752
204524.0,7419807.0,513.42531931
204446.0,7419749.0,514.860002528
204375.0,7419678.0,514.647769411
204305.0,7419607.0,515.430833476
204234.0,7419537.0,515.888978719
204194.0,7419447.0,517.16213611
204184.0,7419348.0,517.952794941
204157.0,7419257.0,518.207723753
204083.0,7419190.0,518.243247784
203990.0,7419172.0,518.565210113
203904.0,7419209.0,518.920800497
203835.0,7419281.0,520.147326384
203833.0,7419378.0,521.087249345
203843.0,7419478.0,521.766619325
203822.0,7419572.0,522.869667891
203781.0,7419664.0,525.241114999
203833.0,7419742.0,533.836920744
203908.0,7419807.0,530.50948809
203984.0,7419872.0,521.968164152
204058.0,7419939.0,521.115793902
204137.0,7420000.0,525.413974956
204221.0,7420054.0,525.037517061
204307.0,7420104.0,520.309419042
204405.0,7420127.0,515.469086603
204497.0,7420153.0,513.645826854
204496.0,7420252.0,512.953746924
204470.0,7420348.0,513.083063782
204518.0,7420434.0,511.864154466
204556.0,7420524.0,510.457312447
204559.0,7420624.0,509.816336345
204563.0,7420723.0,508.649718021
204599.0,7420815.0,508.286620553
204644.0,7420904.0,505.373741172
204573.0,7420963.0,504.712060893
204485.0,7420918.0,504.883064028
204421.0,7420851.0,506.561224524
204390.0,7420755.0,508.262969546
204348.0,7420669.0,508.806187385
204256.0,7420629.0,510.223338767
204159.0,7420624.0,511.212243222
204059.0,7420635.0,511.638308701
203964.0,7420620.0,512.686858228
203872.0,7420580.0,514.695447282
203779.0,7420563.0,515.547049843
203689.0,7420606.0,515.55105641
203622.0,7420675.0,514.780485478
203571.0,7420761.0,512.761649022
203520.0,7420847.0,512.368187503
203547.0,7420937.0,511.063650147
203605.0,7421018.0,509.115771041
203610.0,7421085.0,508.242059815
203511.0,7421070.0,509.002357675
203412.0,7421054.0,509.340725593
203313.0,7421058.0,509.517116536
203213.0,7421069.0,509.607981544
203114.0,7421080.0,509.84727801
203033.0,7421034.0,510.205337304
202972.0,7420955.0,511.756472567
202895.0,7420891.0,512.184680053
202814.0,7420832.0,513.322196759
202733.0,7420773.0,512.819610507
202652.0,7420714.0,512.899552805
202572.0,7420655.0,513.453115294
202502.0,7420584.0,516.096461393
202433.0,7420512.0,514.79742838
202363.0,7420440.0,517.728085847
202294.0,7420368.0,516.3390621
202240.0,7420293.0,517.785847719
202281.0,7420202.0,522.287339306
202321.0,7420110.0,523.869729592
202357.0,7420017.0,521.534190271
202397.0,7419926.0,520.816077625
202460.0,7419848.0,522.783612432
202527.0,7419778.0,524.723893294
202625.0,7419755.0,525.056544665
202722.0,7419733.0,528.922713933
202794.0,7419677.0,531.30014491
202835.0,7419585.0,528.061123063
202842.0,7419491.0,526.55084315
202817.0,7419394.0,525.000018413
202771.0,7419313.0,524.730754735
202679.0,7419273.0,524.452944287
202587.0,7419260.0,524.345530966
202503.0,7419315.0,523.967035688
202421.0,7419371.0,524.904107721
202352.0,7419443.0,527.320528588
202290.0,7419520.0,525.323277809
202241.0,7419608.0,523.294896741
202181.0,7419687.0,523.30331027
202118.0,7419765.0,521.33823525
202049.0,7419838.0,520.749859617
201981.0,7419911.0,521.215751977
201980.0,7420008.0,519.882459476
201940.0,7420078.0,519.252757866
201850.0,7420118.0,520.32145019
201798.0,7420204.0,522.33478803
201789.0,7420290.0,525.187883874
201855.0,7420365.0,532.175906595
201937.0,7420419.0,532.004552643
202029.0,7420458.0,525.185335424
202125.0,7420455.0,520.149712076
202172.0,7420543.0,522.844384536
202216.0,7420633.0,525.566592515
202263.0,7420721.0,524.68747619
202331.0,7420794.0,524.845724505
202399.0,7420867.0,530.411405691
202468.0,7420941.0,522.040706749
202533.0,7421015.0,515.856212359
202544.0,7421115.0,511.618784171
202508.0,7421200.0,510.782671736
202428.0,7421258.0,509.923360295
202335.0,7421292.0,509.551824466
202238.0,7421319.0,509.267358315
202141.0,7421342.0,509.535935858
202042.0,7421353.0,510.157765241
201942.0,7421364.0,510.425592138
201855.0,7421323.0,511.948051382
201770.0,7421270.0,512.95509439
201686.0,7421216.0,513.688742897
201597.0,7421193.0,513.099156446
201505.0,7421232.0,512.2110319
201413.0,7421270.0,511.695076346
201313.0,7421281.0,512.130519701
201236.0,7421235.0,513.364444009
201169.0,7421160.0,514.440643877
201102.0,7421087.0,515.995868506
201015.0,7421037.0,516.841220251
200928.0,7420987.0,517.178477631
200838.0,7420960.0,517.783797476
200743.0,7420992.0,517.664683102
200648.0,7421024.0,518.077164194
200553.0,7421045.0,519.315529782
200456.0,7421021.0,520.345286278
200359.0,7420997.0,519.772099682
200259.0,7421005.0,519.390410427
200215.0,7420928.0,519.986872097
200194.0,7420831.0,522.333532876
200150.0,7420744.0,523.197949516
200086.0,7420666.0,522.673404063
200131.0,7420583.0,525.199488801
200189.0,7420501.0,527.340516697
200232.0,7420416.0,526.761421343
200178.0,7420332.0,525.962820318
200116.0,7420254.0,525.638641972
200066.0,7420167.0,525.930021977
199991.0,7420102.0,527.690543232
199926.0,7420030.0,528.498013118
199893.0,7419936.0,529.603282334
199897.0,7419841.0,532.805894594
199971.0,7419774.0,535.642002841
200047.0,7419709.0,535.583689953
200141.0,7419676.0,534.078395607
200236.0,7419643.0,532.913500798
200332.0,7419617.0,532.355870231
200429.0,7419592.0,533.062397472
200526.0,7419568.0,533.503774214
200557.0,7419503.0,534.958084601
200494.0,7419431.0,536.544527259
200394.0,7419430.0,537.627253819
200294.0,7419429.0,538.91889012
200194.0,7419429.0,538.314306778
200094.0,7419429.0,538.103294303
199997.0,7419455.0,538.622230585
199901.0,7419481.0,538.025949778
199806.0,7419511.0,536.699713191
199717.0,7419557.0,535.781383844
199628.0,7419604.0,537.9775354
199537.0,7419642.0,537.148653884
199439.0,7419659.0,535.459882075
199340.0,7419651.0,534.935239659
199240.0,7419651.0,537.680581357
199156.0,7419597.0,542.397349688
199066.0,7419553.0,550.453271687
198985.0,7419498.0,546.695696491
198936.0,7419411.0,549.288989368
198886.0,7419325.0,553.361317305
198806.0,7419264.0,555.23901113
198765.0,7419178.0,557.20640853
198739.0,7419081.0,570.23980762
198670.0,7419025.0,575.873696294
198573.0,7419003.0,576.508053545
198482.0,7419027.0,572.62857841
198398.0,7419080.0,562.969479203
198313.0,7419133.0,565.881132747
198216.0,7419146.0,565.398910971
198116.0,7419147.0,566.181858219
198034.0,7419104.0,569.254198654
197961.0,7419035.0,570.018544437
197889.0,7418966.0,573.667871666
197795.0,7418936.0,581.541977547
197722.0,7418962.0,590.016364554
197721.0,7419062.0,584.360878747
197721.0,7419162.0,572.434772629
197720.0,7419262.0,563.76911821
197702.0,7419359.0,560.82214192
197635.0,7419433.0,556.413528993
197601.0,7419525.0,553.217312825
197614.0,7419616.0,550.92828788
197669.0,7419700.0,547.57171013
197718.0,7419784.0,546.861002802
197669.0,7419862.0,546.655744205
197577.0,7419900.0,543.999506477
197478.0,7419910.0,542.370478646
197380.0,7419903.0,543.710499697
197289.0,7419863.0,544.551664317
197192.0,7419837.0,547.441342544
197102.0,7419863.0,548.529437775
197061.0,7419932.0,547.14047436
197133.0,7420002.0,545.282795176
197204.0,7420072.0,546.111044717
197290.0,7420116.0,551.611634738
197388.0,7420137.0,549.229619829
197485.0,7420158.0,546.649094232
197583.0,7420179.0,546.276537815
197677.0,7420211.0,547.44750116
197765.0,7420258.0,546.890010354
197853.0,7420305.0,545.219620254
197941.0,7420353.0,542.812680117
198029.0,7420400.0,543.425969132
198104.0,7420465.0,539.268514049
198134.0,7420535.0,534.744730627
198050.0,7420584.0,534.483592491
197955.0,7420614.0,535.560507318
197861.0,7420649.0,536.217395068
197798.0,7420715.0,534.988023527
197771.0,7420812.0,535.072707457
197796.0,7420897.0,536.544751666
197866.0,7420968.0,536.24090449
197937.0,7421038.0,535.224664789
197997.0,7421111.0,529.911945212
197956.0,7421202.0,528.02433904
197887.0,7421275.0,527.372073306
197818.0,7421348.0,525.864903945
197730.0,7421325.0,526.252118778
197637.0,7421289.0,526.538265384
197538.0,7421300.0,526.469599915
197468.0,7421367.0,526.881370369
197405.0,7421445.0,525.597301253
197328.0,7421503.0,523.182937383
197231.0,7421529.0,522.115757261
197134.0,7421555.0,521.455568838
197048.0,7421606.0,521.44236586
196962.0,7421656.0,521.601384288
196876.0,7421707.0,520.809484224
196787.0,7421751.0,519.273936178
196690.0,7421776.0,517.752262487
196592.0,7421793.0,517.81331332
196492.0,7421797.0,518.713101699
196394.0,7421812.0,517.907241283
196299.0,7421841.0,517.784719556
196203.0,7421871.0,518.219616019
196107.0,7421900.0,517.637629761
196011.0,7421895.0,517.614404852
195937.0,7421827.0,520.751394657
195860.0,7421765.0,521.957628445
195766.0,7421730.0,518.90262348
195682.0,7421677.0,520.087762592
195594.0,7421634.0,520.845686354
195495.0,7421645.0,521.619327405
195432.0,7421722.0,521.758622469
195376.0,7421804.0,521.842086961
195423.0,7421890.0,521.98673356
195479.0,7421973.0,528.037400397
195578.0,7421990.0,526.054503498
195675.0,7422010.0,520.701379447
195679.0,7422088.0,517.043221241
195619.0,7422167.0,514.893039594
195539.0,7422212.0,514.031085676
195447.0,7422250.0,512.855552494
195354.0,7422288.0,512.373444041
195265.0,7422333.0,511.897615334
195176.0,7422378.0,511.483089805
195083.0,7422416.0,511.426677075
194990.0,7422453.0,510.908694802
194891.0,7422466.0,511.818829459
194792.0,7422479.0,512.452121184
194693.0,7422493.0,512.74490644
194602.0,7422480.0,512.353879659
194514.0,7422434.0,514.172336132
194433.0,7422375.0,515.998719466
194352.0,7422316.0,516.000398356
194263.0,7422298.0,517.244910377
194168.0,7422329.0,518.670862468
194071.0,7422336.0,516.988093906
193972.0,7422323.0,518.228295577
193880.0,7422285.0,521.836903663
193787.0,7422247.0,523.421871122
193694.0,7422282.0,521.649862003
193599.0,7422297.0,522.030575395
193500.0,7422281.0,521.924541763
193400.0,7422277.0,522.772281389
193301.0,7422272.0,523.655454881
193205.0,7422251.0,524.263074447
193115.0,7422207.0,525.222564384
193019.0,7422196.0,526.283559117
192930.0,7422240.0,532.764240651
192887.0,7422326.0,530.17293581
192900.0,7422422.0,526.902323923
192972.0,7422493.0,527.040054771
192886.0,7422534.0,528.868800694
192796.0,7422578.0,528.034417987
192706.0,7422617.0,526.903374697
192622.0,7422565.0,531.240093934
192532.0,7422525.0,532.742879497
192475.0,7422605.0,533.101164061
192489.0,7422701.0,526.211555221
192499.0,7422788.0,523.34103291
192434.0,7422862.0,523.192467887
192466.0,7422954.0,523.600087518
192564.0,7422968.0,527.333655209
192662.0,7422950.0,529.602994496
192760.0,7422939.0,529.630051165
192859.0,7422955.0,525.828574638
192938.0,7423009.0,524.531089361
193016.0,7423068.0,516.212983219
192975.0,7423126.0,516.347393683
192888.0,7423174.0,521.122850197
192800.0,7423223.0,528.080335548
192712.0,7423270.0,528.882679615
192616.0,7423298.0,529.247689993
192520.0,7423325.0,526.157223564
192424.0,7423353.0,525.287889191
192338.0,7423402.0,525.140651421
192257.0,7423461.0,525.108830916
192176.0,7423520.0,527.490484942
192096.0,7423579.0,529.814541631
192015.0,7423637.0,528.368529321
191934.0,7423696.0,520.927571692
191842.0,7423688.0,525.04113088
191745.0,7423663.0,524.018624467
191646.0,7423673.0,516.42790301
191589.0,7423748.0,517.889033351
191544.0,7423837.0,518.910377895
191500.0,7423927.0,520.272094735
191433.0,7424000.0,521.343224841
191363.0,7424072.0,520.418518677
191292.0,7424143.0,519.67005659
191228.0,7424219.0,518.540540497
191146.0,7424257.0,518.123582794
191046.0,7424258.0,518.271294092
190949.0,7424238.0,520.068246124
190852.0,7424212.0,522.046016604
190763.0,7424234.0,521.628474057
190683.0,7424293.0,520.397953776
190594.0,7424329.0,521.973312018
190505.0,7424303.0,522.796218983
190405.0,7424296.0,520.078946646
190324.0,7424351.0,518.893991461
190244.0,7424407.0,520.208751665
190146.0,7424426.0,524.627464173
190049.0,7424412.0,527.713463704
189953.0,7424383.0,526.845673252
189858.0,7424355.0,528.681252595
189769.0,7424384.0,527.582798997
189686.0,7424440.0,527.916409024
189660.0,7424530.0,525.698318549
189652.0,7424630.0,524.287706629
189615.0,7424713.0,522.975361148
189533.0,7424770.0,525.712347831
189446.0,7424817.0,529.451129859
189352.0,7424851.0,529.062176745
189258.0,7424885.0,527.619266578
189164.0,7424919.0,526.205710311
189074.0,7424963.0,524.705640254
189001.0,7425022.0,517.884175282
188916.0,7425068.0,515.289252506
188846.0,7425139.0,513.806703278
188776.0,7425211.0,512.740750276
188685.0,7425199.0,514.576752111
188587.0,7425208.0,511.236427771
188519.0,7425275.0,510.570350939
188435.0,7425319.0,510.379782871
188343.0,7425358.0,511.217115271
188249.0,7425392.0,511.452369798
188153.0,7425416.0,512.063299388
188054.0,7425431.0,512.886926688
187955.0,7425446.0,513.274829049
187863.0,7425483.0,512.805868707
187767.0,7425505.0,515.175017534
187668.0,7425518.0,522.42273961
187577.0,7425558.0,523.131132747
187502.0,7425617.0,515.035103524
187466.0,7425710.0,510.634967683
187414.0,7425790.0,509.754517804
187326.0,7425837.0,509.036366639
187230.0,7425817.0,512.01611178
187133.0,7425791.0,510.354865167
187049.0,7425829.0,509.100901847
186974.0,7425895.0,513.956987585
186898.0,7425960.0,522.340332167
186805.0,7425996.0,511.245586043
186712.0,7426032.0,512.072448114
186619.0,7426069.0,519.214062484
186524.0,7426101.0,514.401005177
186487.0,7426178.0,508.782594996
186487.0,7426278.0,493.450509118
186487.0,7426378.0,491.17488941
186487.0,7426478.0,490.315019043
186487.0,7426578.0,489.599397087
186487.0,7426678.0,489.266972434
186487.0,7426778.0,489.039377608
186487.0,7426878.0,488.959043365
186487.0,7426978.0,488.845336505
186487.0,7427078.0,488.766655375
186487.0,7427178.0,488.821727623
186487.0,7427278.0,488.52667492
186487.0,7427378.0,487.817563756
186487.0,7427478.0,487.851455936
186487.0,7427578.0,487.773371139
186487.0,7427678.0,487.725745203
186487.0,7427778.0,487.663651644
186487.0,7427878.0,487.241758275
186487.0,7427978.0,487.04356358
186487.0,7428078.0,487.301476989
186487.0,7428178.0,487.053058842
186487.0,7428278.0,486.501991263
186487.0,7428378.0,486.493848442
186487.0,7428478.0,487.221650977
186487.0,7428578.0,488.366651895
186487.0,7428678.0,489.330807324
186487.0,7428778.0,491.033103061
186487.0,7428878.0,491.75910097
186487.0,7428978.0,492.158031362
186487.0,7429078.0,493.729500465
186487.0,7429178.0,497.572168572
186533.0,7429228.0,502.590137376
186574.0,7429137.0,502.303153865
186615.0,7429045.0,501.34972015
186655.0,7428954.0,498.745767259
186696.0,7428863.0,496.938110844
186742.0,7428774.0,495.598828371
186794.0,7428689.0,495.35652364
186845.0,7428603.0,496.680767501
186902.0,7428522.0,496.537803742
186983.0,7428463.0,496.423161521
187076.0,7428441.0,497.581660763
187176.0,7428438.0,499.534203933
187276.0,7428435.0,500.935084969
187376.0,7428431.0,504.386224261
187456.0,7428373.0,504.771687612
187535.0,7428311.0,504.498959564
187614.0,7428249.0,503.655917724
187666.0,7428166.0,502.876084863
187711.0,7428077.0,501.713419357
187756.0,7427987.0,498.843250367
187839.0,7427944.0,498.493763315
187931.0,7427984.0,500.882988894
188023.0,7428023.0,504.382504187
188104.0,7427974.0,503.728594228
188179.0,7427909.0,500.609816667
188264.0,7427908.0,502.956432836
188325.0,7427986.0,507.663690622
188387.0,7428065.0,513.446863948
188449.0,7428144.0,511.910169739
188533.0,7428197.0,512.625957828
188618.0,7428249.0,514.705141193
188704.0,7428302.0,515.185947254
188789.0,7428354.0,511.073485844
188862.0,7428421.0,504.971795812
188933.0,7428492.0,506.585054474
189004.0,7428562.0,504.947064638
189076.0,7428631.0,501.665741986
189155.0,7428693.0,502.220422142
189234.0,7428755.0,505.310285015
189312.0,7428816.0,505.165336135
189391.0,7428878.0,503.948707113
189442.0,7428950.0,502.696977102
189423.0,7429049.0,503.825947276
189432.0,7429142.0,503.672331336
189486.0,7429227.0,503.330830766
189571.0,7429271.0,502.688316022
189667.0,7429300.0,500.291054892
189760.0,7429335.0,497.354805569
189828.0,7429401.0,494.747680801
189807.0,7429477.0,494.751304291
189727.0,7429536.0,495.69943345
189668.0,7429617.0,494.990199022
189612.0,7429699.0,493.734971887
189590.0,7429786.0,491.632478846
189637.0,7429874.0,489.67673701
189663.0,7429970.0,490.640210506
189710.0,7430055.0,491.119009265
189775.0,7430130.0,490.135252761
189837.0,7430209.0,488.687219193
189886.0,7430293.0,486.883671849
189865.0,7430391.0,487.413722706
189844.0,7430488.0,487.58251827
189870.0,7430581.0,486.40762901
189876.0,7430673.0,485.673310558
189843.0,7430768.0,485.821252509
189862.0,7430866.0,484.7507414
189923.0,7430944.0,482.894514611
189974.0,7431019.0,481.500628966
189900.0,7431080.0,481.414685589
189803.0,7431056.0,482.394200639
189703.0,7431050.0,483.369413631
189605.0,7431036.0,485.147898986
189513.0,7430997.0,487.180055844
189426.0,7431020.0,487.232622806
189347.0,7431082.0,487.764996996
189303.0,7431163.0,487.7091754
189296.0,7431263.0,486.165370114
189288.0,7431362.0,484.365332687
189248.0,7431454.0,483.190074009
189181.0,7431526.0,482.71442834
189082.0,7431531.0,484.291871588
189007.0,7431495.0,485.004713319
188966.0,7431405.0,489.842839174
188889.0,7431342.0,489.49580062
188796.0,7431325.0,488.067712108
188696.0,7431334.0,488.342012558
188604.0,7431362.0,487.044551945
188532.0,7431431.0,486.237168451
188459.0,7431500.0,485.109016131
188379.0,7431558.0,483.54733941
188321.0,7431485.0,485.434976946
188264.0,7431402.0,486.980260212
188206.0,7431322.0,488.537963329
188109.0,7431297.0,489.297130169
188013.0,7431270.0,488.790607494
187926.0,7431222.0,489.588673908
187838.0,7431175.0,489.124147124
187744.0,7431206.0,489.394976989
187651.0,7431242.0,488.78719263
187556.0,7431272.0,488.477860254
187476.0,7431333.0,487.859386434
187420.0,7431407.0,487.00240173
187421.0,7431507.0,486.392798904
187421.0,7431607.0,486.055820833
187422.0,7431707.0,485.102728662
187422.0,7431807.0,484.313542878
187360.0,7431883.0,484.962031442
187274.0,7431933.0,485.84752099
187182.0,7431965.0,486.757172298
187082.0,7431970.0,488.435966184
186982.0,7431975.0,489.220816875
186882.0,7431983.0,489.634882381
186783.0,7431992.0,489.71051263
186685.0,7432006.0,488.197221468
186635.0,7432093.0,486.996508133
186585.0,7432180.0,486.201454955
186491.0,7432198.0,489.574442619
186487.0,7432297.0,486.12986844
186487.0,7432397.0,485.059165827
186487.0,7432497.0,483.635889175
186487.0,7432597.0,482.186280425
186487.0,7432697.0,480.000373019
186487.0,7432797.0,479.033030665
186487.0,7432897.0,479.010168337
186487.0,7432997.0,478.344416167
186487.0,7433097.0,477.937646351
186487.0,7433197.0,475.842687867
186487.0,7433297.0,475.738941843
186487.0,7433397.0,476.706504584
186487.0,7433497.0,475.799919396
186487.0,7433597.0,478.098188558
186487.0,7433697.0,479.401620558
186487.0,7433797.0,480.4882897
186487.0,7433897.0,480.651226965
186487.0,7433997.0,480.233027422
186487.0,7434097.0,479.760240817
186487.0,7434197.0,480.41540849
186487.0,7434297.0,479.996563548
186487.0,7434397.0,480.204931427
186487.0,7434497.0,480.267777518
186487.0,7434597.0,480.152861712
186487.0,7434697.0,479.663155576
186487.0,7434797.0,479.738146515
186487.0,7434897.0,479.646772834
186487.0,7434997.0,480.02683778
186487.0,7435097.0,480.037810047
186487.0,7435197.0,479.372100588
186487.0,7435297.0,479.248407166
186487.0,7435397.0,478.924258503
186487.0,7435497.0,478.835897922
186487.0,7435597.0,478.741672751
186487.0,7435697.0,478.531077454
186487.0,7435797.0,478.375266759
186487.0,7435897.0,478.300810342
186558.0,7435936.0,477.9988603
186658.0,7435936.0,477.899786313
186758.0,7435936.0,478.535881889
186858.0,7435936.0,477.924790905
186958.0,7435936.0,477.866656833
187058.0,7435936.0,477.96519764
187158.0,7435936.0,477.943651339
187258.0,7435936.0,477.736624915
187358.0,7435936.0,478.535040398
187458.0,7435936.0,478.228343242
187558.0,7435936.0,478.138957751
187658.0,7435936.0,478.205355165
187758.0,7435936.0,477.897167756
187858.0,7435936.0,477.73362527
187958.0,7435936.0,477.068748863
188058.0,7435936.0,476.734604934
188158.0,7435936.0,476.490897697
188258.0,7435936.0,476.57163203
188358.0,7435936.0,475.962025846
188458.0,7435936.0,475.873929994
188558.0,7435936.0,476.233794024
188658.0,7435936.0,475.790975415
188758.0,7435936.0,475.600890764
188858.0,7435936.0,475.345938208
188958.0,7435936.0,475.014239371
189058.0,7435936.0,474.874613835
189158.0,7435936.0,474.886280904
189258.0,7435936.0,474.800306167
189358.0,7435936.0,474.599945345
189458.0,7435936.0,474.484880243
189558.0,7435936.0,474.156648621
189658.0,7435936.0,474.013855273
189758.0,7435936.0,473.808941418
189858.0,7435936.0,473.605813894
189958.0,7435936.0,473.249809166
190058.0,7435936.0,472.820087179
190158.0,7435936.0,472.644034207
190258.0,7435936.0,472.760605793
190358.0,7435936.0,472.556429371
190458.0,7435936.0,472.347339105
190558.0,7435936.0,472.626108215
190658.0,7435936.0,472.239293903
190758.0,7435936.0,471.719225598
190858.0,7435936.0,471.560612161
190958.0,7435936.0,471.653832419
191058.0,7435936.0,471.30143402
191158.0,7435936.0,471.537365938
191258.0,7435936.0,470.671866817
191358.0,7435936.0,470.444277189
191458.0,7435936.0,470.378117466
191558.0,7435936.0,470.355743063
191658.0,7435936.0,470.110639564
191758.0,7435936.0,470.051603016
191858.0,7435936.0,471.087875525
191958.0,7435936.0,470.091968621
192058.0,7435936.0,469.456858201
192158.0,7435936.0,469.658925767
192258.0,7435936.0,469.293551201
192358.0,7435936.0,469.105088196
192458.0,7435936.0,468.947999833
192558.0,7435936.0,469.077519427
192658.0,7435936.0,468.996619231
192758.0,7435936.0,468.864559671
192858.0,7435936.0,468.875789106
192958.0,7435936.0,468.828549456
193058.0,7435936.0,468.919155513
193158.0,7435936.0,468.814628549
193258.0,7435936.0,468.882854314
193358.0,7435936.0,469.30438579
193458.0,7435936.0,468.560057131
193558.0,7435936.0,468.524255168
193658.0,7435936.0,468.336857088
193758.0,7435936.0,468.13945493
193858.0,7435936.0,467.992395609
193958.0,7435936.0,468.498476007
194058.0,7435936.0,468.245692449
194158.0,7435936.0,467.809491585
194258.0,7435936.0,467.594444593
194358.0,7435936.0,467.599201413
194458.0,7435936.0,467.499979615
194558.0,7435936.0,467.38429048
194658.0,7435936.0,467.22287622
194758.0,7435936.0,467.182288041
194858.0,7435936.0,467.034142221
194958.0,7435936.0,466.634166828
195058.0,7435936.0,466.113846443
195158.0,7435936.0,466.112924198
195258.0,7435936.0,466.151791817
195358.0,7435936.0,465.996048622
195458.0,7435936.0,465.842812042
195558.0,7435936.0,465.844359359
195658.0,7435936.0,465.674970784
195758.0,7435936.0,466.030883959
195858.0,7435936.0,465.995654019
195958.0,7435936.0,465.773324847
196058.0,7435936.0,465.87438481
196158.0,7435936.0,465.557079531
196258.0,7435936.0,465.901626706
196358.0,7435936.0,466.043949879
196458.0,7435936.0,465.707119007
196558.0,7435936.0,465.531742408
196658.0,7435936.0,465.439356935
196758.0,7435936.0,465.018382056
196858.0,7435936.0,464.758635803
196958.0,7435936.0,463.077588066
197058.0,7435936.0,461.810167158
197158.0,7435936.0,461.630555302
197258.0,7435936.0,461.356846681
197358.0,7435936.0,459.968815319
197458.0,7435936.0,459.486390045
197558.0,7435936.0,459.435552349
197658.0,7435936.0,461.595694911
197758.0,7435936.0,463.056753599
197858.0,7435936.0,463.744384844
197958.0,7435936.0,464.284921878
198058.0,7435936.0,464.527208926
198158.0,7435936.0,464.363670521
198258.0,7435936.0,463.760174176
198358.0,7435936.0,463.549994996
198458.0,7435936.0,463.320692668
198558.0,7435936.0,462.668969204
198658.0,7435936.0,462.377506766
198758.0,7435936.0,462.056976496
198858.0,7435936.0,462.354467285
198958.0,7435936.0,462.22232502
199058.0,7435936.0,462.151857084
199158.0,7435936.0,462.457703344
199258.0,7435936.0,462.587840897
199358.0,7435936.0,462.636846955
199458.0,7435936.0,462.469902513
199558.0,7435936.0,462.315565637
199658.0,7435936.0,462.362096685
199758.0,7435936.0,462.207319819
199858.0,7435936.0,462.272764992
199958.0,7435936.0,462.332850433
200058.0,7435936.0,461.865023498
200158.0,7435936.0,461.818100025
200258.0,7435936.0,461.509806732
200358.0,7435936.0,460.98695029
200458.0,7435936.0,460.769284889
200558.0,7435936.0,460.635585097
200658.0,7435936.0,461.041047483
200758.0,7435936.0,461.268668674
200858.0,7435936.0,461.114825577
200958.0,7435936.0,460.731421611
201058.0,7435936.0,460.895008435
201158.0,7435936.0,461.513520931
201258.0,7435936.0,461.096201632
201358.0,7435936.0,460.837021962
201458.0,7435936.0,460.528169073
201558.0,7435936.0,460.134031893
201658.0,7435936.0,460.298873431
201758.0,7435936.0,459.823311082
201858.0,7435936.0,459.845869455
201958.0,7435936.0,459.634093314
202058.0,7435936.0,459.42463457
202158.0,7435936.0,459.544268026
202258.0,7435936.0,459.521028631
202358.0,7435936.0,459.540365973
202458.0,7435936.0,459.522424123
202558.0,7435936.0,459.361675212
202658.0,7435936.0,459.339993767
202758.0,7435936.0,459.621468116
202858.0,7435936.0,459.608176024
202958.0,7435936.0,459.498004174
203058.0,7435936.0,459.652767438
203158.0,7435936.0,459.948415588
203258.0,7435936.0,460.383166184
203358.0,7435936.0,460.025226762
203458.0,7435936.0,459.84744391
203558.0,7435936.0,459.645523961
203658.0,7435936.0,459.640260377
203758.0,7435936.0,459.580130734
203858.0,7435936.0,459.641969384
203958.0,7435936.0,459.510993806
204058.0,7435936.0,459.391555589
204158.0,7435936.0,459.242827431
204258.0,7435936.0,459.125409293
204358.0,7435936.0,459.314602761
204458.0,7435936.0,459.419623112
204558.0,7435936.0,459.440258189
204658.0,7435936.0,459.321008482
204758.0,7435936.0,459.372014929
204858.0,7435936.0,459.43122025
204958.0,7435936.0,459.099497052
205058.0,7435936.0,459.374351848
205158.0,7435936.0,459.337160012
205258.0,7435936.0,459.232321042
205358.0,7435936.0,459.448962988
205458.0,7435936.0,459.663355841
205558.0,7435936.0,459.656367778
205658.0,7435936.0,460.289122073
205758.0,7435936.0,461.404907158
205858.0,7435936.0,462.292364774
205958.0,7435936.0,463.256255801
206058.0,7435936.0,464.261414886
206158.0,7435936.0,464.350946085
206258.0,7435936.0,462.654144401
206358.0,7435936.0,461.561470767
206458.0,7435936.0,461.004459226
206558.0,7435936.0,460.675263662
206658.0,7435936.0,460.622494148
206758.0,7435936.0,460.722973453
206858.0,7435936.0,460.739259954
206958.0,7435936.0,460.976041496
207058.0,7435936.0,460.995735305
207158.0,7435936.0,460.507046467
207258.0,7435936.0,460.282654409
207358.0,7435936.0,460.201274005
207458.0,7435936.0,460.268367904
207558.0,7435936.0,460.253937935
207658.0,7435936.0,460.225971654
207758.0,7435936.0,460.908813173
207858.0,7435936.0,460.692137506
207958.0,7435936.0,460.931974706
208058.0,7435936.0,461.230200839
208158.0,7435936.0,461.320757044
208258.0,7435936.0,461.095442219
208358.0,7435936.0,461.504021343
208458.0,7435936.0,461.623927249
208558.0,7435936.0,461.609486151
208658.0,7435936.0,461.530671341
208758.0,7435936.0,461.56041398
208858.0,7435936.0,461.792319701
208958.0,7435936.0,462.056283103
209058.0,7435936.0,462.336277214
209158.0,7435936.0,462.409441112
209258.0,7435936.0,462.433615004
209358.0,7435936.0,461.848165126
209458.0,7435936.0,462.053180369
209558.0,7435936.0,462.111560468
209658.0,7435936.0,461.776994335
209758.0,7435936.0,461.334103966
209858.0,7435936.0,461.300827257
209958.0,7435936.0,461.154535607
210058.0,7435936.0,461.273045179
210158.0,7435936.0,461.353080567
210258.0,7435936.0,461.505823558
210358.0,7435936.0,461.816729992
210458.0,7435936.0,462.078667268
210558.0,7435936.0,462.182049416
210658.0,7435936.0,462.360484877
210758.0,7435936.0,462.512348473
210858.0,7435936.0,462.887554949
210958.0,7435936.0,462.947621815
211058.0,7435936.0,462.975873462
211158.0,7435936.0,463.048542317
211258.0,7435936.0,463.111086817
211358.0,7435936.0,463.26882455
211458.0,7435936.0,463.475347159
211558.0,7435936.0,463.691877743
211658.0,7435936.0,464.149596162
211758.0,7435936.0,464.290774739
211858.0,7435936.0,464.087581089
211958.0,7435936.0,463.668376727
212058.0,7435936.0,464.943795305
212158.0,7435936.0,464.35042471
212258.0,7435936.0,464.138252777
212358.0,7435936.0,464.052170592
212458.0,7435936.0,463.717043757
212558.0,7435936.0,463.529198442
212658.0,7435936.0,463.628189694
212758.0,7435936.0,463.453770774
212858.0,7435936.0,463.086401437
212958.0,7435936.0,462.948294154
213058.0,7435936.0,462.872845933
213158.0,7435936.0,462.642675826
213258.0,7435936.0,462.616677659
213358.0,7435936.0,462.585154599
213458.0,7435936.0,462.717802598
213558.0,7435936.0,462.69330985
213658.0,7435936.0,462.756213451
213758.0,7435936.0,463.043558464
213858.0,7435936.0,462.846471539
213958.0,7435936.0,463.134207161
214058.0,7435936.0,463.148461485
214158.0,7435936.0,463.161887849
214258.0,7435936.0,463.665884191
214358.0,7435936.0,464.046147294
214458.0,7435936.0,463.706090501
214558.0,7435936.0,463.923562135
214658.0,7435936.0,464.153264867
214758.0,7435936.0,464.287343175
214858.0,7435936.0,464.312281242
214958.0,7435936.0,464.832245971
215058.0,7435936.0,465.05118121
215158.0,7435936.0,465.162433601
215258.0,7435936.0,465.363750136
215358.0,7435936.0,466.252844202
215458.0,7435936.0,465.653087016
215558.0,7435936.0,465.439177689
215658.0,7435936.0,465.19793167
215758.0,7435936.0,465.17307551
215858.0,7435936.0,465.360175513
215958.0,7435936.0,465.335785528
216058.0,7435936.0,465.277663912
216158.0,7435936.0,465.319202489
216258.0,7435936.0,464.7546529
216358.0,7435936.0,464.396874572
216458.0,7435936.0,464.586460335
216558.0,7435936.0,464.276587963
216658.0,7435936.0,464.283224561
216758.0,7435936.0,464.098173964
216858.0,7435936.0,463.989754144
216958.0,7435936.0,463.891859584
217058.0,7435936.0,463.676118921
217158.0,7435936.0,463.161643938
217258.0,7435936.0,463.435356332
217358.0,7435936.0,463.609840265
217458.0,7435936.0,463.522517245
217558.0,7435936.0,463.221945525
217658.0,7435936.0,463.480210651
217758.0,7435936.0,463.424187134
217858.0,7435936.0,463.51311703
217958.0,7435936.0,463.600234428
218058.0,7435936.0,463.669035308
218158.0,7435936.0,463.51804805
218258.0,7435936.0,464.10889639
218358.0,7435936.0,464.244779007
218458.0,7435936.0,464.253933222
218558.0,7435936.0,464.419089419
218658.0,7435936.0,464.644520468
218758.0,7435936.0,465.165518495
218858.0,7435936.0,465.093010234
218958.0,7435936.0,465.136196737
219058.0,7435936.0,465.258295052
219158.0,7435936.0,465.299694685
219258.0,7435936.0,465.114585535
219358.0,7435936.0,465.282883412
219458.0,7435936.0,465.651537805
219558.0,7435936.0,465.745428034
219658.0,7435936.0,465.784985822
219758.0,7435936.0,466.119622746
219858.0,7435936.0,466.180905579
219958.0,7435936.0,466.178490584
220058.0,7435936.0,466.157576622
220158.0,7435936.0,466.018119194
220258.0,7435936.0,466.104259805
220358.0,7435936.0,466.118145933
220458.0,7435936.0,466.094054671
220558.0,7435936.0,466.262422719
220658.0,7435936.0,466.513762755
220758.0,7435936.0,466.615773141
220858.0,7435936.0,466.699363342
220958.0,7435936.0,466.824902717
221058.0,7435936.0,467.418350203
221158.0,7435936.0,467.234960945
221258.0,7435936.0,467.178548982
221358.0,7435936.0,467.429879593
221458.0,7435936.0,467.477669942
221558.0,7435936.0,467.38219165
221658.0,7435936.0,467.484783356
221758.0,7435936.0,467.706494282
221858.0,7435936.0,467.805398605
221958.0,7435936.0,467.863878605
222058.0,7435936.0,467.935505691
222158.0,7435936.0,468.231804097
222258.0,7435936.0,468.487910295
222358.0,7435936.0,468.537036355
222458.0,7435936.0,468.550167239
222558.0,7435936.0,468.308913494
222658.0,7435936.0,468.347693046
222758.0,7435936.0,468.422808658
222858.0,7435936.0,468.539718625
222958.0,7435936.0,468.57316071
223058.0,7435936.0,468.628061512
223158.0,7435936.0,468.518252875
223258.0,7435936.0,468.301814446
223358.0,7435936.0,468.332586158
223458.0,7435936.0,468.478384608
223558.0,7435936.0,468.778210534
223658.0,7435936.0,469.11467501
223758.0,7435936.0,469.087557017
223858.0,7435936.0,468.602615546
223958.0,7435936.0,468.363334964
224058.0,7435936.0,468.244431791
224158.0,7435936.0,468.107359549
224258.0,7435936.0,467.657422478
224358.0,7435936.0,467.727417314
224458.0,7435936.0,467.788299408
224558.0,7435936.0,467.838368452
224658.0,7435936.0,467.969911821
224758.0,7435936.0,468.061385596
224858.0,7435936.0,468.036085365
224958.0,7435936.0,467.913579642
225058.0,7435936.0,467.776002999
225158.0,7435936.0,467.754514048
225258.0,7435936.0,467.75952489
225358.0,7435936.0,467.052523469
225458.0,7435936.0,467.810089145
225558.0,7435936.0,467.636345643
225658.0,7435936.0,467.647293444
225758.0,7435936.0,467.610998029
225858.0,7435936.0,467.423753343
225958.0,7435936.0,467.112313938
226058.0,7435936.0,467.264435081
226158.0,7435936.0,467.219939152
226258.0,7435936.0,467.176190349
226358.0,7435936.0,467.421325701
226458.0,7435936.0,467.350512616
226558.0,7435936.0,466.940211121
226658.0,7435936.0,467.078578282
226758.0,7435936.0,466.865088217
226858.0,7435936.0,466.718895593
226958.0,7435936.0,467.005714474
227058.0,7435936.0,467.177704223
227158.0,7435936.0,467.4115578
227258.0,7435936.0,467.233854406
227358.0,7435936.0,467.254403225
227458.0,7435936.0,467.141811585
227558.0,7435936.0,467.653574048
227658.0,7435936.0,467.624425732
227758.0,7435936.0,467.7902977
227858.0,7435936.0,467.750022435
227958.0,7435936.0,467.742244893
228058.0,7435936.0,467.9075575
228158.0,7435936.0,467.383317611
228258.0,7435936.0,467.799027012
228358.0,7435936.0,467.809441472
228458.0,7435936.0,467.722230871
228558.0,7435936.0,467.551228903
228658.0,7435936.0,467.711030001
228758.0,7435936.0,467.449251822
228858.0,7435936.0,467.265311987
228958.0,7435936.0,467.605915121
229058.0,7435936.0,467.876095046
229158.0,7435936.0,467.720230197
229258.0,7435936.0,467.606917012
229358.0,7435936.0,467.894663978
229458.0,7435936.0,468.151159995
229558.0,7435936.0,468.163969281
229658.0,7435936.0,468.234626703
229758.0,7435936.0,468.578119209
229858.0,7435936.0,468.948034206
229958.0,7435936.0,468.942885246
230058.0,7435936.0,468.946398688
230158.0,7435936.0,469.013880939
230258.0,7435936.0,469.195196927
230358.0,7435936.0,469.404550795
230458.0,7435936.0,468.901048944
230558.0,7435936.0,468.851163072
230658.0,7435936.0,468.86431996
230758.0,7435936.0,468.844291617
230858.0,7435936.0,468.407808998
230958.0,7435936.0,468.605806186
231058.0,7435936.0,468.633030677
231158.0,7435936.0,468.577347945
231258.0,7435936.0,468.670963167
231358.0,7435936.0,468.952274937
231458.0,7435936.0,468.620990585
231558.0,7435936.0,468.95741076
231658.0,7435936.0,468.80572206
231758.0,7435936.0,468.727047077
231858.0,7435936.0,468.671159103
231958.0,7435936.0,469.065028166
232058.0,7435936.0,469.017782333
232158.0,7435936.0,469.233914928
232258.0,7435936.0,469.355921388
232358.0,7435936.0,469.369384357
232458.0,7435936.0,469.361836535
232558.0,7435936.0,469.314545776
232658.0,7435936.0,469.498993761
232758.0,7435936.0,469.712666183
232858.0,7435936.0,469.787290361
232958.0,7435936.0,469.182281894
233058.0,7435936.0,469.053304887
233158.0,7435936.0,469.424114677
233258.0,7435936.0,469.419802396
233358.0,7435936.0,469.349158926
233458.0,7435936.0,469.261572414
233558.0,7435936.0,469.330425275
233658.0,7435936.0,469.319143596
233758.0,7435936.0,469.119201228
233858.0,7435936.0,469.153277705
233958.0,7435936.0,469.338009546
234058.0,7435936.0,469.645063628
234158.0,7435936.0,469.248520488
234258.0,7435936.0,469.250303173
234358.0,7435936.0,469.188739822
234458.0,7435936.0,469.262848743
234558.0,7435936.0,469.373425641
234658.0,7435936.0,469.449929305
234758.0,7435936.0,469.811622218
234858.0,7435936.0,469.864153348
234958.0,7435936.0,470.101515067
235058.0,7435936.0,470.235404788
235158.0,7435936.0,470.380188765
235258.0,7435936.0,470.517032435
235358.0,7435936.0,470.42933786
235458.0,7435936.0,470.231679427
235558.0,7435936.0,470.46211673
235658.0,7435936.0,470.525051335
235758.0,7435936.0,470.245556236
235858.0,7435936.0,470.353341137
235958.0,7435936.0,469.966290468
236058.0,7435936.0,470.185356134
236158.0,7435936.0,470.18027763
236258.0,7435936.0,470.282453613
236358.0,7435936.0,470.006361556
236458.0,7435936.0,470.17335238
236558.0,7435936.0,470.038999394
236658.0,7435936.0,469.967595467
236758.0,7435936.0,469.846317728
236858.0,7435936.0,469.961690131
236958.0,7435936.0,470.06476645
237058.0,7435936.0,470.233928118
237158.0,7435936.0,470.457277147
237258.0,7435936.0,470.571464393
237358.0,7435936.0,470.755548431
237458.0,7435936.0,470.650926836
237558.0,7435936.0,470.550347898
237658.0,7435936.0,470.486003721
237758.0,7435936.0,470.32593609
237858.0,7435936.0,470.249050793
237958.0,7435936.0,470.318652908
238058.0,7435936.0,469.718493359
238158.0,7435936.0,470.009281178
238258.0,7435936.0,469.972914379
238358.0,7435936.0,469.811937383
238458.0,7435936.0,469.676047715
238558.0,7435936.0,469.647344634
238658.0,7435936.0,469.519583129
238758.0,7435936.0,469.190454542
238858.0,7435936.0,468.997384247
238958.0,7435936.0,469.004024674
239058.0,7435936.0,469.250759774
239158.0,7435936.0,468.753088561
239258.0,7435936.0,469.001449179
239358.0,7435936.0,468.758613681
239458.0,7435936.0,468.82567096
239558.0,7435936.0,468.904967583
239658.0,7435936.0,468.971276616
239758.0,7435936.0,469.063609074
239858.0,7435936.0,469.048027007
239958.0,7435936.0,469.024698753
240058.0,7435936.0,468.809392747
240158.0,7435936.0,468.570644276
240258.0,7435936.0,468.681953723
240358.0,7435936.0,468.759661168
240458.0,7435936.0,468.498696418
240558.0,7435936.0,468.315555376
240658.0,7435936.0,468.257276246
240758.0,7435936.0,468.069910006
240858.0,7435936.0,468.237896665
240958.0,7435936.0,468.328113135
241058.0,7435936.0,468.318329736
241158.0,7435936.0,468.369864146
241258.0,7435936.0,468.476857078
241358.0,7435936.0,468.334598725
241458.0,7435936.0,468.119643317
241558.0,7435936.0,468.157820616
241658.0,7435936.0,468.079916127
241758.0,7435936.0,467.976125916
241858.0,7435936.0,468.211068042
241958.0,7435936.0,468.06025441
242058.0,7435936.0,468.065192536
242158.0,7435936.0,468.231792501
242258.0,7435936.0,468.454206702
242358.0,7435936.0,468.437448605
242458.0,7435936.0,468.673734165
242558.0,7435936.0,468.727873061
242658.0,7435936.0,468.597064732
242758.0,7435936.0,468.254895801
242858.0,7435936.0,468.600134457
242958.0,7435936.0,468.691342994
243058.0,7435936.0,469.001048506
243158.0,7435936.0,469.183199908
243258.0,7435936.0,469.062414673
243358.0,7435936.0,469.089875734
243458.0,7435936.0,469.06340682
243558.0,7435936.0,468.920628091
243658.0,7435936.0,469.040008677
243758.0,7435936.0,469.031237656
243858.0,7435936.0,469.403106897
243958.0,7435936.0,469.704996723
244058.0,7435936.0,469.532064094
244158.0,7435936.0,469.634456194
244258.0,7435936.0,469.721102435
244358.0,7435936.0,470.554257255
244458.0,7435936.0,471.610313033
244532.0,7435896.0,471.374443911
244618.0,7435854.0,471.394706521
244683.0,7435778.0,471.096155692
244744.0,7435699.0,471.421970646
244806.0,7435621.0,471.451456825
244868.0,7435542.0,471.250262721
244940.0,7435484.0,471.554010587
244940.0,7435584.0,472.839859165
244940.0,7435684.0,474.559968756
244940.0,7435784.0,476.236744894
244940.0,7435884.0,477.194847856
244990.0,7435906.0,479.157506738
244990.0,7435806.0,477.596745838
244990.0,7435706.0,475.568592782
244990.0,7435606.0,473.558325703
244990.0,7435506.0,471.88534016
244990.0,7435406.0,470.929693998
244990.0,7435306.0,470.88343139
244990.0,7435206.0,471.056920924
244990.0,7435106.0,470.578737613
244990.0,7435006.0,470.246561213
244990.0,7434906.0,470.637548515
244990.0,7434806.0,470.708360217
244990.0,7434706.0,471.228523894
244990.0,7434606.0,471.101057142
244990.0,7434506.0,471.434396907
244990.0,7434406.0,471.646311864
244990.0,7434306.0,471.613254346
244990.0,7434206.0,471.660872967
244990.0,7434106.0,471.849290576
244990.0,7434006.0,471.592747532
244990.0,7433906.0,471.855101326
244990.0,7433806.0,472.122510253
244990.0,7433706.0,472.449411927
244990.0,7433606.0,472.528021008
244990.0,7433506.0,472.417205514
244990.0,7433406.0,472.851910667
244990.0,7433306.0,473.017733567
244990.0,7433206.0,473.171294563
244990.0,7433106.0,473.686668529
244990.0,7433006.0,473.396001554
244990.0,7432906.0,473.708158756
244990.0,7432806.0,473.87024959
244990.0,7432706.0,473.98801305
244990.0,7432606.0,474.168017276
244990.0,7432506.0,474.249176143
244990.0,7432406.0,474.331827848
244990.0,7432306.0,474.267741901
244990.0,7432206.0,474.434575121
244990.0,7432106.0,474.69878616
244990.0,7432006.0,474.746773366
244990.0,7431906.0,475.02322803
244990.0,7431806.0,475.307242563
244990.0,7431706.0,475.764546103
244990.0,7431606.0,475.773908575
244990.0,7431506.0,475.736592923
244990.0,7431406.0,476.089792609
244990.0,7431306.0,476.382469983
244990.0,7431206.0,476.482243246
244990.0,7431106.0,476.514175547
244990.0,7431006.0,477.200176564
244990.0,7430906.0,477.19645591
244990.0,7430806.0,476.847767564
244990.0,7430706.0,476.877946275
244990.0,7430606.0,477.475593714
244990.0,7430506.0,477.499508018
244990.0,7430406.0,477.817387603
244990.0,7430306.0,477.73914196
244990.0,7430206.0,477.934515085
244990.0,7430106.0,478.146342062
244990.0,7430006.0,478.292130953
244990.0,7429906.0,478.679929243
244990.0,7429806.0,478.654236886
244990.0,7429706.0,479.021657566
244990.0,7429606.0,479.29574227
244990.0,7429506.0,479.346368969
244990.0,7429406.0,479.864619677
244990.0,7429306.0,480.075623848
244990.0,7429206.0,479.981756129
244990.0,7429106.0,480.405045223
244990.0,7429006.0,480.617702933
244990.0,7428906.0,480.824943184
244990.0,7428806.0,480.873286629
244990.0,7428706.0,481.153722578
244990.0,7428606.0,481.536415173
244990.0,7428506.0,481.64970689
244990.0,7428406.0,482.009083842
244990.0,7428306.0,482.174469758
244990.0,7428206.0,482.150581375
244990.0,7428106.0,482.220580272
244990.0,7428006.0,482.655316362
244990.0,7427906.0,482.860004285
244990.0,7427806.0,482.778909213
244990.0,7427706.0,482.964949705
244990.0,7427606.0,483.543298458
244990.0,7427506.0,483.191784721
244990.0,7427406.0,483.207438044
244990.0,7427306.0,483.596896364
244990.0,7427206.0,483.557233193
244990.0,7427106.0,483.704060124
244990.0,7427006.0,483.964416313
244990.0,7426906.0,484.092349604
244990.0,7426806.0,484.320651153
244990.0,7426706.0,484.553595368
244990.0,7426606.0,484.797685845
244990.0,7426506.0,484.672691185
244990.0,7426406.0,484.89450554
244990.0,7426306.0,485.203674526
244990.0,7426206.0,485.255916328
244990.0,7426106.0,485.78554322
244990.0,7426006.0,486.002751208
244990.0,7425906.0,486.101271338
244990.0,7425806.0,486.298253531
244990.0,7425706.0,486.846149371
244990.0,7425606.0,486.826466067
244990.0,7425506.0,487.135749151
244990.0,7425406.0,487.090881445
244990.0,7425306.0,487.624051092
244990.0,7425206.0,487.950111631
244990.0,7425106.0,488.037880219
244990.0,7425006.0,488.146358359
244990.0,7424906.0,488.423609449
244990.0,7424806.0,488.460244061
244990.0,7424706.0,488.358729343
244990.0,7424606.0,488.771656058
244990.0,7424506.0,488.752911209
244990.0,7424406.0,488.857044071
244990.0,7424306.0,489.048121914
244990.0,7424206.0,488.760054935
244990.0,7424106.0,488.978191873
244990.0,7424006.0,488.814673015
244990.0,7423906.0,489.186339929
244990.0,7423806.0,489.630792058
244990.0,7423706.0,489.586290589
244990.0,7423606.0,489.874503926
244990.0,7423506.0,490.097862709
244990.0,7423406.0,490.356871883
244990.0,7423306.0,490.702264128
244990.0,7423206.0,490.272476085
244990.0,7423106.0,490.628774553
244990.0,7423006.0,490.786748201
244990.0,7422906.0,491.023451822
244990.0,7422806.0,491.144647748
244990.0,7422706.0,491.495069199
244990.0,7422606.0,491.746643425
244990.0,7422506.0,492.017843136
244990.0,7422406.0,492.372102456
244990.0,7422306.0,492.226082563
244990.0,7422206.0,492.408430863
244990.0,7422106.0,492.542020104
244990.0,7422006.0,492.709692662
244990.0,7421906.0,493.287025323
244990.0,7421806.0,493.124854779
244990.0,7421706.0,493.461402168
244990.0,7421606.0,493.612476907
244990.0,7421506.0,493.475432039
244990.0,7421406.0,493.791202338
244990.0,7421306.0,494.004809953
244990.0,7421206.0,494.229305706
244990.0,7421106.0,494.275747745
244990.0,7421006.0,494.526062875
244990.0,7420906.0,494.627429753
244990.0,7420806.0,494.741956861
244990.0,7420706.0,494.751582988
244990.0,7420606.0,495.042112648
244990.0,7420506.0,495.357749273
244990.0,7420406.0,495.342520399
244990.0,7420306.0,495.403842053
244990.0,7420206.0,495.692760309
244990.0,7420106.0,496.256911381
244990.0,7420006.0,496.083271307
244990.0,7419906.0,495.876563466
244990.0,7419806.0,496.009736586
244990.0,7419706.0,496.398449556
244990.0,7419606.0,496.588086408
244990.0,7419506.0,496.881619772
244990.0,7419406.0,496.962085555
244990.0,7419306.0,496.98637338
244990.0,7419206.0,496.610394811
244990.0,7419106.0,496.253838671
244990.0,7419006.0,496.995503972
244990.0,7418906.0,496.987315447
244990.0,7418806.0,496.990333649
244990.0,7418706.0,497.311226216
244990.0,7418606.0,497.635569675
244990.0,7418506.0,498.257690532
244990.0,7418406.0,498.364776702
244990.0,7418306.0,498.760019709
244990.0,7418206.0,499.193730914
244990.0,7418106.0,499.670055434
244990.0,7418006.0,500.426731265
244990.0,7417906.0,500.939798826
244990.0,7417806.0,501.345299388
244990.0,7417706.0,502.622506717
244990.0,7417606.0,505.476529357
244990.0,7417506.0,511.897448799
244990.0,7417406.0,517.242954883
244990.0,7417306.0,520.587414731
244990.0,7417206.0,521.944842997
244990.0,7417106.0,523.200456476
244990.0,7417006.0,524.187858369
244990.0,7416906.0,524.390382627
244990.0,7416806.0,522.010891947
244990.0,7416706.0,517.905694485
244990.0,7416606.0,514.053633586
244990.0,7416506.0,513.539150335
244990.0,7416406.0,512.669327094
244990.0,7416306.0,513.309196695
244990.0,7416206.0,513.841198799
244990.0,7416106.0,515.175050399
244990.0,7416006.0,516.685788842
244990.0,7415906.0,517.914156768
244990.0,7415806.0,519.259953312
244990.0,7415706.0,521.490461559
244990.0,7415606.0,523.68574907
244990.0,7415506.0,525.754420116
244990.0,7415406.0,526.614855983
244990.0,7415306.0,527.065928397
244990.0,7415206.0,526.240259149
244990.0,7415106.0,526.469485074
244990.0,7415006.0,527.416708421
244990.0,7414906.0,528.622811627
244990.0,7414806.0,529.115079971
244990.0,7414706.0,530.139833388
244990.0,7414606.0,533.723562811
244990.0,7414506.0,534.675807588
244990.0,7414406.0,534.968371043
244990.0,7414306.0,535.838388336
244990.0,7414206.0,537.917749141
244990.0,7414106.0,540.086835942
244990.0,7414006.0,538.961416189
244990.0,7413906.0,540.997387523
244990.0,7413806.0,542.266156401
244990.0,7413706.0,547.622870797
244990.0,7413606.0,552.985507166
244990.0,7413506.0,559.208183536
244990.0,7413406.0,560.382949351
244990.0,7413306.0,561.466183842
244990.0,7413206.0,546.862565987
244990.0,7413106.0,541.810894276
244990.0,7413006.0,537.799340744
244990.0,7412906.0,535.704870987
244990.0,7412806.0,533.854745323
244990.0,7412706.0,532.008505433
244990.0,7412606.0,529.940631572
244990.0,7412506.0,528.493874009
244990.0,7412406.0,527.253021654
244990.0,7412306.0,526.412873119
244990.0,7412206.0,526.102209017
244990.0,7412106.0,525.372806967
244990.0,7412006.0,524.781138801
244990.0,7411906.0,524.265991589
244990.0,7411806.0,523.858851017
244990.0,7411706.0,523.531886133
244990.0,7411606.0,522.328057386
244990.0,7411506.0,521.581610428
244990.0,7411406.0,520.830227256
244990.0,7411306.0,520.796082177
244990.0,7411206.0,520.834298247
244990.0,7411106.0,520.645672285
244990.0,7411006.0,520.742554777
244990.0,7410906.0,521.312657939
244990.0,7410806.0,521.303993984
244990.0,7410706.0,521.876577
244990.0,7410606.0,521.675695052
244990.0,7410506.0,521.714815432
244990.0,7410406.0,522.124907677
244990.0,7410306.0,522.34852299
244990.0,7410206.0,522.604803615
244990.0,7410106.0,522.657089067
244990.0,7410006.0,522.858409056
244990.0,7409906.0,522.993618087
244990.0,7409806.0,523.456652313
244990.0,7409706.0,523.661485055
244990.0,7409606.0,523.421492199
244990.0,7409506.0,523.250356663
244990.0,7409406.0,523.500906951
244990.0,7409306.0,523.660409481
244990.0,7409206.0,523.782908995
244990.0,7409106.0,523.937414432
244990.0,7409006.0,524.493968342
244990.0,7408906.0,524.684294394
244990.0,7408806.0,524.303748336
244990.0,7408706.0,524.747007065
244990.0,7408606.0,525.092316458
244990.0,7408506.0,525.178499122
244990.0,7408406.0,525.776688623
244990.0,7408306.0,526.099083097
244990.0,7408206.0,526.537443147
244990.0,7408106.0,527.378553188
244990.0,7408006.0,528.806741702
244990.0,7407906.0,531.022321921
244990.0,7407806.0,533.947523305
244990.0,7407706.0,535.38671057
244990.0,7407606.0,538.152327757
244990.0,7407506.0,537.97177578
244990.0,7407406.0,535.658316916
244990.0,7407306.0,534.418655136
244990.0,7407206.0,533.579756105
244990.0,7407106.0,532.18563065
244990.0,7407006.0,531.12949091
244990.0,7406906.0,530.984328108
244990.0,7406806.0,531.677168831
244990.0,7406706.0,532.488435139
244990.0,7406606.0,532.863375498
244990.0,7406506.0,533.109704359
244990.0,7406406.0,533.423199618
244990.0,7406306.0,533.842714632
244990.0,7406206.0,534.768522498
244990.0,7406106.0,535.585045872
244990.0,7406006.0,536.698512072
244990.0,7405906.0,537.674666771
244990.0,7405806.0,539.257610656
244990.0,7405706.0,540.32995475
244990.0,7405606.0,541.210870056
244990.0,7405506.0,542.87203452
244990.0,7405406.0,544.144118546
244990.0,7405306.0,545.328613958
244990.0,7405206.0,546.168473797
244990.0,7405106.0,546.455916905
244956.0,7405032.0,546.319286497
244940.0,7405125.0,545.253481366
244940.0,7405225.0,545.247497491
244940.0,7405325.0,544.541051184
244940.0,7405425.0,543.565829616
244940.0,7405525.0,542.61511355
244940.0,7405625.0,540.914651271
244940.0,7405725.0,540.335566377
244940.0,7405825.0,539.314155322
244940.0,7405925.0,537.85264952
244940.0,7406025.0,536.512940807
244845.0,7406035.0,536.420508131
244782.0,7405985.0,536.863452463
244749.0,7405891.0,537.800571282
244772.0,7405796.0,538.754299523
244803.0,7405701.0,539.455937342
244799.0,7405602.0,540.062960174
244772.0,7405511.0,540.998543719
244694.0,7405448.0,541.462867953
244602.0,7405430.0,541.004103957
244507.0,7405451.0,540.400614956
244443.0,7405527.0,539.861440695
244400.0,7405613.0,539.718365218
244400.0,7405713.0,539.092500086
244400.0,7405813.0,538.514255167
244399.0,7405913.0,538.169844046
244399.0,7406013.0,537.987439187
244378.0,7406110.0,537.962645448
244361.0,7406208.0,537.271816917
244369.0,7406308.0,536.299610409
244377.0,7406408.0,535.442764857
244384.0,7406508.0,535.00570382
244335.0,7406588.0,534.981975138
244269.0,7406663.0,534.916535437
244202.0,7406738.0,534.724375298
244102.0,7406738.0,534.155959763
244003.0,7406731.0,533.722308946
243936.0,7406695.0,533.725405111
243955.0,7406596.0,534.673697908
243970.0,7406499.0,535.20710434
243972.0,7406401.0,535.383923077
243931.0,7406317.0,535.350531787
243848.0,7406262.0,535.243872258
243761.0,7406252.0,535.16200439
243676.0,7406306.0,534.845841682
243617.0,7406380.0,534.334134353
243581.0,7406474.0,533.536175789
243546.0,7406567.0,533.500263846
243510.0,7406661.0,533.325099349
243460.0,7406743.0,533.026678388
243382.0,7406806.0,531.91848863
243298.0,7406857.0,531.216295598
243200.0,7406877.0,531.57474269
243110.0,7406914.0,531.797425421
243031.0,7406976.0,532.565039422
242988.0,7407059.0,533.967037989
242972.0,7407158.0,535.534647139
242993.0,7407252.0,535.306957164
243032.0,7407344.0,532.234756864
243028.0,7407431.0,530.802858009
242970.0,7407513.0,530.809029417
242919.0,7407597.0,530.481106111
242929.0,7407697.0,528.029096256
242904.0,7407785.0,526.834040214
242836.0,7407858.0,526.021340725
242753.0,7407910.0,525.299442684
242662.0,7407953.0,524.786029326
242571.0,7407947.0,524.548870586
242478.0,7407908.0,524.429559638
242385.0,7407872.0,524.661075574
242297.0,7407835.0,524.485099221
242223.0,7407778.0,524.601372053
242216.0,7407679.0,524.861530415
242208.0,7407579.0,525.578286643
242255.0,7407492.0,525.389391096
242274.0,7407398.0,525.460287446
242265.0,7407299.0,526.233823883
242271.0,7407200.0,526.735576349
242301.0,7407110.0,526.968049901
242401.0,7407103.0,530.033668646
242501.0,7407097.0,536.308550707
242589.0,7407063.0,539.646041836
242656.0,7406990.0,532.469524321
242699.0,7406900.0,530.079992929
242735.0,7406807.0,528.953005053
242666.0,7406736.0,527.223645489
242588.0,7406675.0,527.041080071
242490.0,7406659.0,527.54157727
242427.0,7406616.0,527.473885699
242437.0,7406516.0,527.191543271
242482.0,7406427.0,527.504525981
242528.0,7406338.0,528.30403421
242573.0,7406249.0,528.617506555
242619.0,7406160.0,528.914306864
242682.0,7406086.0,529.36691186
242772.0,7406047.0,530.193991152
242870.0,7406025.0,531.185124958
242950.0,7405979.0,531.655233997
242990.0,7405888.0,531.255939848
242994.0,7405799.0,531.099393431
242927.0,7405724.0,530.411281749
242876.0,7405643.0,530.275245201
242870.0,7405544.0,530.270722309
242841.0,7405453.0,530.05994159
242772.0,7405381.0,530.032652158
242703.0,7405308.0,530.08094361
242686.0,7405221.0,529.968077782
242753.0,7405153.0,530.16343473
242833.0,7405093.0,530.884481224
242853.0,7405003.0,531.10679579
242845.0,7404904.0,530.444247456
242853.0,7404806.0,531.232353908
242883.0,7404711.0,531.628981154
242874.0,7404611.0,530.970930109
242876.0,7404515.0,531.060361855
242943.0,7404441.0,531.450769043
243010.0,7404367.0,531.843435998
243028.0,7404274.0,531.825637965
242990.0,7404189.0,531.003752383
242911.0,7404128.0,531.208676472
242823.0,7404081.0,531.391693674
242840.0,7403988.0,531.793796801
242854.0,7403889.0,532.003699154
242859.0,7403789.0,532.019968709
242888.0,7403702.0,532.408624463
242971.0,7403649.0,533.426819141
243064.0,7403612.0,533.962353298
243157.0,7403575.0,534.530909781
243237.0,7403519.0,534.820901193
243302.0,7403443.0,534.900647945
243376.0,7403377.0,534.829009955
243458.0,7403321.0,534.985459687
243532.0,7403257.0,534.984604889
243558.0,7403161.0,534.466586244
243571.0,7403062.0,534.025739072
243552.0,7402966.0,534.060814353
243507.0,7402877.0,534.494007871
243482.0,7402784.0,535.143692439
243496.0,7402685.0,535.294254388
243510.0,7402586.0,535.301059497
243526.0,7402488.0,535.278263346
243564.0,7402395.0,535.394661407
243621.0,7402317.0,535.736952807
243713.0,7402291.0,536.473153974
243813.0,7402286.0,537.263247808
243909.0,7402271.0,537.072976802
243977.0,7402197.0,536.796232478
244012.0,7402106.0,536.907051805
244055.0,7402018.0,537.426385931
244116.0,7401938.0,537.955217911
244176.0,7401858.0,538.335486142
244195.0,7401773.0,538.155868081
244140.0,7401690.0,537.976442422
244077.0,7401612.0,537.167866031
244079.0,7401527.0,537.39403468
244122.0,7401437.0,537.842350263
244166.0,7401347.0,538.049592273
244248.0,7401326.0,538.650632321
244344.0,7401351.0,539.475918155
244436.0,7401390.0,540.255030772
244528.0,7401428.0,540.733991727
244616.0,7401402.0,540.894929642
244698.0,7401344.0,540.797912687
244728.0,7401259.0,540.715431016
244714.0,7401162.0,540.632428072
244651.0,7401084.0,540.081398394
244579.0,7401015.0,538.901734722
244507.0,7400945.0,538.943296747
244442.0,7400873.0,538.800719712
244435.0,7400773.0,538.62198401
244427.0,7400673.0,538.898387835
244420.0,7400573.0,538.957243302
244448.0,7400488.0,539.127076164
244531.0,7400431.0,540.074121104
244613.0,7400375.0,540.699161801
244630.0,7400284.0,540.420047713
244605.0,7400188.0,539.700272775
244565.0,7400096.0,539.372272628
244561.0,7400010.0,539.594520275
244626.0,7399934.0,540.371715985
244709.0,7399939.0,541.23154874
244801.0,7399979.0,541.864771537
244877.0,7400043.0,541.637347887
244940.0,7400115.0,541.935330254
244940.0,7400215.0,541.935980712
244940.0,7400315.0,541.779179908
244940.0,7400415.0,541.709091479
244940.0,7400515.0,541.895688616
244940.0,7400615.0,542.595812035
244940.0,7400715.0,542.511882217
244940.0,7400815.0,542.72938978
244940.0,7400915.0,542.961613459
244940.0,7401015.0,543.089419005
244940.0,7401115.0,543.108993172
244940.0,7401215.0,542.791178768
244940.0,7401315.0,542.349585119
244944.0,7401414.0,542.30934554
244990.0,7401364.0,542.578788067
244990.0,7401264.0,542.853985367
244990.0,7401164.0,543.250586591
244990.0,7401064.0,543.593824629
244990.0,7400964.0,543.524770423
244990.0,7400864.0,543.343495357
244990.0,7400764.0,542.986294415
244990.0,7400664.0,542.728188688
244990.0,7400564.0,542.439816546
244990.0,7400464.0,542.350896764
244990.0,7400364.0,542.353045221
244990.0,7400264.0,542.533391374
244990.0,7400164.0,542.488167089
244990.0,7400064.0,542.533107342
244990.0,7399964.0,543.147377147
244990.0,7399864.0,544.385147852
244990.0,7399764.0,544.868606045
244990.0,7399664.0,545.457300006
244990.0,7399564.0,544.967148773
244990.0,7399464.0,546.337133601
244990.0,7399364.0,546.939776111
244990.0,7399264.0,546.849232987
244990.0,7399164.0,545.130468749
244990.0,7399064.0,546.613572262
244990.0,7398964.0,546.105776452
244990.0,7398864.0,546.166535864
244990.0,7398764.0,547.112276715
244990.0,7398664.0,548.454207053
244990.0,7398564.0,549.443689319
244990.0,7398464.0,547.107654168
244990.0,7398364.0,545.674082877
244990.0,7398264.0,543.180048078
244990.0,7398164.0,543.621913399
244990.0,7398064.0,543.340731011
244990.0,7397964.0,543.80035665
244990.0,7397864.0,543.989813729
244982.0,7397766.0,544.686548409
244884.0,7397759.0,544.237229442
244784.0,7397759.0,544.010810758
244684.0,7397759.0,544.195543489
244584.0,7397759.0,544.212696813
244484.0,7397759.0,544.512185395
244384.0,7397759.0,544.673063647
244284.0,7397759.0,544.094278402
244184.0,7397759.0,544.835692016
244084.0,7397759.0,545.845148466
243984.0,7397759.0,547.875915261
243884.0,7397759.0,549.632729937
243784.0,7397759.0,549.393287143
243684.0,7397759.0,550.265643156
243584.0,7397759.0,550.274769922
243484.0,7397759.0,549.440726783
243384.0,7397759.0,548.818131176
243284.0,7397759.0,548.308436809
243184.0,7397759.0,546.828939997
243084.0,7397759.0,543.811119797
242984.0,7397759.0,543.910361662
242884.0,7397759.0,544.50200229
242784.0,7397759.0,543.873269293
242684.0,7397759.0,544.20151814
242584.0,7397759.0,544.252166846
242484.0,7397759.0,544.859438677
242384.0,7397759.0,545.223651802
242284.0,7397759.0,545.482147103
242184.0,7397759.0,545.775927997
242084.0,7397759.0,546.34860913
241984.0,7397759.0,547.49030808
241884.0,7397759.0,548.376329661
241784.0,7397759.0,549.195850963
241684.0,7397759.0,549.643023414
241584.0,7397759.0,550.244857155
241484.0,7397759.0,550.211455448
241384.0,7397759.0,550.193207625
241284.0,7397759.0,550.554601554
241184.0,7397759.0,551.003192294
241084.0,7397759.0,551.1062847
240984.0,7397759.0,551.455329502
240884.0,7397759.0,551.91221322
240784.0,7397759.0,551.853804694
240684.0,7397759.0,552.444298122
240584.0,7397759.0,553.540048994
240484.0,7397759.0,553.698369529
240384.0,7397759.0,554.061807098
240284.0,7397759.0,554.149903457
240184.0,7397759.0,553.725731289
240084.0,7397759.0,552.973507055
239984.0,7397759.0,551.828528129
239884.0,7397759.0,551.241869556
239784.0,7397759.0,551.122837436
239684.0,7397759.0,550.3899765
239584.0,7397759.0,549.670613617
239484.0,7397759.0,549.343267483
239384.0,7397759.0,549.712902414
239284.0,7397759.0,549.619657962
239184.0,7397759.0,549.312406047
239084.0,7397759.0,549.32319245
238984.0,7397759.0,550.841410367
238884.0,7397759.0,552.101531168
238784.0,7397759.0,552.131166525
238684.0,7397759.0,551.661414537
238584.0,7397759.0,551.31370963
238484.0,7397759.0,550.649206698
238384.0,7397759.0,550.312930537
238284.0,7397759.0,550.156692993
238184.0,7397759.0,549.999252408
238084.0,7397759.0,549.745632108
237984.0,7397759.0,549.857983872
237884.0,7397759.0,549.619230242
237784.0,7397759.0,549.748379033
237684.0,7397759.0,550.286608825
237584.0,7397759.0,550.118695967
237484.0,7397759.0,550.608431254
237384.0,7397759.0,551.690817826
237284.0,7397759.0,552.675632437
237184.0,7397759.0,553.290048223
237084.0,7397759.0,553.895491798
236984.0,7397759.0,554.626291024
236884.0,7397759.0,554.766711603
236784.0,7397759.0,554.846775812
236684.0,7397759.0,554.81281836
236584.0,7397759.0,554.840148925
236484.0,7397759.0,554.311327147
236384.0,7397759.0,554.475158842
236284.0,7397759.0,554.246741087
236184.0,7397759.0,553.935321791
236084.0,7397759.0,553.805140162
235984.0,7397759.0,553.405044974
235884.0,7397759.0,553.25738636
235784.0,7397759.0,552.684370635
235684.0,7397759.0,552.059917567
235584.0,7397759.0,551.142212999
235484.0,7397759.0,550.624980092
235384.0,7397759.0,550.275543833
235284.0,7397759.0,549.839379898
235184.0,7397759.0,549.576154126
235084.0,7397759.0,549.523367494
234984.0,7397759.0,549.281697679
234884.0,7397759.0,549.048523284
234784.0,7397759.0,548.853700382
234684.0,7397759.0,548.769296717
234584.0,7397759.0,549.18239482
234484.0,7397759.0,550.171002934
234384.0,7397759.0,550.317519942
234284.0,7397759.0,550.999545996
234184.0,7397759.0,551.273597469
234084.0,7397759.0,551.984785176
233984.0,7397759.0,552.072808566
233884.0,7397759.0,552.635581522
233784.0,7397759.0,552.403214789
233684.0,7397759.0,551.887519354
233584.0,7397759.0,551.321497767
233484.0,7397759.0,550.695399044
233384.0,7397759.0,549.263623831
233284.0,7397759.0,548.450731068
233184.0,7397759.0,548.080030632
233084.0,7397759.0,547.219679924
232984.0,7397759.0,546.915339673
232884.0,7397759.0,546.641618251
232784.0,7397759.0,546.471757198
232684.0,7397759.0,546.729697307
232584.0,7397759.0,547.301362845
232484.0,7397759.0,547.44399697
232384.0,7397759.0,546.582843222
232284.0,7397759.0,546.010181962
232184.0,7397759.0,546.327723781
232084.0,7397759.0,546.40362556
231984.0,7397759.0,545.994173449
231884.0,7397759.0,546.358482966
231784.0,7397759.0,546.953498833
231684.0,7397759.0,547.825066545
231584.0,7397759.0,549.802547289
231484.0,7397759.0,551.490600238
231384.0,7397759.0,550.562589755
231284.0,7397759.0,549.990370767
231184.0,7397759.0,549.882234566
231084.0,7397759.0,550.417164086
230984.0,7397759.0,550.650778007
230884.0,7397759.0,551.244813095
230784.0,7397759.0,551.580316043
230684.0,7397759.0,553.405625226
230584.0,7397759.0,554.863339265
230484.0,7397759.0,556.291874978
230384.0,7397759.0,556.610109986
230284.0,7397759.0,554.736307439
230184.0,7397759.0,553.354464963
230084.0,7397759.0,552.288924142
229984.0,7397759.0,551.428944786
229884.0,7397759.0,550.684288504
229784.0,7397759.0,549.947383054
229684.0,7397759.0,549.406859918
229584.0,7397759.0,548.207220054
229484.0,7397759.0,548.899279336
229384.0,7397759.0,548.582729804
229284.0,7397759.0,546.610754547
229184.0,7397759.0,547.333228466
229084.0,7397759.0,544.965630288
228984.0,7397759.0,544.617949114
228884.0,7397759.0,545.114647199
228784.0,7397759.0,545.369698992
228684.0,7397759.0,545.899579846
228584.0,7397759.0,547.062226246
228484.0,7397759.0,547.754638496
228384.0,7397759.0,548.02653952
228284.0,7397759.0,548.17387826
228184.0,7397759.0,547.293022618
228084.0,7397759.0,546.074369201
227984.0,7397759.0,545.039662728
227884.0,7397759.0,544.731650494
227784.0,7397759.0,544.633623079
227684.0,7397759.0,543.549205591
227584.0,7397759.0,543.343445125
227484.0,7397759.0,543.43740815
227384.0,7397759.0,543.511887198
227284.0,7397759.0,543.786101855
227184.0,7397759.0,544.462282376
227084.0,7397759.0,544.631755839
226984.0,7397759.0,544.459328158
226884.0,7397759.0,544.90038603
226784.0,7397759.0,545.429306601
226684.0,7397759.0,545.798543536
226584.0,7397759.0,546.210578173
226484.0,7397759.0,546.050231162
226384.0,7397759.0,545.596596365
226284.0,7397759.0,544.830074655
226184.0,7397759.0,544.1294431
226084.0,7397759.0,543.56540211
225984.0,7397759.0,542.361265537
225884.0,7397759.0,541.140431513
225784.0,7397759.0,541.190036036
225684.0,7397759.0,541.508286391
225584.0,7397759.0,541.934468339
225484.0,7397759.0,541.942267461
225384.0,7397759.0,541.33059314
225284.0,7397759.0,541.136092343
225184.0,7397759.0,540.811316295
225084.0,7397759.0,540.812219737
224984.0,7397759.0,541.62557766
224884.0,7397759.0,542.982902714
224784.0,7397759.0,544.660287311
224684.0,7397759.0,546.753086858
224584.0,7397759.0,548.32186783
224484.0,7397759.0,548.205905494
224384.0,7397759.0,548.124225961
224284.0,7397759.0,546.572860213
224184.0,7397759.0,546.076608944
224084.0,7397759.0,547.206084966
223984.0,7397759.0,548.136830921
223884.0,7397759.0,547.181479113
223784.0,7397759.0,545.253122063
223684.0,7397759.0,544.233434306
223584.0,7397759.0,544.160127526
223484.0,7397759.0,542.980008833
223384.0,7397759.0,542.510207407
223284.0,7397759.0,542.880146201
223184.0,7397759.0,542.699835965
223084.0,7397759.0,543.414965743
222984.0,7397759.0,544.192225865
222884.0,7397759.0,543.758259431
222784.0,7397759.0,544.339846794
222684.0,7397759.0,543.71982256
222584.0,7397759.0,544.031999886
222484.0,7397759.0,544.28625896
222384.0,7397759.0,544.830203667
222284.0,7397759.0,545.185064096
222184.0,7397759.0,548.005013285
222084.0,7397759.0,563.903008167
221984.0,7397759.0,551.411375053
221884.0,7397759.0,546.661645548
221784.0,7397759.0,547.3599195
221684.0,7397759.0,547.896999741
221584.0,7397759.0,548.197832605
221484.0,7397759.0,548.803299181
221384.0,7397759.0,549.11129378
221284.0,7397759.0,549.712215411
221184.0,7397759.0,550.770531255
221084.0,7397759.0,551.32726814
220984.0,7397759.0,551.824975639
220884.0,7397759.0,552.689416368
220784.0,7397759.0,553.003679606
220684.0,7397759.0,553.336892205
220584.0,7397759.0,553.43671392
220484.0,7397759.0,553.582705785
220384.0,7397759.0,553.415758031
220284.0,7397759.0,552.859646502
220184.0,7397759.0,552.893180217
220084.0,7397759.0,553.385884555
219984.0,7397759.0,553.923314179
219884.0,7397759.0,554.187150583
219784.0,7397759.0,554.753211508
219684.0,7397759.0,554.697193608
219584.0,7397759.0,554.764233313
219484.0,7397759.0,554.983447335
219384.0,7397759.0,555.747878531
219284.0,7397759.0,556.621007307
219184.0,7397759.0,557.330495159
219084.0,7397759.0,558.165730486
218984.0,7397759.0,559.212817203
218884.0,7397759.0,560.745150536
218784.0,7397759.0,561.70424147
218684.0,7397759.0,562.923508855
218584.0,7397759.0,564.37178607
218484.0,7397759.0,565.607209024
218384.0,7397759.0,570.828170291
218284.0,7397759.0,578.802018998
218184.0,7397759.0,581.32913575
218084.0,7397759.0,577.27243453
217984.0,7397759.0,573.394342852
217884.0,7397759.0,575.733574822
217784.0,7397759.0,575.994232959
217684.0,7397759.0,574.916021556
217584.0,7397759.0,581.711248999
217484.0,7397759.0,587.358301417
217384.0,7397759.0,585.153145718
217284.0,7397759.0,577.478296247
217184.0,7397759.0,572.965562229
217084.0,7397759.0,570.432893576
216984.0,7397759.0,568.746127521
216884.0,7397759.0,569.626276162
216784.0,7397759.0,569.960851458
216684.0,7397759.0,570.769385789
216584.0,7397759.0,571.290518223
216484.0,7397759.0,571.514215487
216384.0,7397759.0,575.432765196
216284.0,7397759.0,575.102271997
216184.0,7397759.0,573.37878621
216084.0,7397759.0,573.865843104
215984.0,7397759.0,577.026385346
215884.0,7397759.0,579.629713143
215784.0,7397759.0,580.279960194
215684.0,7397759.0,579.536864175
215584.0,7397759.0,576.885762255
215484.0,7397759.0,575.849243099
215384.0,7397759.0,574.549528463
215284.0,7397759.0,573.178277024
215184.0,7397759.0,573.994143774
215084.0,7397759.0,575.196156467
214984.0,7397759.0,576.659695122
214884.0,7397759.0,575.818535372
214784.0,7397759.0,575.411818373
214684.0,7397759.0,573.945022665
214584.0,7397759.0,573.356163908
214484.0,7397759.0,574.559775619
214384.0,7397759.0,574.878989469
214284.0,7397759.0,569.951235999
214184.0,7397759.0,570.31950922
214084.0,7397759.0,566.277291384
213984.0,7397759.0,566.228831596
213884.0,7397759.0,565.642910903
213784.0,7397759.0,564.946915543
213684.0,7397759.0,564.533960086
213584.0,7397759.0,564.847806637
213484.0,7397759.0,566.104597768
213384.0,7397759.0,567.007541066
213284.0,7397759.0,567.520572712
213184.0,7397759.0,562.75001549
213084.0,7397759.0,559.464171916
212984.0,7397759.0,559.333343385
212884.0,7397759.0,556.858159797
212784.0,7397759.0,556.343408972
212684.0,7397759.0,555.717030451
212584.0,7397759.0,555.678073365
212484.0,7397759.0,555.630028522
212384.0,7397759.0,555.899584216
212284.0,7397759.0,556.264941096
212184.0,7397759.0,557.049011798
212084.0,7397759.0,556.734331647
211984.0,7397759.0,557.133941343
211884.0,7397759.0,556.790161183
211784.0,7397759.0,556.764463266
211684.0,7397759.0,557.465930753
211584.0,7397759.0,558.849733819
211484.0,7397759.0,559.393719771
211384.0,7397759.0,560.284856111
211284.0,7397759.0,561.775775362
211184.0,7397759.0,564.008103626
211084.0,7397759.0,566.445359516
210984.0,7397759.0,562.665843835
210884.0,7397759.0,560.873825412
210784.0,7397759.0,561.380810332
210684.0,7397759.0,561.507337628
210584.0,7397759.0,562.242843276
210484.0,7397759.0,563.249472848
210384.0,7397759.0,564.325472738
210284.0,7397759.0,564.3288922
210184.0,7397759.0,563.720714463
210084.0,7397759.0,563.145502447
209984.0,7397759.0,563.691900835
209884.0,7397759.0,564.505931909
209784.0,7397759.0,565.74925677
209684.0,7397759.0,567.032246137
209584.0,7397759.0,567.249641061
209484.0,7397759.0,568.405485448
209384.0,7397759.0,568.394714134
209284.0,7397759.0,568.748142647
209184.0,7397759.0,569.75826969
209084.0,7397759.0,570.391723942
208984.0,7397759.0,570.815336016
208884.0,7397759.0,570.818418306
208784.0,7397759.0,571.111236062
208684.0,7397759.0,573.041114347
208584.0,7397759.0,572.847805489
208484.0,7397759.0,572.244247627
208384.0,7397759.0,572.640574186
208284.0,7397759.0,573.415813536
208184.0,7397759.0,574.822235453
208084.0,7397759.0,576.125545562
207984.0,7397759.0,576.60274243
207884.0,7397759.0,579.561514345
207784.0,7397759.0,579.425652961
207684.0,7397759.0,580.850803051
207584.0,7397759.0,581.212254071
207484.0,7397759.0,581.784026853
207384.0,7397759.0,582.430830371
207284.0,7397759.0,589.557818475
207184.0,7397759.0,593.105026337
207084.0,7397759.0,593.210736063
206984.0,7397759.0,590.459939792
206884.0,7397759.0,595.157909018
206784.0,7397759.0,594.128230354
206684.0,7397759.0,595.116618046
206584.0,7397759.0,595.428803695
206484.0,7397759.0,594.356659259
206384.0,7397759.0,592.831007591
206284.0,7397759.0,591.661186302
206184.0,7397759.0,591.16621878
206084.0,7397759.0,590.434923567
205984.0,7397759.0,590.443638758
205884.0,7397759.0,590.204618338
205784.0,7397759.0,588.680186113
205684.0,7397759.0,587.997881969
205584.0,7397759.0,587.481273175
205484.0,7397759.0,586.73682487
205384.0,7397759.0,586.377207215
205284.0,7397759.0,586.082653128
205184.0,7397759.0,585.053093672
205084.0,7397759.0,584.940577468
204984.0,7397759.0,584.454835361
204884.0,7397759.0,583.905325191
204784.0,7397759.0,584.073326817
204684.0,7397759.0,583.662290123
204584.0,7397759.0,584.475659446
204484.0,7397759.0,583.878865194
204384.0,7397759.0,582.248708651
204284.0,7397759.0,582.355724985
204184.0,7397759.0,583.992618707
204084.0,7397759.0,584.52147655
203984.0,7397759.0,585.191122844
203884.0,7397759.0,584.09692255
203784.0,7397759.0,583.187450626
203684.0,7397759.0,583.516812683
203584.0,7397759.0,582.632674457
203484.0,7397759.0,581.238001966
203384.0,7397759.0,580.063690175
203284.0,7397759.0,579.089586556
203184.0,7397759.0,577.958341924
203084.0,7397759.0,577.725594675
202984.0,7397759.0,577.918665954
202884.0,7397759.0,578.14194185
202784.0,7397759.0,578.685622483
202684.0,7397759.0,579.239316294
202584.0,7397759.0,578.991413733
202484.0,7397759.0,578.401184394
202384.0,7397759.0,578.173326977
202284.0,7397759.0,577.546464824
202184.0,7397759.0,577.51477058
202084.0,7397759.0,578.167980964
201984.0,7397759.0,579.35763813
201884.0,7397759.0,579.124872044
201784.0,7397759.0,578.308274854
201684.0,7397759.0,577.864804598
201584.0,7397759.0,577.377969602
201484.0,7397759.0,576.048031221
201384.0,7397759.0,575.500017068
201284.0,7397759.0,574.985356224
201184.0,7397759.0,574.860532772
201084.0,7397759.0,575.904528806
200984.0,7397759.0,576.409877609
200884.0,7397759.0,577.366240978
200784.0,7397759.0,577.907400139
200684.0,7397759.0,578.120454671
200584.0,7397759.0,579.593626046
200484.0,7397759.0,580.849861503
200384.0,7397759.0,580.786191812
200284.0,7397759.0,579.746204134
200184.0,7397759.0,577.840007604
200084.0,7397759.0,576.586080966
199984.0,7397759.0,576.127411883
199884.0,7397759.0,575.353910392
199784.0,7397759.0,575.742053654
199684.0,7397759.0,576.505720289
199584.0,7397759.0,576.616888721
199484.0,7397759.0,575.390351689
199384.0,7397759.0,575.347983883
199284.0,7397759.0,575.852090818
199184.0,7397759.0,574.880453591
199084.0,7397759.0,573.442829977
198984.0,7397759.0,572.28882776
198884.0,7397759.0,571.386764381
198784.0,7397759.0,571.695912028
198684.0,7397759.0,571.583316747
198584.0,7397759.0,571.77071045
198484.0,7397759.0,572.314900645
198384.0,7397759.0,572.643474523
198284.0,7397759.0,573.505396034
198184.0,7397759.0,574.256036621
198084.0,7397759.0,574.846070922
197984.0,7397759.0,574.826740066
197884.0,7397759.0,572.963292372
197784.0,7397759.0,572.718080949
197684.0,7397759.0,572.361358163
197584.0,7397759.0,571.54257835
197484.0,7397759.0,572.131942132
197384.0,7397759.0,573.075163211
197284.0,7397759.0,573.378203664
197184.0,7397759.0,573.845789512
197084.0,7397759.0,574.770160988
196984.0,7397759.0,575.769843772
196884.0,7397759.0,581.805370636
196784.0,7397759.0,579.50495043
196684.0,7397759.0,582.520641834
196584.0,7397759.0,588.956948373
196484.0,7397759.0,585.604387054
196384.0,7397759.0,586.803638864
196284.0,7397759.0,586.113325062
196184.0,7397759.0,584.909889399
196084.0,7397759.0,585.632791905
195984.0,7397759.0,586.958985982
195884.0,7397759.0,588.638550069
195784.0,7397759.0,587.281919842
195684.0,7397759.0,585.212867419
195584.0,7397759.0,588.3087649
195484.0,7397759.0,589.614922872
195384.0,7397759.0,588.731750269
195284.0,7397759.0,585.430689036
195184.0,7397759.0,584.756493882
195084.0,7397759.0,583.903876806
194984.0,7397759.0,583.31874456
194884.0,7397759.0,582.934484359
194784.0,7397759.0,583.548299459
194684.0,7397759.0,584.056749981
194584.0,7397759.0,584.038758746
194484.0,7397759.0,584.696350952
194384.0,7397759.0,585.89831885
194284.0,7397759.0,588.29165031
194184.0,7397759.0,586.516540998
194084.0,7397759.0,587.101708589
193984.0,7397759.0,588.095363801
193884.0,7397759.0,589.887558068
193784.0,7397759.0,589.444013253
193684.0,7397759.0,587.497223372
193584.0,7397759.0,586.984401792
193484.0,7397759.0,586.149813135
193384.0,7397759.0,588.246724256
193284.0,7397759.0,583.62244473
193184.0,7397759.0,583.282060804
193084.0,7397759.0,583.949636298
192984.0,7397759.0,586.775838147
192884.0,7397759.0,591.624789632
192784.0,7397759.0,585.215816209
192684.0,7397759.0,585.148504727
192584.0,7397759.0,585.766604423
192484.0,7397759.0,587.154306266
192384.0,7397759.0,589.191491068
192284.0,7397759.0,592.373207363
192184.0,7397759.0,590.064900259
192084.0,7397759.0,583.763273864
191984.0,7397759.0,582.892226145
191884.0,7397759.0,582.001464946
191784.0,7397759.0,581.400015133
191684.0,7397759.0,581.033474073
191584.0,7397759.0,581.251103197
191484.0,7397759.0,580.355066395
191384.0,7397759.0,578.805695601
191284.0,7397759.0,577.396817827
191184.0,7397759.0,575.350565602
191084.0,7397759.0,574.024935429
190984.0,7397759.0,573.29946492
190884.0,7397759.0,572.430409532
190784.0,7397759.0,571.602548848
190684.0,7397759.0,570.463939366
190584.0,7397759.0,568.772867677
190484.0,7397759.0,567.739443136
190384.0,7397759.0,566.925548318
190284.0,7397759.0,566.113119901
190184.0,7397759.0,565.236714713
190084.0,7397759.0,564.865584374
189984.0,7397759.0,564.239627874
189884.0,7397759.0,563.55540616
189784.0,7397759.0,563.669634414
189684.0,7397759.0,563.52890994
189584.0,7397759.0,562.529419436
189484.0,7397759.0,561.722800698
189384.0,7397759.0,560.866002166
189284.0,7397759.0,560.441748101
189184.0,7397759.0,559.759366789
189084.0,7397759.0,559.265615446
188984.0,7397759.0,558.73366047
188884.0,7397759.0,558.155063944
188784.0,7397759.0,557.345629129
188684.0,7397759.0,556.91056482
188584.0,7397759.0,556.641464341
188484.0,7397759.0,556.134992637
188384.0,7397759.0,555.685765735
188284.0,7397759.0,555.273470254
188184.0,7397759.0,554.672362173
188084.0,7397759.0,554.243050847
187984.0,7397759.0,553.458419392
187884.0,7397759.0,553.083043246
187784.0,7397759.0,553.153959361
187684.0,7397759.0,552.556645176
187584.0,7397759.0,552.633098641
187484.0,7397759.0,552.911645167
187384.0,7397759.0,552.495846501
187284.0,7397759.0,552.225743681
187184.0,7397759.0,552.02632489
187084.0,7397759.0,551.187567958
186984.0,7397759.0,551.504841674
186884.0,7397759.0,551.757620342
186784.0,7397759.0,551.576300889
186684.0,7397759.0,551.815768317
186584.0,7397759.0,552.117151342
186490.0,7397772.0,552.787390136
244940.0,7414211.0,541.06758649
244940.0,7414311.0,537.647018496
244940.0,7414411.0,532.837791112
244940.0,7414511.0,532.322643721
244904.0,7414433.0,532.686889549
244828.0,7414377.0,536.797388366
244735.0,7414342.0,539.907798794
244652.0,7414286.0,540.36184777
244567.0,7414234.0,542.838372298
244471.0,7414205.0,541.72379822
244377.0,7414174.0,542.311357465
244297.0,7414120.0,543.937407854
244247.0,7414033.0,545.475223386
244180.0,7413962.0,543.887873647
244099.0,7413905.0,548.305608671
244001.0,7413882.0,545.608674646
243904.0,7413859.0,545.479258468
243805.0,7413852.0,546.196798633
243705.0,7413852.0,544.066491188
243605.0,7413852.0,541.913649612
243505.0,7413853.0,539.712528246
243412.0,7413823.0,537.875218924
243324.0,7413776.0,536.567211723
243237.0,7413728.0,539.020172754
243144.0,7413754.0,538.800676393
243051.0,7413791.0,536.117895155
242956.0,7413801.0,534.767185312
242861.0,7413770.0,536.468144614
242766.0,7413740.0,536.413044636
242680.0,7413775.0,534.45074742
242602.0,7413836.0,533.104449743
242515.0,7413839.0,533.533238271
242423.0,7413801.0,535.381596333
242324.0,7413811.0,534.852449001
242251.0,7413874.0,532.898040632
242188.0,7413952.0,531.225449405
242119.0,7414024.0,529.495848867
242037.0,7414004.0,528.168685912
241950.0,7413955.0,527.494775706
241854.0,7413931.0,529.401833782
241759.0,7413943.0,528.981942984
241669.0,7413987.0,526.61726434
241580.0,7414031.0,524.445228693
241482.0,7414052.0,523.025769018
241384.0,7414068.0,520.912156987
241285.0,7414085.0,519.701475682
241211.0,7414145.0,519.080673256
241148.0,7414223.0,519.015684402
241175.0,7414315.0,517.96439181
241171.0,7414403.0,516.000067289
241083.0,7414451.0,515.2407972
240984.0,7414456.0,515.336334673
240884.0,7414459.0,516.683964969
240784.0,7414464.0,517.904770334
240685.0,7414475.0,518.125853135
240617.0,7414546.0,516.258788034
240554.0,7414624.0,514.590151876
240493.0,7414703.0,512.876899995
240491.0,7414803.0,511.378108382
240450.0,7414834.0,511.371289553
240367.0,7414777.0,511.346632535
240282.0,7414725.0,511.442068443
240195.0,7414676.0,512.129250042
240151.0,7414593.0,512.330043578
240126.0,7414497.0,512.372001354
240127.0,7414399.0,512.454944819
240145.0,7414301.0,512.871720427
240180.0,7414209.0,513.828641309
240236.0,7414126.0,514.810996776
240306.0,7414057.0,515.380520233
240399.0,7414020.0,517.276236301
240488.0,7413974.0,520.026124854
240577.0,7413929.0,522.162083092
240651.0,7413864.0,520.57025132
240714.0,7413786.0,516.929480275
240777.0,7413709.0,515.535941285
240840.0,7413631.0,515.59811005
240916.0,7413586.0,516.622319063
241015.0,7413598.0,519.473979227
241090.0,7413534.0,520.811928954
241163.0,7413465.0,521.603848756
241237.0,7413398.0,521.957476545
241316.0,7413337.0,522.234238489
241398.0,7413280.0,521.974361988
241482.0,7413226.0,521.886060826
241567.0,7413173.0,522.851531202
241643.0,7413108.0,524.36049297
241724.0,7413050.0,525.963644716
241809.0,7412997.0,526.485776733
241893.0,7412943.0,526.463791631
241973.0,7412884.0,525.600527423
242063.0,7412839.0,527.540250985
242152.0,7412795.0,528.10621828
242242.0,7412750.0,526.063921262
242333.0,7412708.0,526.797402037
242426.0,7412671.0,526.980697973
242519.0,7412634.0,527.408226874
242612.0,7412597.0,528.169600645
242705.0,7412561.0,528.925486123
242798.0,7412524.0,528.780255559
242891.0,7412487.0,529.094783235
242984.0,7412451.0,528.348658277
243075.0,7412410.0,528.222102208
243164.0,7412365.0,527.9951577
243253.0,7412319.0,528.484187631
243343.0,7412276.0,530.07139407
243438.0,7412245.0,528.394148743
243533.0,7412213.0,525.669366254
243632.0,7412219.0,525.548003829
243723.0,7412244.0,526.720299882
243786.0,7412321.0,527.51332588
243837.0,7412404.0,529.3198935
243825.0,7412503.0,535.186788414
243814.0,7412602.0,547.855437394
243884.0,7412672.0,562.011198814
243963.0,7412731.0,569.811326958
244055.0,7412771.0,559.069040324
244147.0,7412811.0,566.755597869
244238.0,7412851.0,567.89832251
244330.0,7412891.0,567.335912429
244419.0,7412935.0,579.83770271
244506.0,7412985.0,583.736117755
244593.0,7413035.0,576.68485324
244679.0,7413085.0,586.634494967
244766.0,7413135.0,560.640096059
244852.0,7413185.0,553.163475845
244939.0,7413236.0,555.865366726
244940.0,7413335.0,572.329452372
244940.0,7413435.0,565.370070036
244940.0,7413535.0,559.518397162
244940.0,7413635.0,555.296567715
244940.0,7413735.0,548.363995332
244940.0,7413835.0,541.240070032
244940.0,7413935.0,540.842562344
244940.0,7414035.0,539.235353881
188363.0,7397809.0,555.361335407
188966.0,7397813.0,558.351663707
188952.0,7397809.0,558.2971155
189557.0,7397809.0,561.989893718
189657.0,7397809.0,562.864233645
189639.0,7397873.0,562.421608396
189552.0,7397916.0,561.557867942
187593.0,7398077.0,551.427491516
187508.0,7398131.0,551.009582612
187414.0,7398164.0,550.561289801
187318.0,7398186.0,550.241336766
187218.0,7398184.0,550.275477462
187127.0,7398155.0,550.435495519
187048.0,7398094.0,550.34647027
186993.0,7398018.0,550.629176305
186981.0,7397919.0,550.821665774
186984.0,7397820.0,550.967123843
187073.0,7397809.0,551.176370803
187173.0,7397809.0,551.709720793
187273.0,7397809.0,551.803030694
187373.0,7397809.0,552.069094246
187473.0,7397809.0,552.280577719
187573.0,7397809.0,552.17301426
187673.0,7397809.0,552.459412826
187702.0,7397856.0,552.725286293
187671.0,7397948.0,551.923411118
187624.0,7398035.0,551.634838676
197866.0,7398047.0,571.507882047
197808.0,7397966.0,571.933481571
197741.0,7397892.0,571.711071882
197704.0,7397809.0,572.096721906
197804.0,7397809.0,572.378748946
197904.0,7397809.0,573.131064645
198004.0,7397809.0,575.492066442
198104.0,7397809.0,575.241144849
198204.0,7397809.0,574.594987678
198304.0,7397809.0,573.713974092
198404.0,7397809.0,572.856512323
198504.0,7397809.0,572.317905284
198594.0,7397814.0,571.333400159
198527.0,7397888.0,571.345730564
198459.0,7397961.0,571.34468307
198391.0,7398035.0,571.459702192
198338.0,7398119.0,571.687157328
198291.0,7398207.0,571.954323524
198244.0,7398295.0,571.987311491
198201.0,7398386.0,570.555219623
198159.0,7398476.0,569.152744329
198102.0,7398488.0,569.061749119
198071.0,7398393.0,569.078349924
198012.0,7398313.0,568.797810373
197957.0,7398230.0,569.526643391
197918.0,7398138.0,569.994441911
196206.0,7400252.0,565.121312205
196243.0,7400159.0,565.374805463
196287.0,7400070.0,565.862543268
196335.0,7399982.0,566.394408549
196383.0,7399894.0,566.863048256
196430.0,7399806.0,567.037890273
196476.0,7399717.0,567.52010792
196502.0,7399621.0,568.567120313
196528.0,7399524.0,569.165286539
196554.0,7399427.0,569.749527079
196574.0,7399330.0,570.65476078
196568.0,7399230.0,571.078474758
196563.0,7399130.0,571.214025833
196539.0,7399036.0,571.93616617
196487.0,7398950.0,573.025985447
196410.0,7398887.0,573.28481477
196332.0,7398824.0,573.510324029
196255.0,7398761.0,573.618721095
196177.0,7398698.0,574.24708061
196100.0,7398634.0,574.743094319
196050.0,7398550.0,575.640419264
196024.0,7398456.0,576.831419102
196029.0,7398356.0,577.972236576
196035.0,7398256.0,579.540686793
196040.0,7398156.0,581.092769888
196014.0,7398068.0,581.73681554
195939.0,7398002.0,582.095231148
195857.0,7397951.0,582.686810524
195811.0,7397864.0,587.794225811
195832.0,7397809.0,589.961093721
195932.0,7397809.0,584.737161486
196032.0,7397809.0,584.498495039
196132.0,7397809.0,584.381755523
196232.0,7397809.0,585.721895916
196332.0,7397809.0,587.168006005
196432.0,7397809.0,586.536544023
196532.0,7397809.0,595.758848235
196632.0,7397809.0,587.794448008
196732.0,7397809.0,580.950216518
196832.0,7397809.0,577.941443721
196932.0,7397809.0,577.049762767
196896.0,7397881.0,577.185243479
196902.0,7397981.0,576.709688737
196919.0,7398079.0,576.788404135
196941.0,7398176.0,576.169571305
196941.0,7398268.0,576.034985781
196876.0,7398345.0,576.105464224
196797.0,7398406.0,575.803947315
196718.0,7398467.0,575.316645515
196691.0,7398563.0,574.147196501
196707.0,7398650.0,573.009577171
196782.0,7398716.0,572.538777808
196870.0,7398764.0,572.106174472
196954.0,7398818.0,571.080170039
197039.0,7398872.0,570.459321529
197124.0,7398923.0,569.685630189
197212.0,7398971.0,568.56030357
197300.0,7399018.0,568.108282723
197342.0,7399109.0,567.294154401
197382.0,7399200.0,567.070458961
197340.0,7399287.0,566.440446947
197298.0,7399375.0,567.701018921
197327.0,7399471.0,567.653436943
197357.0,7399566.0,566.689881098
197387.0,7399662.0,565.755616258
197389.0,7399759.0,565.730849049
197372.0,7399858.0,565.742663444
197315.0,7399936.0,565.833752803
197247.0,7400010.0,565.808086802
197194.0,7400092.0,564.966326163
197170.0,7400189.0,564.555590187
197073.0,7400197.0,564.375341947
196973.0,7400202.0,564.181781983
196885.0,7400235.0,564.156146099
196817.0,7400308.0,563.950625176
196808.0,7400403.0,563.266813111
196817.0,7400503.0,562.426378256
196826.0,7400603.0,561.841064549
196835.0,7400702.0,561.149422953
196844.0,7400802.0,560.933191336
196816.0,7400893.0,560.503537814
196767.0,7400980.0,559.73455202
196702.0,7401049.0,559.826223784
196609.0,7401062.0,560.237278141
196527.0,7401010.0,560.407223338
196460.0,7400935.0,561.251405531
196393.0,7400861.0,561.864923621
196335.0,7400781.0,562.24746842
196290.0,7400692.0,562.83029656
196245.0,7400602.0,563.221127187
196207.0,7400511.0,564.083730216
196197.0,7400411.0,564.425858472
196188.0,7400312.0,564.863780428
192551.0,7401191.0,558.302614505
192616.0,7401122.0,559.09155357
192713.0,7401098.0,560.157851446
192810.0,7401074.0,560.465064704
192888.0,7401133.0,560.301407809
192964.0,7401198.0,559.790726884
193002.0,7401286.0,558.936555351
193022.0,7401384.0,558.223441815
193042.0,7401482.0,557.732069363
193061.0,7401580.0,557.446905003
193012.0,7401666.0,557.098034873
192966.0,7401755.0,556.602645484
192961.0,7401846.0,555.805996489
193006.0,7401936.0,555.31002277
193051.0,7402025.0,555.187932488
193093.0,7402115.0,554.631681724
193105.0,7402214.0,553.965477248
193117.0,7402314.0,553.439719623
193129.0,7402413.0,553.056126695
193141.0,7402512.0,552.993620421
193153.0,7402612.0,552.625653118
193171.0,7402710.0,551.47459021
193200.0,7402805.0,551.09620483
193215.0,7402898.0,550.701835064
193149.0,7402973.0,550.446279209
193084.0,7403048.0,550.131940752
193051.0,7403132.0,549.958291616
193091.0,7403224.0,549.182330885
193127.0,7403315.0,547.997434609
193071.0,7403398.0,547.894026607
193016.0,7403482.0,547.536741558
192963.0,7403566.0,547.03939517
192916.0,7403655.0,546.937022837
192869.0,7403743.0,546.407285566
192799.0,7403809.0,545.694215523
192730.0,7403777.0,545.854210671
192692.0,7403684.0,546.480639688
192648.0,7403596.0,547.280561833
192581.0,7403521.0,547.424168954
192525.0,7403444.0,547.220934524
192551.0,7403348.0,548.136351358
192570.0,7403250.0,549.322106062
192569.0,7403150.0,549.195548724
192568.0,7403050.0,549.185510916
192567.0,7402950.0,549.352643554
192566.0,7402850.0,549.821000978
192600.0,7402756.0,550.38793808
192633.0,7402662.0,551.058527786
192660.0,7402565.0,552.254235456
192680.0,7402468.0,552.825893517
192703.0,7402370.0,552.915275709
192742.0,7402279.0,553.648492001
192782.0,7402187.0,554.308686933
192807.0,7402090.0,554.273396663
192764.0,7402008.0,554.722065392
192697.0,7401933.0,554.691537864
192630.0,7401859.0,554.891306133
192586.0,7401772.0,554.955339258
192554.0,7401677.0,555.487142824
192523.0,7401582.0,555.790387969
192492.0,7401487.0,556.472307572
192479.0,7401391.0,556.935715033
192497.0,7401292.0,557.510917409
195962.0,7407964.0,542.009356275
195997.0,7407870.0,542.199357337
196032.0,7407776.0,542.308920431
196086.0,7407694.0,542.71740059
196155.0,7407622.0,543.134055428
196224.0,7407550.0,543.594771921
196293.0,7407477.0,544.159288838
196360.0,7407403.0,544.971915072
196423.0,7407326.0,545.497084597
196486.0,7407248.0,545.723408319
196550.0,7407171.0,546.086860127
196616.0,7407096.0,545.913553491
196685.0,7407024.0,546.326849431
196754.0,7406951.0,546.705131742
196834.0,7406892.0,547.152162562
196915.0,7406832.0,547.803216241
196998.0,7406777.0,548.598407042
197085.0,7406729.0,549.212325515
197179.0,7406695.0,549.529174847
197229.0,7406744.0,550.227775308
197250.0,7406841.0,550.331002617
197339.0,7406885.0,550.859975521
197429.0,7406928.0,551.203717241
197509.0,7406987.0,551.23200495
197580.0,7407057.0,551.275094066
197679.0,7407062.0,551.463088586
197769.0,7407026.0,551.105982479
197855.0,7406985.0,550.995937628
197951.0,7407012.0,551.425218797
198047.0,7407015.0,551.331043752
198138.0,7406975.0,551.938642456
198232.0,7406952.0,552.733995503
198330.0,7406968.0,553.248016996
198411.0,7407026.0,553.21687179
198492.0,7407085.0,552.898744427
198525.0,7407162.0,552.434067984
198517.0,7407260.0,551.842185559
198442.0,7407325.0,551.053248967
198366.0,7407390.0,550.404711352
198292.0,7407457.0,549.718478553
198210.0,7407514.0,548.861501177
198121.0,7407492.0,548.441807692
198057.0,7407416.0,548.886312571
197987.0,7407346.0,549.503134673
197904.0,7407296.0,549.064905141
197812.0,7407335.0,548.8474165
197743.0,7407398.0,548.376713072
197706.0,7407491.0,547.69422734
197670.0,7407584.0,547.14198442
197633.0,7407677.0,546.424347816
197593.0,7407769.0,545.585330374
197547.0,7407856.0,545.079572811
197478.0,7407928.0,544.771760159
197409.0,7408001.0,544.358707607
197340.0,7408073.0,543.955730648
197264.0,7408138.0,543.17800161
197186.0,7408200.0,542.764981702
197108.0,7408263.0,542.560843451
197030.0,7408326.0,542.290248591
196958.0,7408395.0,542.181324378
196886.0,7408464.0,542.013046699
196814.0,7408534.0,541.674169198
196741.0,7408603.0,541.37670811
196669.0,7408672.0,541.121502698
196611.0,7408753.0,540.920272654
196554.0,7408836.0,540.713033535
196492.0,7408914.0,540.305412688
196419.0,7408981.0,540.2832631
196332.0,7409029.0,539.901142385
196244.0,7409077.0,539.694089154
196147.0,7409099.0,539.286689202
196049.0,7409122.0,539.046285686
195952.0,7409144.0,539.082689345
195861.0,7409181.0,538.864991507
195782.0,7409243.0,538.888327649
195704.0,7409305.0,538.92504998
195613.0,7409345.0,538.541774989
195527.0,7409338.0,538.163714006
195510.0,7409255.0,538.154914309
195537.0,7409158.0,537.908100341
195583.0,7409071.0,537.88883921
195636.0,7408985.0,538.342697584
195688.0,7408900.0,538.775770601
195740.0,7408815.0,538.891437747
195795.0,7408732.0,539.550073443
195879.0,7408678.0,540.483416259
195963.0,7408623.0,541.001246838
196045.0,7408566.0,541.372987939
196108.0,7408494.0,541.79296698
196126.0,7408395.0,541.795706795
196107.0,7408307.0,541.473077639
196038.0,7408235.0,541.233496707
195968.0,7408162.0,541.350692111
195939.0,7408074.0,541.613863922
197277.0,7409847.0,548.358595411
197373.0,7409822.0,550.584980656
197471.0,7409805.0,550.740002502
197570.0,7409787.0,549.14922486
197668.0,7409769.0,549.324533313
197763.0,7409768.0,549.786029848
197846.0,7409824.0,549.90434123
197934.0,7409870.0,549.972404507
198000.0,7409932.0,550.062068766
198035.0,7410023.0,550.811859025
198125.0,7410068.0,550.654164185
198215.0,7410109.0,549.90153545
198310.0,7410140.0,549.200432035
198405.0,7410172.0,547.921008576
198407.0,7410250.0,547.96075396
198317.0,7410274.0,548.190942059
198217.0,7410269.0,548.339720947
198121.0,7410246.0,548.598490337
198025.0,7410217.0,548.472289375
197929.0,7410187.0,548.488080942
197834.0,7410158.0,548.265535277
197735.0,7410145.0,548.429926098
197638.0,7410152.0,548.583046208
197547.0,7410194.0,548.025390943
197464.0,7410248.0,547.089770309
197387.0,7410312.0,546.402022469
197299.0,7410359.0,546.12199581
197216.0,7410330.0,546.734346786
197155.0,7410268.0,545.695628364
197170.0,7410169.0,544.957515498
197143.0,7410073.0,544.963009255
197185.0,7409984.0,546.32997695
197218.0,7409890.0,547.181459593
195912.0,7410464.0,578.093013792
196011.0,7410452.0,580.713373214
196110.0,7410439.0,586.592042426
196209.0,7410449.0,584.927325867
196308.0,7410463.0,572.426186335
196407.0,7410475.0,565.048192701
196507.0,7410473.0,566.061011184
196607.0,7410467.0,562.517117769
196706.0,7410454.0,555.676551023
196804.0,7410473.0,550.355078769
196855.0,7410541.0,548.860776873
196796.0,7410622.0,550.142001584
196738.0,7410703.0,551.733032278
196704.0,7410791.0,553.319236357
196724.0,7410889.0,553.627299061
196744.0,7410987.0,552.690535906
196789.0,7411072.0,550.058402168
196863.0,7411138.0,548.593601208
196880.0,7411224.0,548.779075854
196890.0,7411323.0,549.535564325
196906.0,7411422.0,549.919523733
196921.0,7411521.0,549.829396669
196941.0,7411619.0,550.1303703
196905.0,7411694.0,549.93463931
196822.0,7411686.0,548.968190624
196730.0,7411647.0,548.347220086
196640.0,7411604.0,547.95440225
196549.0,7411561.0,547.421518235
196450.0,7411546.0,546.223517482
196355.0,7411525.0,545.29357286
196344.0,7411450.0,545.589002483
196403.0,7411369.0,546.42665649
196452.0,7411284.0,548.694994155
196463.0,7411185.0,549.480133851
196483.0,7411088.0,549.639352212
196517.0,7410994.0,551.70470395
196551.0,7410900.0,555.636373455
196505.0,7410816.0,558.622466374
196440.0,7410741.0,556.196400604
196343.0,7410720.0,552.731722944
196262.0,7410702.0,553.545927921
196187.0,7410768.0,552.145086108
196105.0,7410821.0,550.607790997
196008.0,7410846.0,550.24915956
195910.0,7410860.0,549.938848681
195819.0,7410900.0,547.542146157
195720.0,7410896.0,546.210199787
195621.0,7410885.0,544.801121014
195522.0,7410874.0,544.188544095
195444.0,7410816.0,545.000762657
195350.0,7410782.0,544.350569971
195323.0,7410711.0,545.616695259
195355.0,7410616.0,549.039911142
195323.0,7410546.0,548.162024724
195226.0,7410524.0,543.657598072
195255.0,7410475.0,548.55595239
195351.0,7410448.0,556.246217805
195448.0,7410423.0,564.724137011
195547.0,7410429.0,568.104995229
195647.0,7410441.0,571.947102459
195745.0,7410459.0,583.671810663
199336.0,7411334.0,551.401214052
199278.0,7411415.0,552.997442024
199219.0,7411496.0,553.884756104
199153.0,7411571.0,555.236013611
199101.0,7411653.0,556.270937732
199081.0,7411749.0,557.036897259
199148.0,7411823.0,556.894692022
199216.0,7411897.0,554.279232308
199259.0,7411977.0,553.713666262
199230.0,7412071.0,552.734697416
199137.0,7412107.0,552.645685631
199041.0,7412131.0,553.403210441
198941.0,7412133.0,555.314591798
198844.0,7412112.0,556.092354831
198747.0,7412085.0,558.793905536
198649.0,7412072.0,560.425377863
198549.0,7412066.0,561.5550373
198450.0,7412051.0,562.70083994
198351.0,7412043.0,562.39083867
198251.0,7412040.0,559.946003984
198152.0,7412028.0,558.049512243
198088.0,7411974.0,557.783959113
198063.0,7411878.0,558.482096424
197994.0,7411806.0,556.918247253
197908.0,7411763.0,555.773315428
197810.0,7411742.0,554.360203056
197712.0,7411722.0,553.639699899
197696.0,7411644.0,555.661411712
197755.0,7411597.0,557.12864778
197855.0,7411595.0,557.215605255
197955.0,7411594.0,557.870354832
198048.0,7411561.0,560.461006588
198120.0,7411500.0,564.475441583
198165.0,7411410.0,562.646938557
198211.0,7411322.0,561.605748131
198269.0,7411240.0,561.154146136
198341.0,7411180.0,559.311173611
198438.0,7411158.0,558.909185602
198533.0,7411125.0,559.525649574
198624.0,7411084.0,559.599390809
198715.0,7411044.0,558.253709535
198806.0,7411003.0,556.874642887
198887.0,7410944.0,556.026990071
198965.0,7410882.0,556.482774884
199049.0,7410828.0,552.906788124
199143.0,7410801.0,550.784944104
199214.0,7410836.0,550.836630057
199238.0,7410933.0,552.626850336
199273.0,7411026.0,553.291744239
199316.0,7411116.0,552.655918951
199345.0,7411211.0,551.274334275
199346.0,7411311.0,550.958696055
190935.0,7412598.0,534.900473288
190903.0,7412692.0,533.069407624
190891.0,7412791.0,531.367311261
190872.0,7412889.0,530.525068783
190846.0,7412986.0,529.995896543
190908.0,7413061.0,528.814425509
190979.0,7413131.0,528.808855562
191072.0,7413158.0,530.146300882
191171.0,7413169.0,527.349629057
191195.0,7413236.0,526.509468863
191164.0,7413331.0,525.517509915
191142.0,7413428.0,525.244441845
191096.0,7413514.0,524.909982951
191035.0,7413594.0,524.865779614
190977.0,7413675.0,524.736595193
190920.0,7413757.0,524.442674905
190830.0,7413798.0,525.801271399
190746.0,7413849.0,526.57718331
190673.0,7413917.0,526.603073043
190596.0,7413970.0,524.944453908
190501.0,7413939.0,524.36801948
190404.0,7413919.0,524.284600455
190304.0,7413916.0,523.478569032
190204.0,7413914.0,523.288484175
190107.0,7413891.0,523.698761153
190011.0,7413863.0,523.350119134
189914.0,7413838.0,522.5118736
189835.0,7413786.0,522.800533618
189772.0,7413709.0,523.726710006
189709.0,7413631.0,524.332259498
189713.0,7413534.0,525.199736637
189724.0,7413434.0,525.987735318
189781.0,7413354.0,527.113235319
189870.0,7413312.0,528.521649268
189963.0,7413276.0,530.135695596
190031.0,7413205.0,532.113211048
190092.0,7413125.0,532.855671735
190152.0,7413046.0,533.847825603
190193.0,7412955.0,532.454293948
190244.0,7412869.0,531.357812324
190299.0,7412786.0,531.474176705
190305.0,7412694.0,532.272521085
190281.0,7412597.0,533.549812393
190256.0,7412500.0,531.692103787
190271.0,7412408.0,531.024118267
190334.0,7412331.0,530.645270545
190383.0,7412250.0,530.289789696
190374.0,7412152.0,529.9939662
190324.0,7412065.0,529.724293631
190242.0,7412010.0,529.147402221
190150.0,7411971.0,528.067354599
190119.0,7411909.0,528.036294724
190173.0,7411831.0,529.15143281
190259.0,7411779.0,532.135061805
190349.0,7411767.0,534.725189383
190444.0,7411798.0,537.513120391
190540.0,7411826.0,535.848773306
190635.0,7411795.0,535.274317272
190715.0,7411739.0,535.065178871
190787.0,7411670.0,534.87904122
190866.0,7411611.0,533.772148983
190962.0,7411584.0,532.205110685
191059.0,7411562.0,530.763769021
191151.0,7411562.0,530.49256805
191160.0,7411636.0,530.203238681
191067.0,7411673.0,530.054520007
190994.0,7411732.0,530.342798846
190953.0,7411823.0,530.518175012
190917.0,7411916.0,530.728399387
190982.0,7411990.0,530.061470241
191062.0,7412049.0,529.181172569
191116.0,7412110.0,529.097400559
191037.0,7412168.0,529.138086927
190954.0,7412224.0,529.379046555
190920.0,7412307.0,531.153522569
190925.0,7412407.0,532.651282427
190961.0,7412498.0,533.035048498
190823.0,7415448.0,530.806974533
190725.0,7415427.0,531.38378481
190626.0,7415419.0,532.068370367
190535.0,7415448.0,533.281959597
190473.0,7415526.0,534.552180442
190437.0,7415616.0,535.660443684
190425.0,7415715.0,535.897113811
190401.0,7415811.0,536.514513978
190375.0,7415907.0,538.728449033
190388.0,7416006.0,539.581282309
190376.0,7416097.0,537.657421691
190306.0,7416168.0,538.826050038
190217.0,7416202.0,540.006679371
190118.0,7416220.0,540.108050888
190020.0,7416237.0,539.732777152
189921.0,7416241.0,540.569319404
189823.0,7416223.0,541.512067062
189723.0,7416216.0,542.258688465
189626.0,7416224.0,541.981541905
189534.0,7416264.0,540.226364318
189459.0,7416325.0,539.217391973
189379.0,7416375.0,539.280540155
189289.0,7416414.0,540.155887432
189206.0,7416470.0,541.720970711
189124.0,7416527.0,541.487735425
189046.0,7416589.0,540.244446477
188969.0,7416653.0,539.174438676
188876.0,7416670.0,539.028928106
188778.0,7416654.0,538.798233681
188684.0,7416621.0,538.260652153
188588.0,7416603.0,537.177263229
188488.0,7416616.0,538.908550113
188425.0,7416570.0,535.61224196
188449.0,7416486.0,534.323287906
188537.0,7416438.0,534.362118343
188599.0,7416361.0,533.131945615
188623.0,7416274.0,531.918944496
188569.0,7416191.0,536.401384499
188528.0,7416100.0,534.023280167
188566.0,7416016.0,533.169359554
188624.0,7415935.0,533.050942065
188680.0,7415852.0,532.195641904
188668.0,7415753.0,531.027254649
188582.0,7415709.0,531.442530824
188488.0,7415677.0,530.628380631
188390.0,7415655.0,529.268852129
188293.0,7415633.0,528.714243945
188195.0,7415611.0,528.263747573
188098.0,7415632.0,527.723326624
188002.0,7415660.0,526.63313472
187910.0,7415629.0,525.920670428
187857.0,7415552.0,531.267542653
187889.0,7415484.0,530.4938624
187977.0,7415437.0,525.498750857
188065.0,7415389.0,525.438933778
188160.0,7415359.0,525.377421738
188256.0,7415333.0,525.258386089
188353.0,7415308.0,524.868515774
188451.0,7415287.0,525.748048087
188518.0,7415336.0,526.760172059
188570.0,7415422.0,529.045084219
188650.0,7415478.0,530.824982198
188738.0,7415525.0,531.584784558
188835.0,7415529.0,533.894372671
188932.0,7415523.0,532.339460346
189016.0,7415578.0,533.135470268
189090.0,7415534.0,532.193834141
189143.0,7415450.0,532.090177614
189178.0,7415356.0,531.246035265
189214.0,7415263.0,530.117001266
189283.0,7415208.0,529.217170939
189381.0,7415186.0,529.316530389
189466.0,7415134.0,528.857757883
189554.0,7415087.0,527.926870524
189649.0,7415061.0,526.882233823
189749.0,7415059.0,528.161541535
189830.0,7415098.0,529.735473176
189890.0,7415178.0,531.389354176
189963.0,7415244.0,530.736339976
190052.0,7415288.0,532.894623518
190135.0,7415234.0,530.829626949
190216.0,7415176.0,528.787428488
190306.0,7415137.0,527.396557868
190404.0,7415115.0,526.46198891
190503.0,7415119.0,526.40707263
190603.0,7415127.0,526.811323128
190703.0,7415135.0,527.061448677
190802.0,7415142.0,527.246073982
190896.0,7415168.0,527.287257161
190977.0,7415225.0,528.213033214
191037.0,7415305.0,527.796336418
191031.0,7415397.0,528.916460615
190952.0,7415446.0,529.829354134
199375.0,7421058.0,520.785183311
199469.0,7421034.0,520.636230207
199565.0,7421060.0,520.61150578
199620.0,7421012.0,521.263046986
199605.0,7420913.0,526.631834695
199590.0,7420814.0,526.528921706
199575.0,7420715.0,527.845376608
199503.0,7420683.0,531.74898613
199403.0,7420683.0,533.772078242
199303.0,7420683.0,533.220847355
199203.0,7420681.0,532.289747114
199109.0,7420648.0,530.504447764
199014.0,7420617.0,532.607622145
198918.0,7420591.0,535.765890484
198828.0,7420602.0,539.281000284
198737.0,7420644.0,542.288345158
198646.0,7420685.0,542.359937149
198550.0,7420709.0,539.548520748
198451.0,7420722.0,539.399202478
198367.0,7420766.0,540.9646725
198295.0,7420836.0,534.981350186
198239.0,7420917.0,530.81503798
198199.0,7421008.0,529.297779868
198208.0,7421099.0,527.933281963
198292.0,7421142.0,528.417369022
198389.0,7421166.0,531.166451538
198488.0,7421182.0,531.194583181
198586.0,7421198.0,528.502543105
198684.0,7421181.0,525.884911349
198783.0,7421196.0,523.866434685
198879.0,7421170.0,521.522694291
198968.0,7421202.0,520.141542209
199052.0,7421256.0,518.630416613
199143.0,7421285.0,517.92773321
199236.0,7421267.0,517.369348989
199284.0,7421181.0,519.024116907
193750.0,7422592.0,527.978142124
193842.0,7422553.0,525.55891446
193934.0,7422514.0,530.948992159
194027.0,7422477.0,537.966016245
194126.0,7422490.0,539.586910036
194225.0,7422504.0,522.75964175
194289.0,7422571.0,517.257767458
194276.0,7422670.0,513.838003173
194223.0,7422741.0,513.114206593
194137.0,7422792.0,512.728192656
194051.0,7422843.0,512.015453054
193965.0,7422895.0,511.861286783
193880.0,7422946.0,511.505745163
193794.0,7422998.0,511.522090224
193708.0,7423049.0,511.664798289
193612.0,7423072.0,512.019082129
193513.0,7423086.0,512.987459841
193414.0,7423100.0,513.660504156
193315.0,7423114.0,514.237838505
193252.0,7423049.0,516.604589305
193281.0,7422960.0,520.905535083
193354.0,7422891.0,521.40374427
193426.0,7422822.0,524.870461327
193499.0,7422754.0,524.80682278
193572.0,7422685.0,525.418389483
193660.0,7422639.0,527.686141073
193173.0,7424659.0,503.816499078
193141.0,7424752.0,503.699190115
193148.0,7424851.0,503.801199727
193179.0,7424944.0,503.617099031
193232.0,7425023.0,502.367081562
193140.0,7425052.0,504.098594769
193043.0,7425049.0,504.193952323
192969.0,7424983.0,505.310245164
192895.0,7424915.0,507.124369111
192808.0,7424882.0,508.744937215
192754.0,7424799.0,512.067472276
192669.0,7424754.0,509.786096078
192608.0,7424685.0,508.564371822
192543.0,7424616.0,509.171562882
192519.0,7424519.0,509.221024093
192503.0,7424420.0,509.435958855
192487.0,7424322.0,510.222686854
192494.0,7424224.0,510.500897096
192519.0,7424128.0,510.862390409
192550.0,7424033.0,511.321624683
192598.0,7423950.0,511.676804752
192697.0,7423936.0,512.497088044
192786.0,7423952.0,512.90674623
192866.0,7423972.0,512.114142106
192949.0,7423917.0,511.19840886
193046.0,7423915.0,510.517373352
193126.0,7423971.0,508.962642364
193177.0,7424054.0,508.502627121
193187.0,7424153.0,508.513456512
193185.0,7424253.0,507.186413353
193189.0,7424353.0,506.476668171
193201.0,7424452.0,505.464141283
193166.0,7424544.0,505.082947986
193173.0,7424643.0,503.939279725
192156.0,7425907.0,504.779335063
192059.0,7425927.0,505.817167636
191964.0,7425958.0,506.925096685
191866.0,7425949.0,508.268271127
191775.0,7425907.0,508.012340991
191771.0,7425819.0,507.782440056
191787.0,7425720.0,507.544030747
191802.0,7425621.0,506.995135632
191786.0,7425522.0,507.271923603
191730.0,7425442.0,507.579314717
191669.0,7425363.0,507.221537226
191690.0,7425296.0,508.124396914
191786.0,7425267.0,508.733170163
191879.0,7425231.0,508.922040842
191963.0,7425177.0,508.585238278
191984.0,7425086.0,509.725252312
191985.0,7424986.0,511.476415346
191986.0,7424886.0,512.284318857
191995.0,7424787.0,512.150296241
192039.0,7424709.0,511.355001148
192138.0,7424694.0,510.516478768
192179.0,7424775.0,510.547727135
192218.0,7424865.0,509.633406742
192299.0,7424924.0,508.629220926
192380.0,7424982.0,508.404300683
192475.0,7425015.0,508.820640958
192569.0,7425049.0,507.587305726
192655.0,7425098.0,506.390709774
192719.0,7425164.0,505.176152207
192718.0,7425264.0,504.312107768
192718.0,7425364.0,503.720214852
192717.0,7425464.0,502.654523081
192669.0,7425550.0,502.154890248
192623.0,7425638.0,501.708797119
192594.0,7425734.0,501.516400968
192561.0,7425828.0,501.04605357
192472.0,7425827.0,501.963167965
192374.0,7425809.0,502.990115446
192288.0,7425858.0,503.07267289
198522.0,7423711.0,506.661710174
198617.0,7423678.0,507.844650647
198713.0,7423655.0,509.63740219
198812.0,7423660.0,511.048870413
198909.0,7423682.0,512.020593474
199004.0,7423714.0,511.972288895
199099.0,7423745.0,512.587240274
199190.0,7423704.0,512.179595543
199277.0,7423657.0,512.181047263
199351.0,7423590.0,511.829797398
199434.0,7423538.0,512.383671011
199534.0,7423540.0,512.973276003
199625.0,7423579.0,514.064750964
199718.0,7423598.0,509.910775337
199809.0,7423623.0,509.578564792
199900.0,7423664.0,508.447726394
199981.0,7423716.0,506.896994864
200036.0,7423800.0,509.887967065
200056.0,7423897.0,506.138905934
200085.0,7423992.0,504.812990023
200149.0,7424068.0,506.685298429
200245.0,7424096.0,506.022338628
200255.0,7424176.0,507.809266138
200237.0,7424274.0,515.021367309
200224.0,7424373.0,514.834431314
200222.0,7424473.0,513.293041755
200219.0,7424573.0,512.541280984
200259.0,7424665.0,510.817457167
200300.0,7424756.0,513.248787674
200358.0,7424835.0,517.2698777
200436.0,7424896.0,522.615388693
200515.0,7424958.0,521.722082093
200582.0,7425027.0,514.155020518
200600.0,7425125.0,517.331764803
200618.0,7425223.0,524.298804055
200637.0,7425322.0,520.988489325
200625.0,7425417.0,517.548513623
200591.0,7425509.0,513.758470374
200602.0,7425608.0,514.268244252
200682.0,7425666.0,523.227844921
200767.0,7425718.0,527.918474403
200852.0,7425771.0,530.269336886
200918.0,7425844.0,524.765427784
200976.0,7425925.0,525.342391952
201029.0,7426010.0,518.720828236
201067.0,7426102.0,516.661500497
201098.0,7426197.0,521.219179721
201129.0,7426292.0,519.487451609
201160.0,7426387.0,515.493498547
201191.0,7426482.0,508.129270026
201228.0,7426575.0,511.925022268
201273.0,7426664.0,522.471028907
201337.0,7426735.0,521.294743959
201425.0,7426783.0,507.226939952
201500.0,7426842.0,511.110241928
201539.0,7426934.0,513.73755456
201578.0,7427026.0,509.150968496
201618.0,7427118.0,500.910291893
201640.0,7427215.0,501.052665958
201661.0,7427313.0,500.894744045
201693.0,7427407.0,500.073202271
201741.0,7427495.0,497.044895924
201788.0,7427583.0,494.817654794
201826.0,7427676.0,494.219405542
201817.0,7427770.0,494.217559004
201785.0,7427865.0,494.344215075
201778.0,7427957.0,496.360255816
201842.0,7428034.0,493.889182086
201882.0,7428121.0,492.457123718
201882.0,7428220.0,490.951839291
201823.0,7428300.0,490.345881502
201763.0,7428380.0,489.796956993
201704.0,7428461.0,489.286728686
201658.0,7428547.0,490.962436173
201649.0,7428646.0,488.619615476
201632.0,7428744.0,485.037450009
201560.0,7428793.0,484.09868614
201462.0,7428815.0,484.755777335
201365.0,7428838.0,485.984553065
201269.0,7428866.0,486.961432934
201184.0,7428914.0,486.697876538
201121.0,7428992.0,484.518307547
201058.0,7429070.0,482.277643582
200992.0,7429136.0,479.591255292
200904.0,7429091.0,480.862912979
200830.0,7429023.0,483.100264532
200756.0,7428956.0,484.640860477
200690.0,7428885.0,485.970242309
200687.0,7428785.0,487.914136596
200683.0,7428685.0,489.746778835
200658.0,7428591.0,490.707069615
200602.0,7428509.0,490.215742223
200505.0,7428485.0,490.453559796
200413.0,7428450.0,490.742474244
200329.0,7428396.0,490.977103366
200240.0,7428377.0,490.323371648
200147.0,7428414.0,488.30471944
200065.0,7428418.0,487.210712774
200062.0,7428318.0,489.203127578
200059.0,7428218.0,491.364785729
200072.0,7428123.0,492.335779733
200128.0,7428040.0,494.443737082
200183.0,7427957.0,496.410146908
200201.0,7427869.0,496.447283697
200153.0,7427781.0,495.914955549
200136.0,7427702.0,495.697434624
200210.0,7427636.0,496.862772804
200285.0,7427569.0,498.367655273
200359.0,7427502.0,500.621673579
200434.0,7427436.0,503.531645036
200472.0,7427346.0,504.64897462
200494.0,7427249.0,506.080967385
200425.0,7427177.0,502.683537476
200350.0,7427112.0,502.897102829
200278.0,7427043.0,503.479262088
200183.0,7427011.0,503.800199543
200097.0,7426962.0,507.199604015
200012.0,7426911.0,509.267693887
199913.0,7426907.0,508.12357972
199813.0,7426903.0,504.284745581
199720.0,7426872.0,501.808113757
199628.0,7426845.0,501.07160621
199534.0,7426881.0,501.02995113
199441.0,7426916.0,500.397063697
199347.0,7426952.0,498.75148453
199252.0,7426928.0,497.314616787
199190.0,7426858.0,497.544048718
199144.0,7426769.0,497.770413005
199075.0,7426698.0,497.738962371
199002.0,7426630.0,498.169234322
198932.0,7426559.0,497.212771499
198873.0,7426478.0,497.763601998
198805.0,7426406.0,496.781214969
198730.0,7426345.0,494.951171909
198710.0,7426247.0,496.355437906
198715.0,7426147.0,497.008626342
198720.0,7426047.0,497.995940464
198697.0,7425953.0,497.624119953
198651.0,7425864.0,496.513967113
198567.0,7425859.0,496.425575038
198470.0,7425883.0,496.59920476
198407.0,7425957.0,497.291470618
198376.0,7426048.0,496.955691494
198376.0,7426148.0,496.27808488
198377.0,7426248.0,496.962837819
198380.0,7426347.0,495.812333768
198417.0,7426440.0,495.880448568
198454.0,7426533.0,496.148871763
198479.0,7426629.0,495.796521422
198483.0,7426727.0,493.418892939
198449.0,7426821.0,492.848917036
198415.0,7426915.0,492.64513442
198381.0,7427009.0,492.55917994
198347.0,7427103.0,492.909015256
198314.0,7427197.0,493.618149486
198280.0,7427291.0,492.80166923
198244.0,7427384.0,491.374696113
198158.0,7427436.0,493.391305728
198067.0,7427473.0,494.30754782
197969.0,7427494.0,494.715603588
197873.0,7427519.0,494.789842574
197781.0,7427551.0,494.816797984
197689.0,7427513.0,496.432359441
197591.0,7427493.0,496.594549473
197523.0,7427440.0,496.813157366
197461.0,7427375.0,499.470902605
197362.0,7427362.0,501.135932801
197263.0,7427353.0,499.690416531
197163.0,7427353.0,498.691903902
197063.0,7427352.0,498.398450949
196963.0,7427352.0,497.308295864
196880.0,7427316.0,497.843962578
196846.0,7427227.0,499.661877253
196840.0,7427127.0,499.601385354
196821.0,7427030.0,499.365110206
196781.0,7426939.0,504.319197857
196767.0,7426841.0,508.409821446
196761.0,7426741.0,508.255134517
196725.0,7426652.0,503.478055303
196663.0,7426574.0,500.324957426
196623.0,7426490.0,500.57184217
196662.0,7426401.0,503.477845218
196720.0,7426319.0,506.254602911
196722.0,7426222.0,504.97384421
196713.0,7426123.0,503.349781732
196703.0,7426023.0,502.847445039
196694.0,7425923.0,500.952747377
196749.0,7425852.0,501.860048973
196830.0,7425794.0,504.16948522
196925.0,7425762.0,507.31861352
197020.0,7425734.0,508.170032642
197120.0,7425728.0,512.467835929
197220.0,7425721.0,514.558694606
197312.0,7425697.0,512.115436151
197380.0,7425624.0,509.381783953
197411.0,7425533.0,508.758704409
197420.0,7425434.0,507.817994616
197430.0,7425334.0,507.464089312
197382.0,7425252.0,505.64407693
197315.0,7425178.0,503.639712089
197284.0,7425086.0,501.790441217
197326.0,7425002.0,502.08377589
197387.0,7424922.0,502.764830431
197461.0,7424858.0,502.638312336
197545.0,7424803.0,502.693618634
197638.0,7424770.0,504.550317858
197736.0,7424751.0,505.004347919
197834.0,7424731.0,504.619550331
197917.0,7424688.0,503.927407603
197969.0,7424602.0,503.578434086
197998.0,7424507.0,503.123909171
198047.0,7424422.0,503.711231644
198103.0,7424340.0,504.872416535
198145.0,7424249.0,505.115287274
198191.0,7424161.0,505.128006345
198262.0,7424091.0,505.877020071
198325.0,7424016.0,506.123822945
198326.0,7423916.0,505.522216179
198358.0,7423833.0,505.628866918
198435.0,7423769.0,505.997905825
195287.0,7428816.0,481.467826157
195323.0,7428910.0,479.214061225
195272.0,7428995.0,478.534847403
195208.0,7429067.0,477.869600962
195117.0,7429109.0,478.094258458
195027.0,7429152.0,477.98905169
194933.0,7429177.0,477.909788965
194834.0,7429167.0,478.389738405
194734.0,7429158.0,478.846104987
194648.0,7429117.0,480.111533302
194574.0,7429050.0,480.743818542
194501.0,7428982.0,481.723845964
194427.0,7428915.0,481.698700586
194356.0,7428845.0,481.512135594
194327.0,7428753.0,481.658339834
194355.0,7428669.0,482.058913131
194437.0,7428613.0,483.167717971
194520.0,7428556.0,483.984863684
194617.0,7428538.0,484.744638992
194716.0,7428525.0,485.347200836
194815.0,7428512.0,484.607624161
194911.0,7428535.0,484.656601356
195007.0,7428563.0,484.023902528
195101.0,7428596.0,483.165239282
195171.0,7428665.0,483.121302225
195236.0,7428741.0,482.872976362
189425.0,7432141.0,473.888442002
189330.0,7432109.0,474.036115169
189241.0,7432064.0,475.743505517
189218.0,7431987.0,476.931633221
189249.0,7431892.0,479.700129671
189284.0,7431798.0,481.005209263
189320.0,7431705.0,481.844528975
189401.0,7431647.0,483.487990324
189482.0,7431589.0,484.484670339
189563.0,7431531.0,485.142528741
189660.0,7431509.0,484.131078492
189755.0,7431519.0,482.412221709
189845.0,7431562.0,481.063144061
189935.0,7431606.0,478.965491374
190020.0,7431658.0,477.761991116
190069.0,7431739.0,475.62282824
190098.0,7431835.0,474.806278828
190075.0,7431923.0,474.501831614
190006.0,7431991.0,475.143393814
189923.0,7432044.0,474.484783887
189846.0,7432109.0,472.665986436
189759.0,7432156.0,472.176289501
189663.0,7432169.0,473.024273363
189563.0,7432162.0,474.466469197
196420.0,7433472.0,469.005999635
196329.0,7433431.0,469.446854066
196256.0,7433365.0,470.782111781
196191.0,7433289.0,472.34346023
196190.0,7433205.0,475.687394316
196241.0,7433123.0,475.032581718
196329.0,7433075.0,474.813039514
196422.0,7433038.0,473.646339498
196514.0,7433034.0,473.756919416
196609.0,7433065.0,477.117572311
196707.0,7433087.0,481.142596132
196804.0,7433109.0,481.785728115
196902.0,7433131.0,480.047437582
196999.0,7433153.0,481.235984945
197090.0,7433191.0,485.603765569
197177.0,7433241.0,477.731880849
197237.0,7433317.0,468.423404259
197198.0,7433393.0,467.911118148
197102.0,7433419.0,469.347689936
197008.0,7433451.0,469.306055451
196915.0,7433488.0,468.713206578
196817.0,7433507.0,469.105020282
196719.0,7433526.0,469.503879167
196621.0,7433515.0,473.592789535
196523.0,7433494.0,469.701078706
196425.0,7433473.0,469.045035157
202431.0,7397957.0,578.472921647
202461.0,7397861.0,578.584297321
202529.0,7397809.0,578.945721185
202629.0,7397809.0,579.016647454
202729.0,7397809.0,578.459318204
202788.0,7397836.0,577.785370734
202749.0,7397928.0,577.212973665
202711.0,7398020.0,576.990719135
202672.0,7398112.0,576.708704074
202633.0,7398205.0,576.342386442
202599.0,7398298.0,575.934960749
202574.0,7398395.0,575.159997545
202549.0,7398492.0,574.607903217
202511.0,7398584.0,574.124441645
202474.0,7398677.0,573.961141803
202436.0,7398770.0,574.042456961
202367.0,7398835.0,573.769493449
202279.0,7398875.0,573.430707013
202188.0,7398847.0,573.410481484
202243.0,7398764.0,573.568274944
202279.0,7398673.0,573.564912129
202291.0,7398574.0,574.401462396
202311.0,7398476.0,575.159214379
202332.0,7398378.0,575.435218175
202352.0,7398280.0,575.54814244
202373.0,7398182.0,576.207057305
202394.0,7398084.0,577.304989372
198072.0,7400245.0,563.42205887
198085.0,7400146.0,563.92278161
198098.0,7400047.0,564.065292428
198105.0,7399947.0,564.568350534
198111.0,7399847.0,564.889394049
198168.0,7399768.0,565.624049716
198234.0,7399694.0,566.060221108
198301.0,7399619.0,566.587709812
198311.0,7399524.0,566.322394132
198303.0,7399424.0,566.643271542
198329.0,7399330.0,567.272821786
198352.0,7399237.0,567.716550798
198312.0,7399146.0,567.500975924
198331.0,7399059.0,567.631889395
198385.0,7398975.0,568.045836935
198440.0,7398891.0,568.261689952
198507.0,7398824.0,568.308532496
198603.0,7398799.0,568.334817748
198697.0,7398767.0,571.983970226
198747.0,7398681.0,571.3502978
198797.0,7398594.0,570.187089644
198755.0,7398505.0,569.519544997
198696.0,7398425.0,569.33181038
198685.0,7398344.0,569.978769171
198742.0,7398262.0,571.188416842
198799.0,7398179.0,572.184815112
198856.0,7398097.0,573.462362109
198913.0,7398015.0,573.314054976
198968.0,7397932.0,572.187980814
198994.0,7397835.0,572.399239949
199070.0,7397809.0,573.208652682
199170.0,7397809.0,574.666536114
199270.0,7397809.0,575.484684636
199370.0,7397809.0,574.820209969
199470.0,7397809.0,574.699617139
199570.0,7397809.0,575.789107141
199670.0,7397809.0,575.749504613
199770.0,7397809.0,575.230185664
199870.0,7397809.0,575.096271164
199970.0,7397809.0,576.200954168
200070.0,7397809.0,576.611623939
200170.0,7397809.0,577.982669437
200270.0,7397809.0,580.046500751
200370.0,7397809.0,581.496014851
200470.0,7397809.0,581.47259776
200570.0,7397809.0,579.756173132
200670.0,7397809.0,578.388156317
200770.0,7397809.0,577.486336074
200870.0,7397809.0,576.68804968
200970.0,7397809.0,575.999966339
201070.0,7397809.0,575.780785513
201170.0,7397809.0,574.673760696
201270.0,7397809.0,574.874068477
201370.0,7397809.0,575.53775294
201470.0,7397809.0,576.634475775
201570.0,7397809.0,578.218990588
201670.0,7397809.0,578.591359667
201770.0,7397809.0,578.639325206
201870.0,7397809.0,579.357164022
201970.0,7397809.0,579.318630299
202070.0,7397809.0,578.23262957
202170.0,7397809.0,577.570071361
202252.0,7397823.0,577.65124372
202226.0,7397920.0,577.040413598
202206.0,7398018.0,576.943503882
202187.0,7398116.0,576.358346625
202167.0,7398214.0,576.076009986
202140.0,7398310.0,576.45976312
202107.0,7398404.0,576.27709904
202074.0,7398499.0,575.011016075
201991.0,7398552.0,573.888725531
201895.0,7398580.0,574.028022423
201798.0,7398605.0,575.261980952
201747.0,7398687.0,575.513835354
201713.0,7398780.0,573.974034653
201682.0,7398875.0,572.752160676
201652.0,7398971.0,572.148484144
201582.0,7399040.0,571.88124866
201499.0,7399070.0,571.74170809
201411.0,7399027.0,571.249891587
201370.0,7398949.0,571.453191296
201388.0,7398852.0,571.507585143
201434.0,7398763.0,572.038522252
201480.0,7398674.0,573.084080548
201499.0,7398585.0,573.049073438
201434.0,7398509.0,572.396117677
201360.0,7398451.0,572.51096508
201260.0,7398456.0,572.667494947
201185.0,7398517.0,572.614193217
201135.0,7398602.0,571.975781068
201090.0,7398690.0,571.806744439
201035.0,7398774.0,574.519361953
201013.0,7398860.0,576.042231649
201066.0,7398945.0,572.927510568
201119.0,7399030.0,571.523879629
201134.0,7399124.0,570.418872393
201126.0,7399224.0,570.112781358
201114.0,7399322.0,569.976529192
201069.0,7399412.0,569.665263161
201023.0,7399501.0,569.554823624
200961.0,7399578.0,568.849791803
200896.0,7399655.0,568.883071513
200817.0,7399710.0,569.62402065
200723.0,7399744.0,570.08487159
200628.0,7399777.0,568.954599334
200539.0,7399818.0,567.863555417
200463.0,7399884.0,567.843263389
200387.0,7399949.0,567.287906394
200310.0,7400012.0,566.689166973
200230.0,7400072.0,566.316877807
200180.0,7400159.0,566.072926612
200130.0,7400246.0,566.045601557
200081.0,7400333.0,566.155390076
200032.0,7400420.0,566.089339267
199976.0,7400501.0,565.860055441
199897.0,7400562.0,565.251405345
199815.0,7400619.0,564.718412883
199730.0,7400672.0,564.859804368
199645.0,7400725.0,564.246794133
199560.0,7400778.0,563.838992804
199477.0,7400834.0,563.97664302
199395.0,7400891.0,563.701845586
199307.0,7400931.0,563.458820452
199207.0,7400940.0,563.143926109
199122.0,7400892.0,562.826580159
199040.0,7400835.0,562.558034891
198956.0,7400783.0,563.027841449
198858.0,7400803.0,562.535095619
198760.0,7400825.0,561.993882238
198679.0,7400879.0,562.073943377
198606.0,7400947.0,562.10863039
198531.0,7400984.0,562.011057461
198456.0,7400918.0,561.787687224
198394.0,7400840.0,562.843967819
198332.0,7400761.0,562.534861834
198265.0,7400688.0,562.857816709
198188.0,7400625.0,562.343464061
198127.0,7400547.0,562.405067198
198079.0,7400461.0,564.086019735
198069.0,7400361.0,564.148383797
214759.0,7401120.0,547.792835
214761.0,7401023.0,548.714451162
214772.0,7400924.0,550.060928501
214805.0,7400845.0,551.43593539
214900.0,7400840.0,553.664677
214994.0,7400875.0,558.921112
215059.0,7400943.0,556.277138773
215107.0,7401030.0,553.250021756
215155.0,7401118.0,550.746030256
215204.0,7401206.0,550.364213505
215252.0,7401293.0,551.113056645
215307.0,7401376.0,552.029162083
215372.0,7401451.0,549.643350096
215438.0,7401527.0,549.576026446
215500.0,7401605.0,548.440382833
215534.0,7401699.0,548.717100894
215568.0,7401793.0,549.717242787
215603.0,7401887.0,551.107931059
215612.0,7401980.0,551.392901857
215570.0,7402070.0,550.078004572
215529.0,7402161.0,548.715998325
215557.0,7402248.0,547.740187781
215615.0,7402330.0,547.17211168
215672.0,7402412.0,545.712338781
215729.0,7402494.0,543.945364842
215816.0,7402538.0,543.264139306
215902.0,7402585.0,542.366554203
215975.0,7402654.0,541.811543771
216009.0,7402739.0,541.206447015
216008.0,7402839.0,540.892368857
216006.0,7402939.0,540.859716296
216005.0,7403039.0,540.437530516
215965.0,7403123.0,540.517464751
215875.0,7403081.0,541.25027171
215873.0,7402981.0,541.594768122
215857.0,7402884.0,541.832837528
215823.0,7402790.0,542.097443771
215790.0,7402696.0,542.338853203
215756.0,7402601.0,543.416884768
215716.0,7402511.0,544.052427103
215648.0,7402438.0,546.17862831
215579.0,7402365.0,547.154771197
215511.0,7402292.0,547.360600039
215432.0,7402236.0,547.044914806
215341.0,7402207.0,546.14737463
215336.0,7402123.0,546.560437977
215407.0,7402052.0,547.912634844
215468.0,7401976.0,548.934802381
215422.0,7401888.0,548.13575053
215375.0,7401800.0,546.936444773
215327.0,7401712.0,546.891442652
215276.0,7401626.0,546.76476066
215196.0,7401566.0,546.68463623
215134.0,7401489.0,546.867890218
215069.0,7401412.0,548.097723305
215004.0,7401337.0,548.086545734
214938.0,7401261.0,547.463368894
214858.0,7401201.0,547.699331869
201787.0,7399546.0,573.451805927
201854.0,7399472.0,572.807759996
201881.0,7399378.0,572.007661244
201900.0,7399281.0,571.776018835
201980.0,7399220.0,572.292060541
202062.0,7399164.0,572.976865555
202156.0,7399130.0,574.166520095
202250.0,7399096.0,575.098445317
202347.0,7399077.0,575.413459274
202447.0,7399068.0,575.402714907
202546.0,7399077.0,576.099451985
202644.0,7399094.0,575.472973532
202742.0,7399112.0,576.756799787
202833.0,7399090.0,577.299603449
202915.0,7399032.0,577.695370802
202956.0,7398953.0,576.532732864
202951.0,7398853.0,576.29464901
202893.0,7398777.0,575.720892546
202810.0,7398722.0,575.317327222
202782.0,7398651.0,575.721824405
202836.0,7398568.0,575.816878276
202901.0,7398492.0,575.772159097
202981.0,7398432.0,576.958553731
203049.0,7398361.0,578.00098723
203099.0,7398275.0,578.376287941
203149.0,7398188.0,578.344419647
203199.0,7398102.0,579.364424764
203249.0,7398015.0,579.356186901
203280.0,7397920.0,578.517281317
203311.0,7397825.0,580.000681089
203399.0,7397809.0,580.827088521
203499.0,7397809.0,582.684288043
203599.0,7397809.0,583.51064681
203699.0,7397809.0,583.062747564
203799.0,7397809.0,582.996729287
203899.0,7397809.0,584.173838614
203999.0,7397809.0,586.55568271
204099.0,7397809.0,585.276662991
204199.0,7397809.0,583.222826676
204299.0,7397809.0,581.886859856
204399.0,7397809.0,582.207755021
204499.0,7397809.0,583.859360216
204599.0,7397809.0,583.788972768
204699.0,7397809.0,583.738408388
204799.0,7397809.0,583.584561132
204899.0,7397809.0,583.686686467
204999.0,7397809.0,584.369486752
205099.0,7397809.0,584.94164702
205199.0,7397809.0,585.512763497
205299.0,7397809.0,585.824728652
205399.0,7397809.0,586.109893646
205499.0,7397809.0,586.668447207
205599.0,7397809.0,587.66155546
205699.0,7397809.0,587.964586159
205799.0,7397809.0,588.715707537
205899.0,7397809.0,589.680585221
205999.0,7397809.0,590.036861741
206099.0,7397809.0,590.321041652
206199.0,7397809.0,590.621894913
206299.0,7397809.0,591.856828822
206399.0,7397809.0,593.546988993
206499.0,7397809.0,594.915356091
206599.0,7397809.0,595.331849031
206699.0,7397809.0,594.201068329
206799.0,7397809.0,592.052777497
206899.0,7397809.0,590.838182432
206999.0,7397809.0,589.815565098
207099.0,7397809.0,589.897823897
207199.0,7397809.0,587.165007433
207299.0,7397809.0,583.603445861
207399.0,7397809.0,580.867416065
207499.0,7397809.0,579.731122826
207599.0,7397809.0,579.809686128
207699.0,7397809.0,579.88653035
207799.0,7397809.0,579.769671556
207899.0,7397809.0,576.589647618
207999.0,7397809.0,575.543333538
208099.0,7397809.0,574.967097531
208199.0,7397809.0,573.972920999
208299.0,7397809.0,573.032425614
208399.0,7397809.0,572.451967629
208499.0,7397809.0,573.570005811
208599.0,7397809.0,574.405227934
208699.0,7397809.0,573.250694561
208799.0,7397809.0,571.517959905
208899.0,7397809.0,571.477953185
208999.0,7397809.0,570.989287459
209099.0,7397809.0,570.810569946
209199.0,7397809.0,569.99797699
209299.0,7397809.0,569.27843541
209399.0,7397809.0,569.098357756
209499.0,7397809.0,568.8752997
209599.0,7397809.0,567.940944942
209699.0,7397809.0,566.835992161
209799.0,7397809.0,565.475618431
209899.0,7397809.0,564.313008515
209999.0,7397809.0,563.569183067
210099.0,7397809.0,562.665586086
210199.0,7397809.0,563.613853025
210299.0,7397809.0,564.085473858
210399.0,7397809.0,563.717296229
210499.0,7397809.0,562.700385711
210599.0,7397809.0,562.49692228
210699.0,7397809.0,561.83927414
210799.0,7397809.0,560.509404022
210899.0,7397809.0,561.184803492
210999.0,7397809.0,564.384058286
211099.0,7397809.0,568.548944944
211199.0,7397809.0,564.926464213
211299.0,7397809.0,561.955370205
211399.0,7397809.0,560.190287482
211499.0,7397809.0,559.26775635
211599.0,7397809.0,558.457245668
211699.0,7397809.0,557.10656338
211799.0,7397809.0,556.571700698
211899.0,7397809.0,557.005140218
211999.0,7397809.0,557.001668075
212066.0,7397878.0,556.632579247
212045.0,7397971.0,556.249643729
211994.0,7398057.0,555.965426592
212020.0,7398149.0,556.479578723
212090.0,7398215.0,557.348020324
212177.0,7398264.0,556.722379645
212264.0,7398314.0,555.661639791
212360.0,7398340.0,555.334887366
212458.0,7398362.0,558.044174452
212556.0,7398377.0,556.830422327
212655.0,7398393.0,558.01117539
212668.0,7398480.0,559.462811517
212638.0,7398575.0,558.693699705
212608.0,7398671.0,557.876805172
212572.0,7398764.0,572.116810751
212516.0,7398845.0,570.672987039
212457.0,7398922.0,559.231515836
212460.0,7399022.0,557.262805298
212505.0,7399108.0,559.061215302
212574.0,7399179.0,563.827208943
212653.0,7399241.0,559.160146316
212714.0,7399312.0,552.911808762
212725.0,7399412.0,550.569407112
212732.0,7399511.0,550.306979554
212687.0,7399585.0,551.270117142
212612.0,7399646.0,552.685575984
212550.0,7399725.0,553.802016024
212544.0,7399825.0,552.962994052
212541.0,7399925.0,551.325822743
212536.0,7400024.0,550.668579291
212509.0,7400120.0,552.864720486
212494.0,7400218.0,552.559772334
212508.0,7400317.0,550.313133078
212521.0,7400416.0,548.973468646
212503.0,7400507.0,547.418463941
212447.0,7400590.0,549.503568755
212435.0,7400684.0,549.339304796
212448.0,7400783.0,547.976555225
212385.0,7400834.0,546.762470003
212307.0,7400790.0,547.2598921
212235.0,7400721.0,547.540555804
212162.0,7400653.0,547.715189516
212082.0,7400593.0,548.119285872
211984.0,7400599.0,549.405856177
211908.0,7400654.0,549.673143516
211851.0,7400736.0,549.132691721
211859.0,7400827.0,547.83870035
211901.0,7400918.0,554.343250624
211986.0,7400968.0,553.732766981
212074.0,7401016.0,552.853856472
212155.0,7401074.0,553.528232411
212236.0,7401133.0,552.124584125
212315.0,7401194.0,550.304237796
212387.0,7401263.0,551.211002315
212460.0,7401332.0,555.041090061
212540.0,7401392.0,560.655060633
212619.0,7401452.0,560.025316227
212699.0,7401513.0,556.445455285
212768.0,7401584.0,554.463346031
212830.0,7401662.0,549.460741733
212899.0,7401734.0,546.932889931
212900.0,7401823.0,545.360038707
212821.0,7401873.0,545.536165168
212732.0,7401915.0,546.724931981
212670.0,7401994.0,548.136272625
212609.0,7402072.0,552.006132783
212558.0,7402157.0,550.774040252
212532.0,7402253.0,550.129047553
212567.0,7402344.0,556.582121314
212613.0,7402433.0,556.931419871
212672.0,7402510.0,555.614358634
212760.0,7402557.0,554.115989337
212853.0,7402579.0,554.403262244
212953.0,7402566.0,552.515024311
213028.0,7402517.0,550.769840966
213071.0,7402427.0,551.279096733
213114.0,7402336.0,555.660450637
213159.0,7402247.0,549.324927642
213206.0,7402159.0,547.013418887
213282.0,7402096.0,544.080485892
213363.0,7402037.0,543.58861248
213429.0,7401968.0,541.900007878
213450.0,7401870.0,544.501097465
213425.0,7401782.0,544.118537772
213361.0,7401705.0,545.044228884
213283.0,7401648.0,544.843842878
213189.0,7401614.0,544.584845042
213095.0,7401579.0,543.986318623
213016.0,7401520.0,543.308025336
212944.0,7401452.0,543.320702521
212871.0,7401383.0,544.891854241
212799.0,7401313.0,544.791138026
212732.0,7401240.0,545.552489298
212683.0,7401156.0,546.293197728
212659.0,7401059.0,547.718041433
212636.0,7400962.0,548.53563215
212668.0,7400868.0,548.933156681
212704.0,7400775.0,546.452484731
212741.0,7400682.0,546.390873293
212777.0,7400588.0,545.592218146
212814.0,7400503.0,546.229082014
212897.0,7400447.0,549.557619898
212924.0,7400355.0,549.367353239
212937.0,7400256.0,550.391765235
212948.0,7400157.0,552.080124067
212944.0,7400057.0,550.362578296
212941.0,7399957.0,548.665529506
212929.0,7399858.0,548.305043472
212923.0,7399758.0,548.511705429
212920.0,7399658.0,548.440564001
212900.0,7399561.0,548.664046488
212869.0,7399470.0,549.248095615
212906.0,7399377.0,549.738039371
212950.0,7399288.0,551.215698713
213019.0,7399217.0,552.890618733
213099.0,7399157.0,554.786579074
213151.0,7399082.0,554.487730226
213147.0,7398982.0,554.832949294
213079.0,7398911.0,555.347529775
213001.0,7398849.0,552.723926536
212922.0,7398787.0,553.686377921
212876.0,7398710.0,552.977045554
212877.0,7398610.0,556.712494491
212879.0,7398510.0,555.300993691
212929.0,7398424.0,552.568581622
212965.0,7398336.0,553.289685539
212906.0,7398255.0,557.387337253
212830.0,7398192.0,557.38501533
212746.0,7398138.0,555.287076776
212659.0,7398088.0,555.775924935
212576.0,7398039.0,556.927972269
212634.0,7397960.0,555.28637084
212702.0,7397887.0,555.237844167
212724.0,7397809.0,555.548307751
212824.0,7397809.0,556.371453064
212924.0,7397809.0,558.762248673
213024.0,7397809.0,558.861610371
213124.0,7397809.0,561.657081403
213224.0,7397809.0,566.443653615
213324.0,7397809.0,569.579563651
213424.0,7397809.0,569.593088516
213524.0,7397809.0,566.863526225
213624.0,7397809.0,565.028369862
213724.0,7397809.0,564.775269104
213824.0,7397809.0,565.369440791
213924.0,7397809.0,566.459898311
214024.0,7397809.0,566.320852325
214124.0,7397809.0,570.675482401
214224.0,7397809.0,569.095435902
214324.0,7397809.0,571.842873036
214424.0,7397809.0,574.793275172
214524.0,7397809.0,573.963989542
214624.0,7397809.0,573.905183873
214724.0,7397809.0,575.159375906
214824.0,7397809.0,575.811888202
214924.0,7397809.0,576.849379673
215024.0,7397809.0,577.556283964
215124.0,7397809.0,574.98010649
215224.0,7397809.0,573.511961218
215324.0,7397809.0,574.027298497
215424.0,7397809.0,574.874626595
215524.0,7397809.0,575.726629386
215624.0,7397809.0,577.714522135
215724.0,7397809.0,580.631766006
215824.0,7397809.0,580.404738369
215924.0,7397809.0,578.596158396
216024.0,7397809.0,576.229266558
216124.0,7397809.0,574.777505478
216224.0,7397809.0,573.761487756
216324.0,7397809.0,577.337010218
216424.0,7397809.0,573.507378767
216524.0,7397809.0,572.20684432
216624.0,7397809.0,572.226765997
216724.0,7397809.0,571.135228784
216824.0,7397809.0,571.779008293
216924.0,7397809.0,569.050411773
217024.0,7397809.0,569.813847385
217124.0,7397809.0,572.273050823
217224.0,7397809.0,575.906935089
217324.0,7397809.0,579.782522848
217424.0,7397809.0,590.205110379
217524.0,7397809.0,586.298748883
217624.0,7397809.0,579.466672547
217724.0,7397809.0,576.10618431
217824.0,7397809.0,577.483813067
217924.0,7397809.0,575.537726514
218024.0,7397809.0,573.471178022
218124.0,7397809.0,578.533865574
218224.0,7397809.0,581.957094834
218324.0,7397809.0,580.974540221
218424.0,7397809.0,567.401108365
218524.0,7397809.0,565.713657988
218624.0,7397809.0,564.184266285
218695.0,7397870.0,564.069844903
218759.0,7397947.0,563.911960117
218826.0,7398021.0,562.735512011
218904.0,7398083.0,561.196500136
218903.0,7398177.0,561.33165028
218930.0,7398264.0,562.044894099
219001.0,7398334.0,560.320142191
219072.0,7398404.0,559.655088905
219105.0,7398496.0,559.500530443
219144.0,7398586.0,560.00057364
219214.0,7398657.0,561.428595662
219284.0,7398729.0,563.750838426
219344.0,7398807.0,564.887276489
219386.0,7398898.0,564.127973065
219386.0,7398995.0,564.700340372
219368.0,7399094.0,566.53467371
219349.0,7399192.0,567.681418387
219383.0,7399281.0,569.27426488
219437.0,7399365.0,569.221424015
219532.0,7399394.0,568.765466779
219628.0,7399390.0,572.376814264
219722.0,7399356.0,571.725435179
219816.0,7399352.0,572.393659991
219904.0,7399400.0,574.189757328
220000.0,7399379.0,582.570471206
220098.0,7399379.0,574.951359315
220192.0,7399369.0,576.418764755
220275.0,7399312.0,577.417902038
220357.0,7399255.0,577.463202451
220439.0,7399198.0,591.284886965
220521.0,7399141.0,595.812393945
220603.0,7399084.0,584.525774926
220688.0,7399032.0,578.573373123
220781.0,7399026.0,575.896397211
220877.0,7399055.0,570.847745181
220972.0,7399085.0,574.69337193
221054.0,7399042.0,585.027347211
221130.0,7398976.0,593.460569321
221192.0,7398902.0,599.079964827
221223.0,7398806.0,603.59687428
221253.0,7398711.0,596.566683387
221304.0,7398627.0,584.899370868
221368.0,7398551.0,577.034718886
221447.0,7398489.0,573.967111607
221536.0,7398449.0,570.081525848
221627.0,7398472.0,577.465182707
221713.0,7398522.0,587.898306087
221779.0,7398597.0,577.716904473
221840.0,7398675.0,562.161237536
221902.0,7398754.0,572.72084505
221963.0,7398833.0,589.395245621
222021.0,7398914.0,584.411566604
222077.0,7398997.0,595.211611811
222143.0,7399073.0,600.081944503
222212.0,7399145.0,591.273070269
222302.0,7399188.0,607.240948177
222393.0,7399228.0,609.205329016
222478.0,7399279.0,595.463503791
222546.0,7399351.0,586.44266844
222630.0,7399395.0,578.579248755
222728.0,7399392.0,565.785831524
222802.0,7399324.0,560.182146273
222856.0,7399242.0,557.332237778
222906.0,7399155.0,554.629390077
222957.0,7399076.0,552.688390435
223048.0,7399035.0,550.450512513
223128.0,7398976.0,549.104270379
223197.0,7398908.0,547.876206954
223225.0,7398812.0,546.814004281
223204.0,7398722.0,545.618562275
223148.0,7398639.0,545.115959936
223092.0,7398556.0,545.258584797
223033.0,7398477.0,544.595213917
222933.0,7398477.0,544.991201783
222833.0,7398489.0,545.704948245
222767.0,7398418.0,546.415933121
222717.0,7398337.0,546.640496128
222728.0,7398239.0,545.921130753
222666.0,7398160.0,546.124446529
222605.0,7398082.0,546.453160823
222564.0,7397992.0,546.074629627
222527.0,7397899.0,545.475370858
222501.0,7397809.0,544.522323024
222601.0,7397809.0,544.117293876
222701.0,7397809.0,543.486264086
222794.0,7397842.0,544.150836427
222875.0,7397901.0,544.648528411
222956.0,7397959.0,544.158336875
223038.0,7398017.0,544.996297779
223098.0,7398096.0,544.215485149
223155.0,7398178.0,542.805861896
223222.0,7398252.0,542.555293677
223294.0,7398322.0,543.040516079
223355.0,7398399.0,542.566609401
223400.0,7398488.0,543.173746157
223444.0,7398578.0,543.859068794
223478.0,7398672.0,543.914817423
223524.0,7398760.0,543.055853046
223592.0,7398823.0,543.318386367
223692.0,7398831.0,543.219229108
223792.0,7398840.0,542.96915796
223879.0,7398888.0,542.746166263
223967.0,7398936.0,542.170758833
224055.0,7398984.0,541.558181344
224153.0,7398999.0,541.36145156
224244.0,7399024.0,541.143354144
224265.0,7399121.0,542.2557796
224286.0,7399219.0,543.276679908
224346.0,7399293.0,542.924113723
224425.0,7399353.0,543.145326467
224523.0,7399349.0,543.248564463
224622.0,7399337.0,542.986015115
224721.0,7399324.0,541.977865137
224820.0,7399320.0,541.987923024
224918.0,7399340.0,541.270053115
225008.0,7399384.0,542.210028735
225098.0,7399427.0,543.393991444
225187.0,7399473.0,541.922170082
225268.0,7399532.0,543.99980501
225348.0,7399591.0,551.869285277
225429.0,7399651.0,553.233353109
225522.0,7399684.0,550.025622675
225617.0,7399715.0,547.590614119
225712.0,7399747.0,541.951942154
225807.0,7399778.0,540.812647367
225877.0,7399838.0,539.518447296
225843.0,7399898.0,539.259904805
225750.0,7399934.0,539.550022052
225686.0,7400011.0,539.251236819
225666.0,7400102.0,539.080434317
225676.0,7400201.0,538.691780705
225684.0,7400301.0,538.911383258
225749.0,7400371.0,538.835813538
225829.0,7400431.0,539.932235975
225909.0,7400491.0,539.355602524
225966.0,7400572.0,538.820118459
226015.0,7400659.0,538.53594402
226057.0,7400749.0,538.13525828
226098.0,7400840.0,538.045270422
226076.0,7400936.0,538.022089619
226018.0,7400993.0,537.891469378
225924.0,7400965.0,538.324115789
225832.0,7400925.0,539.353543067
225740.0,7400888.0,539.643878229
225646.0,7400853.0,540.384090976
225553.0,7400815.0,540.772591844
225462.0,7400775.0,541.31323209
225370.0,7400734.0,541.832346037
225289.0,7400676.0,542.619162689
225208.0,7400617.0,543.601906407
225128.0,7400558.0,544.061472334
225047.0,7400499.0,544.596786423
224966.0,7400440.0,545.674502936
224884.0,7400385.0,546.162107042
224784.0,7400376.0,547.260816061
224685.0,7400367.0,548.725710584
224608.0,7400429.0,548.925841425
224535.0,7400497.0,548.714299947
224462.0,7400565.0,548.483919553
224375.0,7400522.0,550.058918232
224287.0,7400473.0,551.699372893
224194.0,7400462.0,552.095310804
224097.0,7400486.0,552.976584529
224000.0,7400510.0,553.21587207
223903.0,7400535.0,553.821879953
223806.0,7400530.0,554.242031863
223709.0,7400507.0,554.65397128
223610.0,7400497.0,555.161934812
223551.0,7400557.0,554.725322557
223523.0,7400653.0,553.669285946
223495.0,7400749.0,552.731596619
223397.0,7400756.0,551.874444621
223305.0,7400787.0,550.961459805
223226.0,7400846.0,550.875427493
223217.0,7400945.0,549.594073168
223209.0,7401045.0,548.598133581
223131.0,7401021.0,549.230374183
223045.0,7400970.0,550.020938541
222980.0,7400895.0,550.98873278
222940.0,7400809.0,552.053433514
222939.0,7400709.0,553.32891855
222937.0,7400609.0,554.423499085
222936.0,7400509.0,555.213646317
222956.0,7400412.0,557.212778919
222983.0,7400316.0,561.073007769
222951.0,7400227.0,562.324044324
222897.0,7400144.0,561.088497952
222802.0,7400126.0,561.465671401
222702.0,7400120.0,562.724415314
222602.0,7400114.0,565.173066244
222507.0,7400138.0,568.29243052
222436.0,7400198.0,571.232066094
222406.0,7400293.0,572.015831575
222412.0,7400387.0,565.320122973
222454.0,7400478.0,558.348127299
222482.0,7400574.0,556.503949837
222401.0,7400633.0,557.01130272
222320.0,7400691.0,557.892355379
222238.0,7400750.0,556.992093405
222152.0,7400800.0,557.183943219
222053.0,7400803.0,558.138810108
222001.0,7400733.0,559.128942109
221942.0,7400665.0,560.295964745
221842.0,7400653.0,560.834380425
221765.0,7400682.0,562.530325932
221754.0,7400781.0,560.984895939
221733.0,7400878.0,560.81757197
221690.0,7400968.0,562.528584216
221614.0,7401029.0,563.903927597
221530.0,7401083.0,564.971724115
221445.0,7401137.0,566.624678571
221383.0,7401215.0,570.850362505
221323.0,7401294.0,571.679863011
221342.0,7401382.0,569.859118649
221391.0,7401469.0,566.606415634
221441.0,7401556.0,565.023757665
221490.0,7401643.0,562.962839768
221524.0,7401737.0,561.935757629
221502.0,7401829.0,560.999593541
221410.0,7401841.0,562.250902657
221347.0,7401771.0,564.383638384
221290.0,7401689.0,565.232327475
221238.0,7401604.0,568.056313784
221204.0,7401510.0,570.325824712
221162.0,7401420.0,571.399365353
221096.0,7401352.0,574.729373372
220997.0,7401333.0,575.629399554
220906.0,7401357.0,575.331373024
220820.0,7401409.0,577.283672355
220811.0,7401500.0,577.446643339
220858.0,7401585.0,577.131836263
220923.0,7401661.0,575.097999293
220987.0,7401738.0,571.517647399
221041.0,7401821.0,569.707582849
221084.0,7401911.0,571.433835767
221126.0,7402002.0,578.203412015
221169.0,7402092.0,583.458486716
221207.0,7402185.0,576.088156138
221244.0,7402278.0,570.540511963
221265.0,7402374.0,570.549112872
221265.0,7402474.0,573.046599771
221260.0,7402573.0,572.131163369
221232.0,7402669.0,571.504099242
221153.0,7402717.0,573.556588479
221059.0,7402751.0,574.288954223
220965.0,7402786.0,573.650411461
220883.0,7402833.0,573.222682822
220861.0,7402931.0,577.148461663
220843.0,7403029.0,579.760375717
220865.0,7403125.0,574.787142861
220912.0,7403214.0,570.855057616
220967.0,7403294.0,569.252794404
221051.0,7403349.0,565.894732333
221135.0,7403403.0,564.840907283
221223.0,7403448.0,565.566612513
221321.0,7403467.0,565.535316919
221419.0,7403486.0,564.032164732
221518.0,7403504.0,559.339480244
221604.0,7403458.0,558.154726617
221693.0,7403414.0,558.976788269
221790.0,7403437.0,557.626372502
221863.0,7403485.0,555.21723216
221902.0,7403577.0,553.919327445
221923.0,7403675.0,552.285225629
221891.0,7403756.0,551.08313095
221798.0,7403769.0,551.55506047
221701.0,7403791.0,552.214460233
221643.0,7403873.0,552.715444433
221614.0,7403960.0,552.971064033
221649.0,7404054.0,552.7146419
221684.0,7404148.0,552.215043595
221735.0,7404232.0,552.069254306
221785.0,7404316.0,550.684536028
221805.0,7404413.0,550.010702767
221841.0,7404503.0,549.575883804
221912.0,7404574.0,546.918795555
221983.0,7404644.0,546.488161018
222073.0,7404689.0,545.321458693
222159.0,7404738.0,543.721546799
222225.0,7404803.0,542.689134677
222179.0,7404870.0,542.65019241
222083.0,7404898.0,542.865560516
222007.0,7404954.0,543.60425035
221949.0,7405036.0,544.279014635
221969.0,7405131.0,543.80376418
221954.0,7405223.0,543.933868357
221903.0,7405309.0,544.594891882
221901.0,7405409.0,544.362900017
221809.0,7405374.0,545.630347388
221743.0,7405301.0,546.442223887
221681.0,7405222.0,547.404747226
221651.0,7405128.0,548.164468825
221624.0,7405031.0,548.614866681
221582.0,7404941.0,549.383134359
221537.0,7404852.0,550.694429638
221493.0,7404762.0,551.568097169
221443.0,7404675.0,552.711074673
221377.0,7404609.0,553.553112085
221277.0,7404598.0,553.642597503
221178.0,7404583.0,554.466612566
221081.0,7404564.0,555.512873921
220981.0,7404552.0,557.214518783
220882.0,7404559.0,558.268748742
220786.0,7404577.0,560.055858019
220738.0,7404665.0,559.457720571
220696.0,7404754.0,562.900544847
220748.0,7404840.0,559.931475456
220809.0,7404915.0,558.789450848
220906.0,7404939.0,556.886932759
221001.0,7404969.0,555.158113142
221021.0,7405044.0,554.05786861
221001.0,7405141.0,553.412093652
221011.0,7405241.0,553.291330304
221018.0,7405340.0,552.937960999
220978.0,7405432.0,553.757397476
220983.0,7405531.0,554.080619931
221057.0,7405596.0,552.432584913
221143.0,7405636.0,553.670338051
221243.0,7405627.0,556.309501996
221336.0,7405593.0,557.07043702
221430.0,7405556.0,554.112243711
221524.0,7405552.0,551.829673038
221619.0,7405582.0,548.405745217
221715.0,7405609.0,546.229659025
221792.0,7405665.0,545.30201759
221763.0,7405756.0,545.586250982
221723.0,7405847.0,544.874644791
221684.0,7405939.0,544.959394482
221635.0,7406024.0,545.550338443
221550.0,7406070.0,546.251559791
221456.0,7406037.0,547.555059036
221361.0,7406005.0,547.608209181
221273.0,7405960.0,548.91738898
221190.0,7405904.0,550.008182852
221107.0,7405848.0,550.929171181
221017.0,7405805.0,551.765409253
220925.0,7405765.0,552.515778902
220834.0,7405725.0,553.847710272
220742.0,7405686.0,555.753261291
220642.0,7405694.0,557.5402036
220570.0,7405759.0,558.354687051
220506.0,7405835.0,556.936131051
220478.0,7405931.0,558.984740226
220473.0,7406025.0,562.775873547
220533.0,7406105.0,561.247743896
220593.0,7406185.0,557.257518466
220653.0,7406265.0,555.968699065
220605.0,7406353.0,561.319946139
220618.0,7406443.0,561.037694933
220666.0,7406531.0,559.161862937
220714.0,7406618.0,555.854071355
220762.0,7406706.0,549.978502827
220779.0,7406803.0,548.737492036
220785.0,7406902.0,548.247571482
220790.0,7407002.0,547.837895936
220796.0,7407102.0,547.404426382
220802.0,7407202.0,546.673705651
220779.0,7407298.0,547.293485027
220748.0,7407393.0,548.015863593
220717.0,7407488.0,549.383013318
220686.0,7407583.0,551.679025563
220687.0,7407682.0,548.573445745
220696.0,7407781.0,546.721299652
220613.0,7407832.0,547.376723831
220546.0,7407906.0,548.39061069
220468.0,7407962.0,549.789478946
220371.0,7407987.0,552.012741039
220274.0,7408012.0,553.737846879
220216.0,7408092.0,555.72597992
220168.0,7408178.0,558.554668577
220209.0,7408269.0,552.904177829
220241.0,7408363.0,554.291648981
220260.0,7408460.0,555.608484229
220240.0,7408558.0,549.751969303
220221.0,7408656.0,548.812195641
220201.0,7408755.0,546.145737403
220216.0,7408853.0,544.475264031
220232.0,7408952.0,542.331487963
220206.0,7408989.0,542.298043324
220165.0,7408898.0,544.132790288
220138.0,7408802.0,545.622402836
220137.0,7408703.0,551.494902698
220093.0,7408620.0,550.945413527
220022.0,7408550.0,551.941171535
219923.0,7408543.0,550.012357405
219841.0,7408593.0,548.387349885
219780.0,7408672.0,547.806599173
219724.0,7408755.0,545.632215985
219645.0,7408815.0,543.617552936
219591.0,7408759.0,548.853156248
219611.0,7408661.0,561.457154516
219632.0,7408563.0,568.855465479
219653.0,7408465.0,564.889167019
219669.0,7408367.0,561.733807194
219672.0,7408267.0,563.017329743
219675.0,7408167.0,570.109880614
219678.0,7408067.0,568.999612202
219681.0,7407967.0,569.767314
219639.0,7407907.0,574.157483207
219553.0,7407958.0,571.642177675
219467.0,7408009.0,567.848293995
219381.0,7408052.0,552.107041546
219298.0,7408012.0,547.877381542
219280.0,7407913.0,551.569773359
219263.0,7407815.0,552.526663039
219245.0,7407717.0,552.019056082
219187.0,7407642.0,544.101471091
219106.0,7407583.0,544.474004767
219025.0,7407524.0,545.887628504
218939.0,7407480.0,543.627185339
218839.0,7407474.0,541.995030709
218745.0,7407440.0,543.491135256
218658.0,7407455.0,544.973909148
218583.0,7407521.0,544.597885588
218514.0,7407592.0,544.103421551
218479.0,7407686.0,542.440245485
218445.0,7407780.0,539.925531381
218397.0,7407865.0,537.938258376
218322.0,7407931.0,536.244174991
218247.0,7407997.0,535.016971645
218164.0,7408052.0,534.41215215
218079.0,7408104.0,532.65860046
217994.0,7408157.0,531.229137073
217909.0,7408211.0,529.983711993
217828.0,7408269.0,528.578527236
217747.0,7408327.0,527.263648048
217662.0,7408380.0,526.33804603
217568.0,7408411.0,525.377653809
217515.0,7408385.0,525.08518868
217541.0,7408290.0,526.190754364
217575.0,7408229.0,526.905210233
217674.0,7408215.0,528.872763055
217753.0,7408169.0,530.103849687
217800.0,7408081.0,533.412668833
217853.0,7407997.0,541.201921876
217917.0,7407923.0,549.473503218
218006.0,7407877.0,542.926388962
218092.0,7407826.0,542.195158398
218156.0,7407755.0,547.034319063
218190.0,7407661.0,547.437729647
218225.0,7407567.0,545.096289688
218217.0,7407469.0,537.556755419
218202.0,7407370.0,536.868191627
218243.0,7407292.0,539.735463551
218318.0,7407226.0,549.964262502
218393.0,7407160.0,568.577571826
218463.0,7407089.0,569.209490584
218524.0,7407010.0,571.054540681
218556.0,7406922.0,569.485045155
218532.0,7406827.0,562.307508828
218451.0,7406769.0,545.176596168
218395.0,7406689.0,541.886497813
218417.0,7406598.0,542.692788837
218452.0,7406505.0,546.256388992
218474.0,7406408.0,543.608246724
218518.0,7406389.0,543.999807727
218543.0,7406486.0,550.014151675
218591.0,7406568.0,547.614640549
218672.0,7406627.0,557.050226112
218769.0,7406623.0,551.674085219
218847.0,7406571.0,557.362587256
218908.0,7406491.0,555.726011847
218959.0,7406529.0,571.030322789
218987.0,7406619.0,570.62234379
218957.0,7406714.0,559.668974614
218926.0,7406810.0,553.50140001
218962.0,7406902.0,549.891584321
219041.0,7406902.0,553.753613205
219123.0,7406846.0,554.330666287
219202.0,7406785.0,562.36162241
219292.0,7406806.0,568.603577376
219371.0,7406794.0,590.690931052
219412.0,7406703.0,595.798876455
219430.0,7406605.0,594.421504009
219472.0,7406520.0,583.283543639
219515.0,7406440.0,575.325084384
219470.0,7406351.0,581.609507818
219425.0,7406262.0,582.255077749
219387.0,7406171.0,587.737256538
219403.0,7406072.0,584.888005684
219471.0,7406050.0,579.877628102
219537.0,7406116.0,574.658964937
219588.0,7406202.0,574.938969328
219640.0,7406287.0,579.291296993
219712.0,7406318.0,577.757038526
219795.0,7406262.0,568.287067003
219814.0,7406171.0,571.065271038
219811.0,7406071.0,581.266123595
219792.0,7405973.0,572.235453926
219772.0,7405875.0,567.300479008
219753.0,7405777.0,566.582775045
219726.0,7405681.0,568.61238639
219665.0,7405611.0,580.565135838
219598.0,7405685.0,583.134482238
219540.0,7405731.0,585.080199459
219559.0,7405634.0,578.289332056
219585.0,7405538.0,577.968683152
219624.0,7405446.0,585.654739027
219663.0,7405354.0,587.734959237
219698.0,7405260.0,586.43703179
219732.0,7405166.0,592.105492348
219766.0,7405072.0,588.442729302
219795.0,7404977.0,590.422877597
219813.0,7404878.0,599.39841388
219830.0,7404780.0,605.798801396
219847.0,7404681.0,596.653698278
219883.0,7404588.0,597.824090656
219920.0,7404495.0,600.086175308
219991.0,7404428.0,590.573861076
220071.0,7404368.0,585.103202869
220133.0,7404289.0,582.373012215
220192.0,7404209.0,583.492255589
220251.0,7404129.0,582.179840388
220267.0,7404030.0,584.207078575
220280.0,7403931.0,582.769088707
220228.0,7403846.0,592.655471086
220244.0,7403748.0,589.899164122
220262.0,7403650.0,585.45065423
220251.0,7403563.0,587.087633874
220164.0,7403609.0,594.423447646
220077.0,7403660.0,590.857418425
220017.0,7403734.0,587.846264936
219976.0,7403826.0,589.811407645
219944.0,7403920.0,583.121319144
219922.0,7404017.0,585.360392194
219908.0,7404116.0,605.9217099
219894.0,7404215.0,620.776707383
219838.0,7404294.0,619.795851871
219769.0,7404366.0,608.269964893
219717.0,7404448.0,599.856247165
219695.0,7404546.0,600.400957605
219674.0,7404643.0,590.049822639
219652.0,7404741.0,584.403953278
219631.0,7404839.0,581.469735809
219609.0,7404936.0,585.78653832
219574.0,7405030.0,597.844021006
219539.0,7405123.0,596.779605475
219503.0,7405217.0,595.627378623
219467.0,7405310.0,588.645480069
219432.0,7405404.0,577.276871486
219396.0,7405497.0,563.73554435
219362.0,7405591.0,561.723481198
219338.0,7405688.0,563.201031563
219304.0,7405782.0,571.181547469
219245.0,7405863.0,573.787188114
219187.0,7405944.0,567.678845023
219171.0,7406041.0,568.500008473
219149.0,7406132.0,562.108025274
219061.0,7406178.0,556.991672996
218969.0,7406192.0,552.903063419
218921.0,7406123.0,551.2746292
218922.0,7406023.0,551.628485669
218855.0,7405949.0,549.223040086
218785.0,7405877.0,546.088576407
218731.0,7405794.0,547.849078431
218698.0,7405701.0,551.034572326
218676.0,7405603.0,554.658003218
218655.0,7405506.0,551.005431228
218680.0,7405413.0,554.811965286
218723.0,7405323.0,553.450716508
218750.0,7405231.0,555.171245131
218802.0,7405159.0,557.818479487
218774.0,7405063.0,552.489721914
218760.0,7404968.0,548.989526885
218801.0,7404879.0,548.60614845
218897.0,7404852.0,550.074654203
218994.0,7404866.0,558.079606814
219091.0,7404884.0,561.356389988
219163.0,7404815.0,554.812670445
219205.0,7404725.0,552.927108469
219243.0,7404632.0,554.531865437
219233.0,7404538.0,559.817029924
219201.0,7404443.0,556.153744556
219169.0,7404348.0,555.76750025
219123.0,7404262.0,555.474788699
219048.0,7404196.0,554.166054226
218985.0,7404217.0,552.270779739
218967.0,7404316.0,550.499756164
218954.0,7404415.0,549.945107399
218932.0,7404508.0,549.404964492
218859.0,7404517.0,547.693243228
218845.0,7404423.0,547.93459152
218867.0,7404326.0,548.942672376
218889.0,7404228.0,550.024152454
218912.0,7404131.0,551.113978254
218934.0,7404033.0,551.811492929
218956.0,7403936.0,552.065622163
218954.0,7403836.0,551.845755979
218948.0,7403736.0,551.756468874
218943.0,7403636.0,553.993410472
218925.0,7403538.0,553.248154533
218901.0,7403441.0,554.220867735
218874.0,7403345.0,554.953117942
218846.0,7403249.0,555.623876726
218837.0,7403151.0,556.265659263
218848.0,7403052.0,557.984304088
218914.0,7403019.0,560.888984022
218996.0,7403077.0,562.428779364
219078.0,7403134.0,566.902420449
219166.0,7403161.0,563.578131461
219261.0,7403130.0,565.009891891
219338.0,7403067.0,571.733048464
219414.0,7403002.0,574.147724815
219504.0,7402972.0,571.01489308
219604.0,7402963.0,572.266484704
219701.0,7402969.0,575.155417927
219794.0,7403008.0,572.326188346
219886.0,7403046.0,572.26903041
219954.0,7403026.0,575.451687099
219934.0,7402928.0,576.149146647
219914.0,7402830.0,578.63247861
219894.0,7402732.0,576.30703793
219854.0,7402642.0,575.147158308
219789.0,7402577.0,573.977256883
219692.0,7402599.0,568.810413963
219595.0,7402625.0,565.916176807
219499.0,7402652.0,564.515840588
219423.0,7402607.0,564.27457707
219379.0,7402530.0,566.30784755
219430.0,7402448.0,568.546305602
219525.0,7402422.0,568.632006306
219623.0,7402411.0,569.531119104
219652.0,7402316.0,571.833206092
219644.0,7402216.0,569.914120148
219644.0,7402120.0,571.638915077
219711.0,7402045.0,579.157293384
219777.0,7401971.0,583.005499693
219825.0,7401884.0,578.438607424
219886.0,7401804.0,572.944002979
219946.0,7401725.0,567.208663653
220005.0,7401644.0,566.903777669
219957.0,7401559.0,563.98372608
219877.0,7401502.0,562.065117496
219789.0,7401454.0,560.977812013
219736.0,7401378.0,560.364326725
219710.0,7401282.0,557.513147897
219680.0,7401187.0,558.323076784
219588.0,7401149.0,555.873935297
219523.0,7401105.0,557.359924709
219554.0,7401010.0,560.405277636
219594.0,7400918.0,560.548774529
219626.0,7400824.0,561.801174686
219652.0,7400727.0,565.200334364
219623.0,7400637.0,566.122377387
219574.0,7400549.0,565.496897072
219514.0,7400477.0,565.942852842
219508.0,7400377.0,566.064343382
219486.0,7400282.0,567.139287829
219466.0,7400187.0,568.730701118
219461.0,7400087.0,569.350395549
219439.0,7399994.0,569.619474119
219362.0,7399931.0,568.476709704
219316.0,7399851.0,569.768806593
219334.0,7399753.0,571.069666271
219345.0,7399655.0,572.356661786
219305.0,7399563.0,568.362262619
219287.0,7399467.0,568.150897868
219239.0,7399386.0,567.75281196
219163.0,7399321.0,568.02274002
219063.0,7399324.0,567.646131528
219017.0,7399405.0,567.88501067
218986.0,7399500.0,570.31471206
218984.0,7399600.0,568.661637681
218982.0,7399700.0,566.292634524
218981.0,7399800.0,565.497079999
218979.0,7399900.0,564.101226846
218972.0,7399999.0,563.282563442
218959.0,7400098.0,562.056377526
218946.0,7400198.0,560.419632143
218943.0,7400297.0,559.107067526
218957.0,7400394.0,558.582342257
219008.0,7400481.0,558.716843215
219065.0,7400563.0,558.867194013
219127.0,7400641.0,559.508545433
219169.0,7400724.0,559.237606144
219141.0,7400817.0,558.856278281
219065.0,7400882.0,558.19353466
218989.0,7400947.0,557.795963513
218913.0,7401011.0,558.237499339
218850.0,7401084.0,556.222648788
218848.0,7401184.0,555.569335437
218846.0,7401284.0,556.459630381
218845.0,7401384.0,551.200532171
218780.0,7401399.0,551.846691579
218767.0,7401304.0,552.391216128
218759.0,7401204.0,552.533907456
218751.0,7401105.0,553.740170923
218737.0,7401006.0,553.740177946
218722.0,7400907.0,553.27204711
218707.0,7400808.0,556.363486639
218692.0,7400709.0,561.859205735
218678.0,7400610.0,559.581249351
218665.0,7400511.0,558.174004475
218655.0,7400412.0,558.99488868
218646.0,7400312.0,562.270279662
218636.0,7400212.0,564.33155945
218627.0,7400113.0,564.027060403
218617.0,7400013.0,561.987241426
218608.0,7399914.0,563.538324429
218598.0,7399814.0,562.536102555
218603.0,7399716.0,562.838584564
218628.0,7399619.0,563.348109799
218653.0,7399522.0,562.87310387
218651.0,7399423.0,559.967986146
218646.0,7399323.0,560.296174171
218640.0,7399223.0,562.508437521
218593.0,7399135.0,564.62746268
218520.0,7399102.0,562.856253658
218429.0,7399144.0,562.7989411
218381.0,7399209.0,561.491575239
218434.0,7399294.0,559.955431245
218486.0,7399379.0,559.020799792
218510.0,7399467.0,558.652233765
218441.0,7399487.0,557.587813269
218403.0,7399395.0,558.270119668
218365.0,7399303.0,559.566693874
218307.0,7399228.0,560.255565349
218214.0,7399191.0,560.19886029
218117.0,7399166.0,560.460609576
218020.0,7399141.0,561.640320538
217934.0,7399162.0,562.036701896
217865.0,7399234.0,562.275407416
217878.0,7399326.0,562.303897737
217940.0,7399402.0,563.572533847
218010.0,7399473.0,560.529298042
218081.0,7399544.0,559.113272554
218151.0,7399615.0,558.55197412
218213.0,7399690.0,557.932357678
218217.0,7399790.0,557.330196902
218221.0,7399890.0,556.003370295
218225.0,7399990.0,552.956894025
218229.0,7400090.0,553.356418592
218233.0,7400190.0,553.882844567
218237.0,7400290.0,554.394796024
218241.0,7400390.0,553.087742418
218245.0,7400489.0,551.874404207
218242.0,7400589.0,552.172237872
218240.0,7400689.0,551.396932803
218237.0,7400789.0,551.839282454
218234.0,7400889.0,552.084210583
218235.0,7400989.0,551.579055608
218233.0,7401089.0,551.280484654
218229.0,7401189.0,551.004655284
218225.0,7401289.0,550.805394232
218222.0,7401389.0,549.651051043
218218.0,7401489.0,547.577699441
218214.0,7401589.0,547.146898043
218181.0,7401544.0,547.438960364
218155.0,7401449.0,548.801877561
218161.0,7401349.0,550.100905117
218168.0,7401249.0,550.148375901
218176.0,7401150.0,550.484043431
218185.0,7401050.0,550.903986698
218195.0,7400951.0,551.434575699
218197.0,7400851.0,552.239739683
218191.0,7400751.0,550.474179054
218186.0,7400651.0,551.547953173
218179.0,7400552.0,551.110220638
218159.0,7400454.0,551.288661382
218140.0,7400356.0,552.094782818
218120.0,7400258.0,551.951221389
218100.0,7400160.0,551.847455348
218080.0,7400061.0,552.569008959
218061.0,7399963.0,554.175012782
218026.0,7399870.0,554.307022077
217987.0,7399778.0,555.500078769
217934.0,7399697.0,556.36607919
217850.0,7399643.0,557.35893968
217767.0,7399638.0,559.750414933
217714.0,7399720.0,566.72566813
217757.0,7399810.0,560.465100908
217802.0,7399900.0,557.293454738
217801.0,7399988.0,554.787518037
217731.0,7400042.0,554.115776276
217631.0,7400051.0,554.554603141
217534.0,7400031.0,554.99546856
217437.0,7400006.0,555.002466953
217339.0,7399987.0,554.894440375
217240.0,7399975.0,553.976592226
217141.0,7399964.0,553.688253731
217047.0,7399930.0,552.657809296
217032.0,7399834.0,555.470674066
217114.0,7399820.0,556.875596876
217212.0,7399837.0,556.200773485
217311.0,7399855.0,555.348785751
217406.0,7399856.0,558.207255967
217456.0,7399780.0,562.568396746
217403.0,7399698.0,559.168988119
217309.0,7399661.0,556.479731962
217216.0,7399625.0,555.431968458
217123.0,7399589.0,554.441863202
217032.0,7399550.0,553.899067392
216993.0,7399458.0,554.994607424
216972.0,7399361.0,560.623925255
216986.0,7399265.0,562.695793471
217052.0,7399201.0,573.170223849
217146.0,7399185.0,573.256195583
217243.0,7399210.0,570.816198304
217340.0,7399231.0,573.289233059
217439.0,7399249.0,584.094622907
217538.0,7399261.0,574.466242213
217624.0,7399231.0,568.52506325
217664.0,7399140.0,564.40283818
217678.0,7399045.0,563.777030707
217655.0,7398948.0,564.051126629
217632.0,7398851.0,563.815794591
217566.0,7398778.0,563.607152158
217479.0,7398743.0,563.146911394
217379.0,7398748.0,562.99828063
217284.0,7398778.0,562.443675021
217190.0,7398811.0,561.784565895
217098.0,7398850.0,561.063920758
217012.0,7398901.0,560.126358082
216926.0,7398952.0,559.548316727
216835.0,7398981.0,559.885400312
216735.0,7398973.0,560.067559389
216638.0,7398952.0,562.39000873
216538.0,7398961.0,565.775997438
216438.0,7398970.0,563.970928349
216347.0,7398943.0,563.345968697
216257.0,7398908.0,563.079246425
216164.0,7398944.0,564.047597636
216070.0,7398979.0,567.263680051
215977.0,7399015.0,570.869445487
215968.0,7399108.0,571.232615418
216049.0,7399166.0,574.928147278
216133.0,7399221.0,566.920052248
216216.0,7399276.0,571.647496414
216303.0,7399324.0,572.983681868
216396.0,7399361.0,572.354017172
216489.0,7399397.0,586.708224729
216577.0,7399441.0,580.486617235
216633.0,7399524.0,575.190651662
216688.0,7399607.0,570.925209708
216744.0,7399690.0,563.648511196
216754.0,7399789.0,555.344128085
216734.0,7399865.0,554.382133782
216640.0,7399853.0,554.272852344
216555.0,7399800.0,555.107377897
216470.0,7399747.0,556.530835898
216394.0,7399682.0,556.720271902
216318.0,7399618.0,557.391903682
216241.0,7399553.0,559.221150389
216165.0,7399489.0,560.068337459
216085.0,7399428.0,561.595237545
216005.0,7399369.0,562.587174771
215925.0,7399309.0,563.77758593
215836.0,7399294.0,564.946334146
215744.0,7399332.0,566.660803229
215690.0,7399415.0,563.898546733
215634.0,7399496.0,565.979830842
215549.0,7399547.0,568.807560366
215572.0,7399641.0,569.315562725
215609.0,7399734.0,565.199507368
215696.0,7399783.0,566.39243588
215784.0,7399831.0,575.369907535
215871.0,7399879.0,568.566573821
215959.0,7399928.0,561.132072195
216031.0,7399993.0,561.347216791
216089.0,7400074.0,563.546916015
216153.0,7400151.0,558.419526238
216224.0,7400221.0,554.82166082
216296.0,7400291.0,554.939503857
216349.0,7400373.0,553.237463241
216389.0,7400465.0,551.632462916
216429.0,7400557.0,551.077625674
216367.0,7400580.0,551.18080169
216277.0,7400535.0,552.134901342
216188.0,7400490.0,553.234717691
216098.0,7400445.0,554.054983911
216009.0,7400400.0,556.111588648
215920.0,7400356.0,557.384669929
215820.0,7400345.0,557.73462313
215721.0,7400336.0,556.809520612
215630.0,7400297.0,558.228906443
215543.0,7400248.0,559.294919262
215474.0,7400265.0,558.784006458
215469.0,7400364.0,558.057895443
215464.0,7400464.0,557.368152784
215425.0,7400540.0,558.504421701
215333.0,7400578.0,559.736123723
215240.0,7400612.0,558.656530207
215143.0,7400589.0,557.295640742
215045.0,7400566.0,555.756016026
214964.0,7400511.0,554.552125376
215000.0,7400432.0,558.741325775
215050.0,7400347.0,560.403029799
215074.0,7400250.0,554.965712199
215129.0,7400169.0,558.16073866
215120.0,7400096.0,556.676170527
215033.0,7400047.0,556.219214929
214954.0,7399995.0,556.143530453
215003.0,7399917.0,557.513512385
215103.0,7399921.0,558.992472688
215202.0,7399926.0,561.793113848
215302.0,7399939.0,568.670194499
215401.0,7399947.0,566.972829716
215380.0,7399862.0,570.640906769
215328.0,7399777.0,561.86107661
215368.0,7399686.0,564.687672087
215317.0,7399618.0,562.757438403
215232.0,7399567.0,561.92957647
215170.0,7399488.0,562.782603791
215106.0,7399412.0,563.374073762
215028.0,7399462.0,564.217031895
214998.0,7399558.0,563.323497831
214954.0,7399622.0,560.820152321
214879.0,7399556.0,560.70766289
214799.0,7399555.0,569.12641245
214757.0,7399644.0,561.076906781
214690.0,7399644.0,561.95123025
214622.0,7399572.0,560.734288396
214537.0,7399519.0,560.015654228
214466.0,7399451.0,560.910250384
214404.0,7399372.0,561.882961611
214325.0,7399357.0,560.947416915
214235.0,7399397.0,560.565187747
214135.0,7399402.0,563.145004319
214042.0,7399422.0,563.522570361
214046.0,7399522.0,559.556947953
214085.0,7399613.0,559.984881095
214129.0,7399703.0,560.591237716
214189.0,7399781.0,555.296100206
214261.0,7399850.0,555.414747921
214334.0,7399919.0,555.352487642
214406.0,7399988.0,554.339175794
214424.0,7400074.0,553.478465384
214366.0,7400099.0,553.291938787
214284.0,7400043.0,553.894141484
214198.0,7399996.0,553.925499461
214113.0,7400048.0,552.906786512
214113.0,7400136.0,552.334343498
214145.0,7400230.0,554.133986669
214178.0,7400325.0,551.985073811
214163.0,7400422.0,549.681488794
214098.0,7400364.0,550.405741998
214036.0,7400285.0,551.103406859
213966.0,7400215.0,550.32312621
213888.0,7400152.0,551.094336078
213811.0,7400089.0,551.528418147
213733.0,7400026.0,552.748909154
213656.0,7399962.0,553.897926426
213601.0,7399879.0,555.099484038
213634.0,7399792.0,555.073216019
213693.0,7399712.0,556.348940436
213753.0,7399631.0,557.948241402
213812.0,7399551.0,559.117539257
213871.0,7399470.0,559.21517286
213893.0,7399374.0,558.986827748
213903.0,7399275.0,560.9235944
213886.0,7399176.0,561.47475235
213869.0,7399078.0,562.829270801
213845.0,7398982.0,564.221768323
213746.0,7398983.0,562.567709168
213647.0,7398991.0,561.705833379
213567.0,7399050.0,561.359984231
213502.0,7399126.0,560.226464074
213425.0,7399184.0,558.522776527
213332.0,7399221.0,558.033141248
213250.0,7399274.0,557.565303654
213182.0,7399348.0,559.89853434
213154.0,7399443.0,562.510458254
213159.0,7399543.0,561.5248837
213168.0,7399643.0,557.627349008
213184.0,7399739.0,558.572801907
213255.0,7399810.0,567.347037909
213325.0,7399881.0,571.229562834
213381.0,7399962.0,584.572182756
213426.0,7400052.0,586.477681964
213428.0,7400147.0,581.908943007
213398.0,7400241.0,579.611419293
213390.0,7400341.0,570.007203896
213383.0,7400441.0,565.980374822
213413.0,7400536.0,567.809355409
213445.0,7400630.0,578.469670589
213493.0,7400718.0,589.343913986
213532.0,7400809.0,589.726704272
213554.0,7400907.0,588.700486443
213561.0,7401005.0,590.434606063
213551.0,7401105.0,581.787986297
213541.0,7401204.0,572.934973045
213526.0,7401303.0,579.970550056
213510.0,7401402.0,584.0029544
213520.0,7401500.0,581.566612867
213538.0,7401599.0,552.437403943
213574.0,7401689.0,547.120587462
213650.0,7401749.0,550.827122581
213692.0,7401828.0,555.915116542
213757.0,7401899.0,548.549487372
213836.0,7401959.0,544.812967511
213886.0,7402038.0,543.032414979
213903.0,7402136.0,543.203801346
213921.0,7402235.0,544.5909858
213957.0,7402327.0,543.135728923
213959.0,7402427.0,545.951443478
213960.0,7402527.0,547.816848647
213989.0,7402621.0,548.795365025
214031.0,7402712.0,548.259714771
214101.0,7402780.0,547.288639171
214188.0,7402829.0,545.298773428
214274.0,7402878.0,544.198270275
214330.0,7402961.0,545.98856295
214386.0,7403044.0,542.868589156
214442.0,7403127.0,541.299782709
214471.0,7403217.0,539.911535745
214465.0,7403317.0,540.40512357
214451.0,7403414.0,539.401125972
214381.0,7403485.0,540.295036139
214286.0,7403512.0,542.621314346
214189.0,7403534.0,544.539469175
214092.0,7403561.0,546.195941211
214001.0,7403600.0,547.54902076
214023.0,7403682.0,547.093099339
214075.0,7403766.0,553.189124779
214091.0,7403865.0,550.610414361
214131.0,7403955.0,549.874674726
214177.0,7404044.0,548.301766173
214223.0,7404133.0,548.735156279
214263.0,7404224.0,548.747494417
214294.0,7404320.0,549.11885312
214319.0,7404415.0,549.404927654
214291.0,7404511.0,547.616664369
214264.0,7404607.0,567.590766888
214296.0,7404700.0,560.96408377
214358.0,7404772.0,548.97045277
214446.0,7404820.0,549.095589492
214533.0,7404868.0,543.693882
214594.0,7404944.0,545.300668803
214613.0,7405039.0,562.994027046
214600.0,7405137.0,545.639198929
214571.0,7405232.0,545.230954711
214493.0,7405293.0,548.064755137
214433.0,7405215.0,548.992450059
214385.0,7405127.0,553.316989389
214336.0,7405040.0,565.000064869
214259.0,7404983.0,558.477001824
214168.0,7404942.0,569.465868669
214076.0,7404901.0,577.620199121
213985.0,7404860.0,588.327680603
213903.0,7404808.0,601.355421924
213844.0,7404727.0,592.48807443
213785.0,7404647.0,608.173772973
213726.0,7404566.0,596.794307915
213662.0,7404489.0,600.141415276
213599.0,7404412.0,594.298648453
213530.0,7404342.0,592.144596567
213481.0,7404423.0,584.074878163
213445.0,7404516.0,573.016981322
213463.0,7404613.0,574.217849325
213488.0,7404710.0,569.070836057
213513.0,7404807.0,556.759641972
213575.0,7404885.0,556.255548646
213639.0,7404962.0,554.447570726
213701.0,7405040.0,556.178183037
213762.0,7405120.0,558.506986661
213805.0,7405207.0,567.389518911
213824.0,7405305.0,575.572352178
213843.0,7405404.0,559.038504387
213864.0,7405501.0,551.822018738
213898.0,7405595.0,549.857741167
213973.0,7405660.0,548.498596607
214052.0,7405721.0,548.428606291
214120.0,7405793.0,548.326837556
214161.0,7405884.0,551.264343703
214203.0,7405975.0,553.962533291
214254.0,7406059.0,544.780451196
214245.0,7406150.0,545.92688401
214229.0,7406249.0,545.122566616
214216.0,7406348.0,546.389995255
214229.0,7406441.0,544.63494861
214294.0,7406517.0,545.688004558
214349.0,7406599.0,545.500858199
214343.0,7406698.0,543.915984377
214334.0,7406798.0,542.556735192
214325.0,7406898.0,542.561600069
214316.0,7406997.0,544.758519596
214348.0,7407092.0,548.228635368
214375.0,7407188.0,545.583839646
214396.0,7407285.0,544.261134362
214371.0,7407380.0,547.256967331
214336.0,7407474.0,553.673767214
214302.0,7407568.0,571.032036698
214259.0,7407658.0,584.334412256
214243.0,7407751.0,582.777740618
214280.0,7407844.0,577.930519938
214317.0,7407936.0,564.606886702
214354.0,7408029.0,578.688622822
214376.0,7408127.0,583.700732631
214398.0,7408224.0,585.462059468
214427.0,7408320.0,587.431494631
214427.0,7408418.0,580.849527524
214412.0,7408517.0,579.799878304
214382.0,7408611.0,585.815350562
214348.0,7408705.0,573.812943951
214265.0,7408738.0,546.175079019
214165.0,7408749.0,557.01650909
214084.0,7408697.0,568.937133967
214006.0,7408635.0,558.511369484
213972.0,7408542.0,555.031329791
213937.0,7408448.0,542.678738824
213897.0,7408357.0,535.440231696
213889.0,7408258.0,537.024059612
213886.0,7408158.0,537.933311794
213844.0,7408075.0,535.099238676
213767.0,7408011.0,533.452639799
213715.0,7407935.0,533.565755636
213709.0,7407835.0,535.39580589
213660.0,7407751.0,532.622372399
213597.0,7407674.0,531.476574048
213559.0,7407586.0,531.617269498
213564.0,7407492.0,532.909405718
213631.0,7407418.0,535.240301605
213692.0,7407340.0,536.735643506
213706.0,7407241.0,537.161186392
213719.0,7407142.0,538.418393359
213666.0,7407065.0,536.098989684
213591.0,7406999.0,535.943598762
213492.0,7407001.0,534.637766926
213409.0,7406981.0,533.528599443
213373.0,7406888.0,533.611877837
213366.0,7406793.0,534.944368127
213395.0,7406698.0,537.102225808
213424.0,7406602.0,539.917590052
213436.0,7406503.0,541.393243262
213444.0,7406403.0,543.039219554
213452.0,7406304.0,543.402986476
213452.0,7406205.0,544.948641719
213397.0,7406122.0,543.846873082
213327.0,7406059.0,544.534075127
213228.0,7406043.0,541.903908707
213140.0,7406017.0,540.279258377
213151.0,7405921.0,541.442436232
213203.0,7405837.0,544.19281301
213267.0,7405761.0,547.348096056
213325.0,7405680.0,549.580098413
213383.0,7405598.0,550.703141133
213358.0,7405503.0,546.75101878
213323.0,7405409.0,545.370480799
213233.0,7405368.0,544.333632619
213138.0,7405337.0,543.50328487
213042.0,7405308.0,541.88455613
212972.0,7405238.0,541.97261931
212908.0,7405162.0,541.222718946
212845.0,7405084.0,542.967492039
212782.0,7405006.0,542.463752477
212728.0,7404925.0,544.122003236
212719.0,7404825.0,545.939534366
212715.0,7404725.0,546.573491833
212708.0,7404626.0,547.149678976
212675.0,7404531.0,546.387447344
212644.0,7404437.0,547.356618888
212674.0,7404341.0,549.378685518
212705.0,7404246.0,552.320566003
212739.0,7404152.0,554.778872651
212772.0,7404058.0,556.988874512
212774.0,7403961.0,557.808735601
212753.0,7403864.0,559.455066629
212731.0,7403766.0,562.36671678
212682.0,7403682.0,562.337510278
212616.0,7403607.0,561.559076046
212563.0,7403526.0,560.757256531
212510.0,7403443.0,560.348742115
212438.0,7403375.0,559.240822831
212365.0,7403306.0,559.608793832
212293.0,7403237.0,560.196965952
212218.0,7403171.0,560.706286593
212138.0,7403111.0,561.989537807
212058.0,7403050.0,563.396692913
211986.0,7402982.0,566.491808234
211913.0,7402913.0,561.142358837
211829.0,7402861.0,559.293298509
211740.0,7402815.0,561.521607238
211647.0,7402778.0,564.589051795
211556.0,7402737.0,568.92332033
211471.0,7402685.0,576.306464147
211390.0,7402627.0,586.555167525
211310.0,7402566.0,571.456046098
211230.0,7402506.0,568.570821165
211158.0,7402438.0,565.998918051
211099.0,7402358.0,563.105339778
211048.0,7402272.0,560.919024815
210999.0,7402185.0,561.887085305
210927.0,7402118.0,561.286182208
210845.0,7402061.0,561.675965773
210753.0,7402050.0,564.703369827
210656.0,7402075.0,564.170778143
210560.0,7402104.0,562.95117059
210464.0,7402128.0,563.919322008
210365.0,7402145.0,565.620423429
210266.0,7402161.0,566.48545841
210168.0,7402177.0,565.898875558
210074.0,7402207.0,562.433012081
209996.0,7402264.0,561.233785064
210051.0,7402346.0,561.19561775
210150.0,7402344.0,562.586300416
210249.0,7402331.0,563.172464397
210349.0,7402318.0,564.592609115
210448.0,7402305.0,563.443166198
210547.0,7402292.0,562.520398911
210645.0,7402313.0,562.170423129
210743.0,7402333.0,562.300587465
210820.0,7402393.0,563.357865678
210891.0,7402463.0,563.202553055
210954.0,7402540.0,563.664324576
211003.0,7402627.0,565.477613959
211062.0,7402706.0,565.30025875
211134.0,7402775.0,565.673376697
211219.0,7402825.0,566.898858626
211312.0,7402862.0,564.672161533
211403.0,7402903.0,569.849208012
211496.0,7402940.0,573.990878606
211590.0,7402975.0,569.041408334
211679.0,7403017.0,567.745077496
211754.0,7403082.0,569.832747621
211840.0,7403134.0,566.395817527
211921.0,7403191.0,578.013679422
211989.0,7403264.0,559.989986313
212056.0,7403338.0,563.318944486
212112.0,7403421.0,557.76184466
212168.0,7403504.0,554.439359072
212232.0,7403581.0,554.601317539
212295.0,7403658.0,554.544026861
212351.0,7403741.0,554.640831202
212402.0,7403827.0,552.971339396
212407.0,7403926.0,550.598766515
212408.0,7404026.0,549.45910824
212384.0,7404116.0,548.51514239
212318.0,7404191.0,547.654230723
212228.0,7404228.0,547.658914
212154.0,7404165.0,548.020289854
212077.0,7404101.0,548.433946052
211988.0,7404071.0,548.848553063
211890.0,7404086.0,549.593626923
211818.0,7404098.0,550.237218668
211738.0,7404038.0,551.155128313
211658.0,7403978.0,551.703278833
211583.0,7403911.0,552.755718736
211535.0,7403826.0,552.629406171
211496.0,7403734.0,553.799660227
211458.0,7403641.0,554.198706374
211380.0,7403579.0,554.462545938
211290.0,7403551.0,554.675235152
211192.0,7403566.0,555.48817136
211140.0,7403651.0,557.421594038
211095.0,7403740.0,561.180937806
211151.0,7403822.0,566.389301519
211211.0,7403901.0,567.287088206
211272.0,7403981.0,573.266122349
211302.0,7404071.0,565.640777686
211302.0,7404171.0,562.877992467
211232.0,7404242.0,573.753064358
211174.0,7404321.0,584.439685709
211146.0,7404417.0,597.942284157
211205.0,7404494.0,601.138248443
211273.0,7404567.0,577.695798029
211322.0,7404653.0,585.909860938
211357.0,7404746.0,580.189588184
211393.0,7404840.0,554.864187553
211429.0,7404933.0,554.391513077
211465.0,7405026.0,569.990124085
211504.0,7405118.0,566.874588959
211543.0,7405210.0,570.00964364
211582.0,7405302.0,569.71972188
211621.0,7405395.0,562.182978244
211662.0,7405486.0,561.091202266
211707.0,7405575.0,568.194308602
211751.0,7405665.0,564.165226729
211785.0,7405759.0,556.684959083
211820.0,7405853.0,548.117560605
211855.0,7405946.0,546.467943561
211889.0,7406040.0,549.628427459
211949.0,7406120.0,560.333944846
212010.0,7406199.0,546.964837001
212072.0,7406278.0,544.233541196
212133.0,7406357.0,540.870723065
212197.0,7406430.0,540.603091518
212216.0,7406529.0,541.381271302
212259.0,7406619.0,542.776236224
212301.0,7406710.0,542.292700427
212343.0,7406800.0,546.548680444
212375.0,7406894.0,540.85623054
212394.0,7406993.0,539.158164516
212413.0,7407091.0,537.571097966
212478.0,7407160.0,537.333170602
212562.0,7407214.0,537.020617351
212615.0,7407282.0,538.56570021
212626.0,7407382.0,536.651163195
212636.0,7407481.0,535.189682925
212647.0,7407581.0,534.208758549
212657.0,7407680.0,533.22708016
212648.0,7407777.0,533.177714485
212608.0,7407868.0,533.725874105
212642.0,7407951.0,532.456940239
212711.0,7408023.0,532.016651952
212780.0,7408095.0,531.624781258
212846.0,7408170.0,531.266110111
212907.0,7408249.0,530.688307277
212952.0,7408337.0,530.55202114
213001.0,7408425.0,529.735821609
213053.0,7408510.0,529.683227643
213099.0,7408598.0,528.145100428
213138.0,7408691.0,526.604344794
213177.0,7408783.0,525.721077621
213132.0,7408869.0,525.738247438
213055.0,7408928.0,526.495085814
212960.0,7408958.0,526.655660315
212864.0,7408988.0,526.925366103
212769.0,7409018.0,526.448849943
212672.0,7409015.0,525.666339457
212573.0,7408998.0,525.258190386
212475.0,7408981.0,524.664748702
212376.0,7408965.0,524.692343821
212276.0,7408956.0,525.5215857
212179.0,7408938.0,525.0433807
212083.0,7408910.0,524.685157665
211995.0,7408872.0,524.128869486
211957.0,7408779.0,524.669500427
211949.0,7408684.0,524.586146517
211967.0,7408585.0,526.335161004
211985.0,7408487.0,527.047544175
212002.0,7408389.0,528.200144797
211992.0,7408289.0,528.552935926
211936.0,7408213.0,527.955470401
211858.0,7408150.0,528.35544973
211764.0,7408137.0,528.716397458
211664.0,7408145.0,529.15867874
211618.0,7408079.0,529.621513078
211594.0,7407982.0,530.494754178
211581.0,7407883.0,531.063693192
211575.0,7407784.0,531.684258045
211549.0,7407690.0,532.140935363
211519.0,7407605.0,532.095735479
211569.0,7407518.0,533.147862037
211593.0,7407422.0,534.176573045
211643.0,7407335.0,535.392647348
211679.0,7407242.0,535.72591476
211644.0,7407154.0,535.314560613
211577.0,7407088.0,537.568855473
211477.0,7407082.0,539.322431976
211383.0,7407067.0,539.761318239
211339.0,7406977.0,539.983567818
211280.0,7406900.0,536.407950817
211197.0,7406844.0,534.414012921
211118.0,7406786.0,533.676094659
211109.0,7406702.0,533.851362044
211206.0,7406676.0,535.439062067
211301.0,7406646.0,537.112388594
211393.0,7406607.0,538.459440453
211485.0,7406569.0,539.017982291
211556.0,7406500.0,538.735078722
211600.0,7406416.0,538.593038694
211584.0,7406319.0,538.428919026
211506.0,7406255.0,538.301479449
211424.0,7406210.0,538.421336096
211331.0,7406248.0,537.031932346
211239.0,7406285.0,535.794189527
211164.0,7406218.0,535.962054395
211077.0,7406176.0,536.432622251
210986.0,7406151.0,536.40044937
211011.0,7406067.0,537.619465548
211074.0,7405989.0,539.233765349
211136.0,7405911.0,541.402665698
211198.0,7405832.0,542.395422537
211230.0,7405739.0,542.394672353
211255.0,7405642.0,543.8993447
211280.0,7405545.0,553.52786853
211271.0,7405447.0,548.538413993
211254.0,7405348.0,547.449033362
211237.0,7405250.0,547.424223118
211220.0,7405151.0,547.252031985
211198.0,7405055.0,546.538776886
211129.0,7404982.0,546.969283693
211060.0,7404910.0,547.952565197
210980.0,7404852.0,548.795476698
210895.0,7404799.0,548.523449168
210807.0,7404754.0,548.426911412
210708.0,7404763.0,548.070488364
210641.0,7404829.0,549.389160069
210585.0,7404912.0,551.196770706
210607.0,7405003.0,552.27032884
210652.0,7405092.0,547.282132367
210675.0,7405187.0,545.768309931
210641.0,7405244.0,544.152022755
210544.0,7405220.0,545.19461092
210448.0,7405238.0,544.573851562
210383.0,7405314.0,544.612190698
210356.0,7405403.0,544.211363987
210365.0,7405503.0,544.412729998
210370.0,7405601.0,543.392998913
210303.0,7405674.0,544.298944385
210208.0,7405691.0,545.312829413
210202.0,7405764.0,545.87462001
210255.0,7405849.0,546.475102238
210294.0,7405936.0,546.119575721
210277.0,7406034.0,545.64989053
210296.0,7406130.0,545.612035623
210383.0,7406178.0,542.007349799
210470.0,7406227.0,540.409873718
210558.0,7406275.0,539.157886966
210572.0,7406337.0,537.657734144
210506.0,7406412.0,537.355523658
210442.0,7406488.0,537.514771244
210484.0,7406576.0,536.625476449
210537.0,7406660.0,536.155942002
210545.0,7406752.0,535.819483734
210519.0,7406848.0,536.071081429
210502.0,7406947.0,532.947099476
210467.0,7407035.0,531.139801139
210373.0,7407041.0,530.290215422
210285.0,7406994.0,530.413317937
210211.0,7406928.0,530.965013255
210162.0,7406847.0,531.706528311
210165.0,7406748.0,532.898168981
210142.0,7406651.0,533.365345539
210093.0,7406565.0,533.684030127
210029.0,7406491.0,534.064035591
209931.0,7406472.0,533.688510429
209847.0,7406428.0,533.12564875
209779.0,7406354.0,532.991550051
209698.0,7406297.0,533.172832714
209630.0,7406226.0,533.512440644
209595.0,7406137.0,534.561945239
209606.0,7406038.0,535.227478339
209680.0,7405976.0,538.928554079
209768.0,7405929.0,541.103406621
209803.0,7405838.0,539.428302973
209816.0,7405739.0,539.310351132
209855.0,7405666.0,540.078989575
209954.0,7405659.0,541.972161469
210054.0,7405659.0,543.717979846
210079.0,7405591.0,544.859926979
210042.0,7405498.0,543.54526727
209993.0,7405415.0,541.990462859
209902.0,7405374.0,542.134761741
209810.0,7405375.0,541.677625881
209721.0,7405419.0,540.522995415
209644.0,7405423.0,539.798093373
209618.0,7405330.0,540.655713787
209619.0,7405230.0,541.423526723
209556.0,7405155.0,540.974481107
209477.0,7405100.0,541.24033812
209378.0,7405102.0,540.959313858
209300.0,7405164.0,540.456281061
209222.0,7405228.0,540.015434855
209146.0,7405292.0,539.626394624
209071.0,7405358.0,538.831545973
208990.0,7405381.0,538.322795557
208977.0,7405297.0,539.028299773
208995.0,7405199.0,539.620949903
209037.0,7405109.0,540.443512576
209080.0,7405018.0,540.91847891
209151.0,7404955.0,541.858831971
209240.0,7404908.0,542.479785266
209289.0,7404823.0,542.085202433
209333.0,7404734.0,542.079073909
209389.0,7404650.0,543.388586493
209445.0,7404568.0,547.486664664
209478.0,7404477.0,547.146411195
209459.0,7404385.0,545.355315542
209386.0,7404316.0,545.251581512
209305.0,7404257.0,545.191874274
209260.0,7404182.0,544.843678497
209267.0,7404082.0,546.045433847
209310.0,7403994.0,549.100050825
209363.0,7403909.0,552.117074584
209349.0,7403822.0,548.389488256
209293.0,7403740.0,547.883695264
209210.0,7403702.0,547.461756456
209111.0,7403707.0,547.656301107
209039.0,7403777.0,547.270131586
208968.0,7403847.0,546.968387382
208902.0,7403921.0,546.674573961
208859.0,7404011.0,546.842864411
208822.0,7404104.0,546.059184119
208793.0,7404199.0,545.590123938
208727.0,7404265.0,544.769806862
208640.0,7404313.0,544.640352826
208610.0,7404408.0,545.274201574
208618.0,7404507.0,544.821689234
208634.0,7404606.0,542.490110847
208599.0,7404694.0,541.611441101
208546.0,7404779.0,541.755336065
208534.0,7404867.0,544.529090471
208592.0,7404948.0,541.26332265
208647.0,7405026.0,539.73887659
208598.0,7405112.0,540.751902649
208546.0,7405198.0,541.174315312
208583.0,7405290.0,539.298278793
208625.0,7405381.0,537.457419848
208565.0,7405460.0,537.877379344
208505.0,7405540.0,538.192671928
208449.0,7405623.0,538.132537992
208468.0,7405721.0,537.735304372
208488.0,7405819.0,536.269824536
208530.0,7405909.0,535.331422166
208574.0,7405999.0,534.672808284
208613.0,7406091.0,534.889245638
208541.0,7406054.0,534.324004261
208450.0,7406014.0,534.119320603
208353.0,7405991.0,534.206065601
208254.0,7406002.0,534.385116076
208154.0,7406013.0,534.081238306
208055.0,7406023.0,534.343232827
207955.0,7406034.0,533.854942845
207856.0,7406045.0,532.916410135
207784.0,7405981.0,532.1166363
207733.0,7405899.0,532.279018813
207731.0,7405809.0,533.950110594
207819.0,7405762.0,538.540663749
207910.0,7405721.0,543.610184446
207893.0,7405629.0,538.808826434
207809.0,7405584.0,536.477258973
207730.0,7405539.0,534.70263148
207789.0,7405473.0,535.367423029
207879.0,7405451.0,537.397845648
207977.0,7405470.0,537.698576293
208074.0,7405497.0,539.063012361
208164.0,7405496.0,540.872678402
208224.0,7405416.0,539.741196744
208285.0,7405337.0,539.391683154
208299.0,7405257.0,539.144379151
208206.0,7405232.0,538.257033517
208108.0,7405251.0,537.509808075
208022.0,7405238.0,536.969325213
207973.0,7405152.0,536.980969927
207879.0,7405124.0,536.20777219
207780.0,7405110.0,535.729174424
207680.0,7405100.0,535.945709332
207584.0,7405080.0,535.422479191
207493.0,7405039.0,534.958912765
207419.0,7404980.0,534.968081053
207398.0,7404883.0,535.940427451
207377.0,7404785.0,536.351699732
207362.0,7404686.0,537.027290161
207377.0,7404592.0,536.276682086
207435.0,7404511.0,536.447694667
207463.0,7404425.0,536.912576574
207411.0,7404340.0,537.500494204
207400.0,7404247.0,538.304827606
207441.0,7404156.0,539.679478593
207468.0,7404060.0,539.187951464
207491.0,7403963.0,539.556252927
207469.0,7403876.0,539.40515305
207399.0,7403804.0,539.090444645
207334.0,7403728.0,539.719444167
207280.0,7403645.0,539.604834613
207242.0,7403552.0,539.48158438
207173.0,7403483.0,540.263443055
207095.0,7403421.0,540.962034633
207016.0,7403360.0,540.13688284
206942.0,7403292.0,540.409906554
206916.0,7403197.0,540.732529663
206894.0,7403100.0,543.67040333
206920.0,7403005.0,547.504610945
206955.0,7402912.0,548.823818619
206990.0,7402818.0,543.983853313
207020.0,7402723.0,544.173859543
207009.0,7402624.0,542.601641267
206986.0,7402530.0,543.087622216
206913.0,7402461.0,543.193506273
206840.0,7402392.0,544.000187566
206767.0,7402324.0,544.244216753
206695.0,7402255.0,544.981483832
206627.0,7402181.0,545.267165175
206680.0,7402099.0,546.938778587
206735.0,7402015.0,547.942265032
206725.0,7401928.0,545.895870409
206671.0,7401844.0,546.559568857
206592.0,7401789.0,547.317582667
206501.0,7401747.0,548.168533993
206410.0,7401705.0,548.3731895
206323.0,7401656.0,549.042807299
206233.0,7401615.0,548.544788656
206134.0,7401604.0,548.225862408
206038.0,7401575.0,548.929929151
205944.0,7401590.0,549.615603249
205882.0,7401656.0,550.408355335
205863.0,7401754.0,550.541002873
205890.0,7401842.0,550.129156522
205955.0,7401917.0,549.369203082
206021.0,7401993.0,549.257142298
206086.0,7402069.0,549.627430963
206128.0,7402158.0,548.41183781
206059.0,7402201.0,547.621626227
205983.0,7402136.0,547.477376795
205893.0,7402102.0,547.344779784
205797.0,7402081.0,547.515976188
205707.0,7402036.0,547.436747193
205621.0,7402048.0,549.150950052
205542.0,7402109.0,551.62841387
205487.0,7402186.0,548.990318562
205475.0,7402285.0,546.987903638
205420.0,7402346.0,546.121224626
205329.0,7402337.0,546.112379913
205246.0,7402280.0,546.91690131
205164.0,7402223.0,546.710658763
205074.0,7402182.0,547.32677045
204982.0,7402180.0,547.673770303
204908.0,7402247.0,548.234168369
204835.0,7402315.0,548.471411386
204761.0,7402383.0,548.685155902
204674.0,7402430.0,548.899783988
204583.0,7402472.0,549.111887121
204490.0,7402503.0,550.589470496
204390.0,7402506.0,551.25637436
204299.0,7402475.0,549.997985498
204215.0,7402421.0,551.552673452
204131.0,7402367.0,552.034267723
204043.0,7402321.0,552.985911492
203953.0,7402278.0,553.743975432
203857.0,7402286.0,556.346071201
203761.0,7402313.0,554.56210184
203665.0,7402340.0,553.184455266
203568.0,7402367.0,553.846619814
203472.0,7402394.0,553.847195762
203380.0,7402359.0,554.45604457
203301.0,7402297.0,555.392241
203223.0,7402235.0,554.978950717
203145.0,7402172.0,555.218885615
203104.0,7402096.0,556.003116877
203123.0,7401998.0,559.47559259
203141.0,7401899.0,559.222538479
203079.0,7401822.0,558.506458539
203012.0,7401749.0,557.761360642
202944.0,7401675.0,559.834013213
202877.0,7401601.0,559.243251058
202810.0,7401527.0,559.637203262
202730.0,7401468.0,560.445901071
202645.0,7401416.0,560.394967211
202546.0,7401420.0,561.100782881
202470.0,7401477.0,561.032088755
202407.0,7401555.0,561.003635681
202397.0,7401649.0,561.583961099
202427.0,7401739.0,562.41678479
202506.0,7401801.0,561.366986971
202577.0,7401869.0,559.898273684
202602.0,7401952.0,559.201502847
202542.0,7402028.0,558.930293877
202446.0,7402055.0,558.84289366
202350.0,7402083.0,558.907693254
202254.0,7402111.0,559.387413146
202158.0,7402139.0,560.021943421
202060.0,7402127.0,561.113914012
201962.0,7402109.0,561.563374245
201862.0,7402115.0,561.988505841
201786.0,7402169.0,562.336156459
201722.0,7402247.0,563.505660149
201662.0,7402326.0,565.946740051
201672.0,7402425.0,565.968577889
201738.0,7402495.0,565.509272881
201822.0,7402543.0,565.509479421
201921.0,7402531.0,565.351238718
202003.0,7402474.0,563.986794262
202085.0,7402416.0,563.239087552
202167.0,7402359.0,562.792023766
202249.0,7402301.0,561.67056218
202345.0,7402274.0,560.393588069
202441.0,7402249.0,559.67397571
202536.0,7402218.0,558.324732575
202630.0,7402234.0,558.243230833
202714.0,7402288.0,559.358283906
202798.0,7402341.0,557.742350445
202897.0,7402353.0,558.386448154
202984.0,7402386.0,559.144036827
203045.0,7402465.0,561.327019012
203122.0,7402526.0,567.173062731
203213.0,7402568.0,567.043862025
203303.0,7402610.0,559.823207033
203398.0,7402617.0,563.222084811
203495.0,7402594.0,562.113971815
203592.0,7402570.0,561.911569394
203690.0,7402553.0,565.2574299
203790.0,7402563.0,572.948030015
203889.0,7402572.0,574.872704685
203980.0,7402607.0,566.91635733
204064.0,7402661.0,575.330269726
204153.0,7402699.0,574.075575875
204252.0,7402688.0,556.406743276
204351.0,7402681.0,566.771596476
204450.0,7402699.0,574.704634634
204548.0,7402717.0,564.803991029
204646.0,7402734.0,555.609528626
204711.0,7402801.0,554.209699926
204763.0,7402887.0,557.428688509
204835.0,7402942.0,557.497343481
204935.0,7402947.0,555.987462384
205035.0,7402951.0,554.373028556
205127.0,7402983.0,556.35349908
205214.0,7403031.0,557.831328515
205302.0,7403080.0,556.716554
205397.0,7403106.0,555.116306447
205496.0,7403122.0,556.863207802
205594.0,7403130.0,558.230014753
205690.0,7403103.0,555.394994632
205786.0,7403075.0,552.651638746
205883.0,7403048.0,550.934283319
205979.0,7403020.0,549.499905336
206072.0,7403012.0,548.559771255
206156.0,7403066.0,550.984794828
206242.0,7403114.0,568.175711382
206339.0,7403087.0,559.36750077
206435.0,7403060.0,569.993894629
206533.0,7403046.0,574.959304824
206625.0,7403065.0,564.561630478
206689.0,7403138.0,544.813304195
206707.0,7403237.0,543.058316824
206655.0,7403311.0,544.358403756
206574.0,7403368.0,546.063356813
206484.0,7403410.0,547.539239539
206393.0,7403452.0,548.06297693
206301.0,7403491.0,547.937636552
206207.0,7403525.0,549.273569157
206113.0,7403559.0,550.312714621
206019.0,7403593.0,552.056541511
205971.0,7403664.0,552.702626074
206004.0,7403752.0,551.448163362
206071.0,7403826.0,554.819230079
206131.0,7403906.0,555.904479105
206203.0,7403966.0,552.709479213
206303.0,7403967.0,555.964861871
206403.0,7403968.0,549.165232265
206501.0,7403976.0,548.322804
206585.0,7404031.0,551.707925344
206677.0,7404057.0,548.404736413
206758.0,7404015.0,543.050819634
206818.0,7403935.0,540.125432668
206910.0,7403908.0,540.087811954
206979.0,7403948.0,538.812112702
207035.0,7404030.0,537.080540871
207017.0,7404121.0,537.667040859
206933.0,7404122.0,538.673479134
206838.0,7404136.0,539.092735757
206794.0,7404208.0,539.869331757
206805.0,7404307.0,539.288291511
206815.0,7404407.0,539.085621136
206818.0,7404507.0,539.01920945
206758.0,7404583.0,539.482280408
206689.0,7404655.0,540.021211204
206605.0,7404682.0,539.43511677
206514.0,7404655.0,539.435468921
206476.0,7404563.0,540.491818383
206439.0,7404470.0,541.688674054
206347.0,7404444.0,542.320059952
206248.0,7404433.0,542.765637824
206190.0,7404371.0,544.140677871
206159.0,7404276.0,546.209579771
206094.0,7404234.0,546.136283814
206002.0,7404274.0,545.071582391
205910.0,7404267.0,545.736329228
205832.0,7404206.0,546.199870066
205754.0,7404144.0,547.001964831
205673.0,7404086.0,546.446941164
205599.0,7404087.0,548.117208851
205591.0,7404186.0,549.100271832
205596.0,7404283.0,550.211250171
205659.0,7404360.0,547.471098952
205701.0,7404446.0,547.176309039
205662.0,7404525.0,546.559260958
205581.0,7404584.0,545.967116313
205491.0,7404614.0,544.526373768
205391.0,7404618.0,544.624514326
205352.0,7404704.0,544.00874653
205300.0,7404752.0,543.902321282
205205.0,7404722.0,544.561762152
205121.0,7404668.0,544.540108127
205037.0,7404614.0,545.928360862
204973.0,7404539.0,545.584665911
204915.0,7404458.0,547.664159108
204858.0,7404376.0,548.420345937
204783.0,7404349.0,549.613560784
204705.0,7404411.0,550.387405109
204610.0,7404429.0,551.23236371
204510.0,7404432.0,551.986515306
204414.0,7404447.0,552.491673134
204333.0,7404506.0,551.771819613
204269.0,7404443.0,553.51867018
204206.0,7404365.0,556.760573742
204141.0,7404419.0,554.433993151
204084.0,7404498.0,554.107416571
204006.0,7404461.0,555.841911396
203923.0,7404409.0,557.65564181
203827.0,7404385.0,560.513055188
203795.0,7404477.0,559.234688517
203783.0,7404575.0,558.66821832
203834.0,7404647.0,558.802417517
203927.0,7404682.0,557.92137005
204023.0,7404712.0,554.940583902
204120.0,7404736.0,555.233937807
204218.0,7404755.0,557.709455585
204318.0,7404753.0,555.372666887
204418.0,7404751.0,553.035070624
204518.0,7404749.0,552.631657216
204618.0,7404747.0,550.366724261
204717.0,7404749.0,548.921334331
204804.0,7404798.0,549.575977475
204891.0,7404847.0,549.43508063
204978.0,7404896.0,549.345936812
205069.0,7404936.0,549.784270831
205165.0,7404965.0,550.014527733
205260.0,7404994.0,549.125216321
205355.0,7405026.0,548.195287655
205442.0,7405075.0,556.771720174
205530.0,7405124.0,564.853087359
205603.0,7405190.0,555.472966542
205671.0,7405263.0,544.804535727
205741.0,7405334.0,542.902826389
205820.0,7405396.0,544.109276677
205895.0,7405461.0,550.485268365
205955.0,7405541.0,546.668868805
206007.0,7405627.0,544.745009729
206057.0,7405713.0,543.050301869
206095.0,7405806.0,542.781115779
206116.0,7405900.0,542.370926175
206049.0,7405973.0,543.436187135
205979.0,7406044.0,543.725324988
205939.0,7406133.0,544.821720763
205912.0,7406229.0,549.912167395
205960.0,7406315.0,556.098992448
206017.0,7406396.0,550.499435038
206116.0,7406410.0,546.773287261
206215.0,7406421.0,546.767473984
206284.0,7406464.0,545.817834854
206232.0,7406541.0,544.446595266
206162.0,7406612.0,546.40938736
206145.0,7406706.0,551.42482818
206170.0,7406802.0,546.238206495
206208.0,7406894.0,547.516689738
206250.0,7406984.0,546.248932051
206341.0,7407025.0,542.954180306
206434.0,7407038.0,543.720452411
206526.0,7406998.0,542.712774411
206611.0,7407010.0,543.831610844
206685.0,7407076.0,540.857313288
206723.0,7407168.0,537.26766264
206762.0,7407260.0,536.760965046
206816.0,7407344.0,538.106725642
206874.0,7407425.0,537.116340685
206939.0,7407501.0,537.72372051
207004.0,7407577.0,538.006858899
207080.0,7407642.0,537.789356311
207120.0,7407730.0,537.254481013
207176.0,7407813.0,536.457499324
207232.0,7407896.0,535.48338415
207281.0,7407982.0,536.496564967
207321.0,7408074.0,538.22535664
207328.0,7408168.0,540.979943204
207301.0,7408264.0,540.438577214
207204.0,7408263.0,544.587647568
207106.0,7408243.0,549.485956175
207008.0,7408223.0,539.236352707
206916.0,7408188.0,536.502215474
206831.0,7408135.0,536.035471315
206742.0,7408092.0,533.888896102
206709.0,7407999.0,535.309194505
206675.0,7407905.0,534.109387195
206592.0,7407850.0,534.124654114
206549.0,7407764.0,534.589460663
206495.0,7407680.0,535.182856552
206466.0,7407585.0,535.859538907
206407.0,7407506.0,536.64201065
206338.0,7407433.0,537.165565962
206270.0,7407360.0,538.322649895
206213.0,7407279.0,539.584099945
206153.0,7407201.0,540.261668312
206073.0,7407142.0,541.126695151
206008.0,7407067.0,542.329586921
205940.0,7406994.0,543.053827183
205869.0,7406923.0,544.424362037
205807.0,7406846.0,545.183819485
205746.0,7406766.0,546.601688422
205648.0,7406759.0,547.62211391
205561.0,7406793.0,548.754769801
205489.0,7406863.0,550.743794718
205479.0,7406960.0,552.020138061
205478.0,7407060.0,549.447355405
205501.0,7407156.0,547.536484339
205537.0,7407249.0,549.812030844
205586.0,7407335.0,544.952832065
205642.0,7407419.0,549.922590299
205697.0,7407502.0,555.207119682
205766.0,7407575.0,551.384230377
205836.0,7407646.0,554.629342265
205873.0,7407736.0,549.952404691
205919.0,7407825.0,546.759190308
205966.0,7407913.0,546.948802707
206012.0,7408002.0,539.514494047
206097.0,7408053.0,547.781930914
206185.0,7408100.0,541.629891426
206248.0,7408163.0,535.608690013
206245.0,7408263.0,533.650740075
206228.0,7408357.0,533.166241845
206155.0,7408426.0,533.860295416
206070.0,7408417.0,534.529868439
205980.0,7408374.0,535.196125329
205881.0,7408387.0,536.963757321
205798.0,7408438.0,538.21796098
205721.0,7408501.0,536.867345284
205630.0,7408526.0,536.054221228
205560.0,7408462.0,537.453534337
205503.0,7408383.0,537.153125503
205507.0,7408283.0,537.910920783
205507.0,7408184.0,538.355368945
205470.0,7408091.0,538.41011406
205433.0,7407998.0,539.031172981
205397.0,7407905.0,540.218203341
205369.0,7407809.0,541.103498034
205340.0,7407713.0,541.738822189
205300.0,7407624.0,542.723829404
205221.0,7407562.0,543.56874306
205143.0,7407501.0,543.794975535
205064.0,7407439.0,544.850119684
204993.0,7407370.0,546.024433665
204939.0,7407286.0,547.295672843
204886.0,7407201.0,548.254470774
204840.0,7407115.0,549.344130643
204853.0,7407016.0,550.288181333
204867.0,7406917.0,551.929680819
204881.0,7406818.0,555.106233846
204882.0,7406718.0,556.445461846
204879.0,7406619.0,556.422028297
204875.0,7406519.0,556.340054917
204833.0,7406429.0,557.959306011
204785.0,7406341.0,558.261815629
204762.0,7406245.0,558.906981435
204746.0,7406146.0,561.461348006
204730.0,7406047.0,561.21517327
204674.0,7405969.0,561.778509632
204600.0,7405902.0,562.26723057
204526.0,7405834.0,562.558983075
204452.0,7405767.0,561.882773193
204378.0,7405699.0,561.912126788
204291.0,7405656.0,561.692305383
204195.0,7405630.0,560.818040571
204095.0,7405622.0,559.584715102
203995.0,7405617.0,558.237899258
203897.0,7405607.0,557.162263412
203810.0,7405558.0,555.970127299
203724.0,7405508.0,555.904898724
203637.0,7405458.0,555.757523582
203540.0,7405447.0,555.869108669
203440.0,7405449.0,556.12514348
203340.0,7405451.0,557.005044484
203240.0,7405453.0,558.125530673
203140.0,7405455.0,558.927556706
203040.0,7405457.0,559.132694109
202945.0,7405474.0,559.699540683
202876.0,7405546.0,559.459106694
202829.0,7405634.0,558.882680563
202788.0,7405725.0,557.857467607
202777.0,7405816.0,556.468480899
202831.0,7405900.0,556.46136587
202880.0,7405987.0,554.170212886
202913.0,7406081.0,553.457777044
202936.0,7406177.0,555.580296784
202925.0,7406276.0,553.006799905
202875.0,7406359.0,549.469513449
202812.0,7406437.0,548.098451005
202727.0,7406453.0,547.913885472
202718.0,7406389.0,548.594260723
202773.0,7406306.0,549.806132195
202814.0,7406220.0,551.961360326
202771.0,7406130.0,551.879743932
202706.0,7406061.0,552.622906594
202613.0,7406025.0,552.972106563
202519.0,7405990.0,553.933714219
202438.0,7405933.0,552.6561346
202359.0,7405871.0,552.415323812
202298.0,7405794.0,552.04302166
202312.0,7405706.0,552.587143148
202363.0,7405621.0,553.729040866
202428.0,7405545.0,554.719894467
202497.0,7405473.0,555.816562659
202528.0,7405384.0,556.153031897
202501.0,7405294.0,556.485011153
202427.0,7405226.0,556.319328174
202332.0,7405202.0,555.923230127
202233.0,7405186.0,555.192705087
202198.0,7405130.0,555.682685851
202259.0,7405050.0,558.253470422
202343.0,7405002.0,559.953957289
202434.0,7404980.0,561.035860861
202509.0,7405045.0,561.492092912
202608.0,7405059.0,562.747161922
202707.0,7405072.0,569.128633136
202806.0,7405086.0,568.556526307
202905.0,7405100.0,568.353874749
203004.0,7405119.0,581.167703034
203102.0,7405137.0,580.775999324
203200.0,7405156.0,572.818259239
203298.0,7405174.0,566.466707299
203397.0,7405193.0,562.381690486
203494.0,7405216.0,558.814021383
203590.0,7405242.0,556.897385881
203687.0,7405260.0,557.105293983
203781.0,7405226.0,557.997195895
203860.0,7405173.0,558.138797347
203912.0,7405087.0,558.170211466
203931.0,7404998.0,557.131460486
203884.0,7404910.0,555.189462908
203816.0,7404840.0,556.418040966
203734.0,7404783.0,557.009681157
203651.0,7404727.0,558.828282169
203559.0,7404752.0,559.238820199
203473.0,7404803.0,559.520971405
203385.0,7404820.0,560.28665035
203294.0,7404781.0,561.194401668
203202.0,7404741.0,563.528308447
203110.0,7404701.0,563.847087635
203021.0,7404714.0,564.629732454
202941.0,7404774.0,564.211814315
202868.0,7404842.0,563.419836989
202782.0,7404860.0,562.459716787
202689.0,7404824.0,561.567404491
202595.0,7404788.0,560.492898555
202545.0,7404707.0,560.457937615
202459.0,7404656.0,559.81067367
202370.0,7404615.0,559.545753499
202278.0,7404655.0,558.713561044
202187.0,7404695.0,557.872204679
202100.0,7404706.0,557.553911
202026.0,7404638.0,557.981024123
202067.0,7404547.0,558.827690868
202109.0,7404457.0,560.341345841
202095.0,7404368.0,561.533467989
202039.0,7404285.0,561.426804657
201959.0,7404244.0,561.500615642
201860.0,7404251.0,561.585771099
201762.0,7404271.0,562.03432275
201664.0,7404291.0,562.686070353
201585.0,7404341.0,563.301498076
201535.0,7404428.0,562.469708723
201491.0,7404517.0,560.822468838
201425.0,7404457.0,563.173768748
201373.0,7404372.0,564.586723654
201324.0,7404285.0,565.506052554
201275.0,7404198.0,574.052585667
201200.0,7404142.0,567.274199478
201103.0,7404116.0,565.755410705
201014.0,7404144.0,564.776977258
200929.0,7404198.0,564.547945655
200845.0,7404251.0,563.914324576
200760.0,7404305.0,563.416495684
200676.0,7404358.0,563.41593657
200591.0,7404411.0,563.134662237
200528.0,7404486.0,562.806508025
200476.0,7404572.0,562.549133897
200425.0,7404657.0,563.021566996
200471.0,7404744.0,561.407939122
200526.0,7404827.0,560.241983847
200550.0,7404915.0,560.050232286
200488.0,7404966.0,559.493917941
200397.0,7404926.0,560.171515591
200305.0,7404885.0,561.260044882
200215.0,7404880.0,562.093064762
200130.0,7404933.0,562.03228652
200078.0,7405012.0,561.808822875
200051.0,7405108.0,562.295805316
200109.0,7405186.0,561.006090759
200177.0,7405260.0,560.016459682
200220.0,7405348.0,559.861374713
200261.0,7405440.0,559.860365048
200307.0,7405529.0,558.734415915
200311.0,7405624.0,557.133365927
200282.0,7405719.0,556.235790528
200258.0,7405816.0,555.02329901
200185.0,7405826.0,555.41093343
200090.0,7405796.0,556.114275802
199991.0,7405800.0,556.301902998
199924.0,7405863.0,556.245865666
199875.0,7405950.0,555.279354495
199788.0,7405987.0,555.19836442
199701.0,7405943.0,556.217347858
199721.0,7405857.0,557.799369576
199759.0,7405765.0,558.953692603
199721.0,7405673.0,559.644749704
199663.0,7405595.0,558.995521735
199585.0,7405532.0,559.51662862
199495.0,7405536.0,558.949735813
199403.0,7405574.0,558.487318524
199365.0,7405664.0,557.701015915
199337.0,7405760.0,557.097379343
199309.0,7405856.0,557.024378155
199281.0,7405952.0,555.871054026
199314.0,7406046.0,555.332141723
199351.0,7406139.0,553.79085698
199387.0,7406232.0,553.217206234
199417.0,7406325.0,552.433511847
199388.0,7406418.0,552.11557615
199288.0,7406424.0,552.166747211
199188.0,7406430.0,552.66488762
199088.0,7406436.0,552.941722265
198988.0,7406443.0,553.050329125
198915.0,7406505.0,553.356975795
198851.0,7406581.0,553.283836052
198804.0,7406519.0,554.54833036
198773.0,7406424.0,555.149876038
198744.0,7406329.0,556.034003146
198750.0,7406232.0,556.9345427
198772.0,7406134.0,557.974059731
198863.0,7406096.0,558.026100363
198959.0,7406068.0,557.142578284
199032.0,7406010.0,556.823023763
199076.0,7405920.0,557.575414924
199074.0,7405826.0,558.466098254
199043.0,7405731.0,559.57734625
198968.0,7405670.0,560.755236364
198883.0,7405618.0,561.608452474
198797.0,7405566.0,562.251501461
198698.0,7405560.0,562.051863965
198598.0,7405556.0,560.32675642
198501.0,7405541.0,559.514496007
198418.0,7405486.0,558.753633592
198463.0,7405426.0,559.466561111
198557.0,7405393.0,560.54718408
198653.0,7405365.0,561.358904431
198749.0,7405338.0,562.232364048
198843.0,7405305.0,562.078195239
198935.0,7405265.0,562.409104371
199027.0,7405225.0,562.671367563
199124.0,7405201.0,562.946747907
199220.0,7405176.0,563.035514296
199304.0,7405126.0,563.673412815
199375.0,7405056.0,564.130169295
199383.0,7404958.0,564.642937418
199334.0,7404877.0,564.645226487
199260.0,7404811.0,564.890031282
199160.0,7404810.0,564.491514831
199072.0,7404852.0,564.017681752
198986.0,7404898.0,563.195450229
198887.0,7404884.0,562.284578216
198797.0,7404844.0,562.631858394
198708.0,7404799.0,562.643964448
198617.0,7404757.0,562.537225521
198523.0,7404724.0,561.780479006
198458.0,7404652.0,562.018748365
198401.0,7404570.0,562.391544019
198331.0,7404507.0,562.710921098
198231.0,7404502.0,562.815810051
198136.0,7404475.0,563.683260508
198038.0,7404460.0,564.908286135
197943.0,7404474.0,565.072266388
197854.0,7404520.0,563.98481332
197756.0,7404512.0,562.893162789
197658.0,7404494.0,561.427908284
197563.0,7404463.0,560.66781909
197463.0,7404456.0,560.086793721
197368.0,7404430.0,559.591900463
197274.0,7404396.0,559.247092692
197204.0,7404328.0,559.181378061
197138.0,7404254.0,558.848510623
197060.0,7404195.0,558.443503747
196966.0,7404160.0,557.74984041
196872.0,7404125.0,556.555547988
196779.0,7404089.0,555.022174149
196682.0,7404065.0,553.868622901
196584.0,7404043.0,553.162476873
196496.0,7403998.0,552.571471071
196497.0,7403909.0,552.697348055
196581.0,7403854.0,553.505928871
196661.0,7403796.0,553.680692514
196705.0,7403706.0,553.234415602
196749.0,7403616.0,553.514033331
196826.0,7403560.0,554.738134396
196915.0,7403514.0,555.648141429
197004.0,7403468.0,556.155421771
197085.0,7403411.0,557.091751962
197158.0,7403342.0,557.909234258
197234.0,7403279.0,557.658273259
197323.0,7403234.0,557.44254794
197417.0,7403199.0,557.056969463
197494.0,7403138.0,556.508431061
197566.0,7403068.0,557.343029912
197644.0,7403009.0,558.059510387
197740.0,7402981.0,558.517224834
197826.0,7402939.0,558.107403932
197869.0,7402849.0,558.025967003
197902.0,7402755.0,557.928997788
197994.0,7402730.0,558.936806218
198085.0,7402761.0,559.243865762
198167.0,7402818.0,560.960222228
198245.0,7402880.0,563.110798531
198324.0,7402942.0,564.704778022
198402.0,7403005.0,565.991471065
198480.0,7403067.0,566.533645503
198579.0,7403076.0,566.443701859
198658.0,7403021.0,565.091324936
198715.0,7402944.0,564.118015
198729.0,7402845.0,567.109800197
198800.0,7402800.0,568.746864447
198897.0,7402809.0,569.76156342
198995.0,7402831.0,569.15046241
199092.0,7402853.0,569.893909303
199187.0,7402848.0,569.76158086
199277.0,7402816.0,570.950192608
199364.0,7402865.0,574.771071762
199459.0,7402884.0,575.639775888
199559.0,7402874.0,575.653399689
199658.0,7402870.0,576.600706806
199758.0,7402873.0,577.81210754
199856.0,7402854.0,582.538042908
199944.0,7402817.0,583.748063984
199994.0,7402731.0,579.919299677
200040.0,7402643.0,577.641225458
199993.0,7402556.0,575.493467981
199935.0,7402474.0,574.202904013
199876.0,7402393.0,572.900273572
199852.0,7402297.0,572.42607399
199832.0,7402199.0,572.356045271
199786.0,7402113.0,570.922422841
199737.0,7402033.0,570.259146328
199768.0,7401938.0,571.503993653
199799.0,7401843.0,570.937180527
199773.0,7401748.0,568.386692639
199728.0,7401662.0,568.036819185
199643.0,7401609.0,566.378366747
199558.0,7401557.0,564.664088076
199473.0,7401504.0,564.108602631
199421.0,7401420.0,563.27691167
199470.0,7401348.0,563.186579667
199569.0,7401357.0,563.76002024
199667.0,7401371.0,564.041830089
199750.0,7401426.0,564.767305646
199833.0,7401482.0,566.327713172
199917.0,7401537.0,569.388983281
199991.0,7401602.0,567.712808361
200054.0,7401680.0,567.909412307
200089.0,7401774.0,568.421855876
200123.0,7401868.0,569.282432523
200158.0,7401961.0,569.822550706
200203.0,7402050.0,571.065161654
200256.0,7402135.0,571.648500725
200264.0,7402234.0,572.526691584
200269.0,7402334.0,573.996170082
200277.0,7402433.0,574.597978619
200351.0,7402500.0,576.302677176
200437.0,7402540.0,578.908273294
200537.0,7402533.0,577.448049109
200636.0,7402527.0,576.67070306
200708.0,7402460.0,575.651306478
200755.0,7402378.0,575.154404551
200744.0,7402280.0,574.108327331
200669.0,7402214.0,573.464869404
200584.0,7402160.0,572.58074987
200500.0,7402108.0,571.754588342
200453.0,7402022.0,570.604685932
200405.0,7401935.0,569.86890719
200352.0,7401850.0,568.997736824
200315.0,7401764.0,568.11887836
200393.0,7401706.0,567.875208893
200472.0,7401649.0,567.759856322
200497.0,7401553.0,567.702996528
200484.0,7401464.0,567.142686017
200415.0,7401392.0,566.888181682
200346.0,7401319.0,566.07439443
200287.0,7401239.0,565.625955191
200229.0,7401157.0,564.868937272
200142.0,7401107.0,564.241890166
200073.0,7401048.0,564.182101773
200076.0,7400952.0,564.395679512
200142.0,7400878.0,564.939320938
200206.0,7400801.0,565.488981402
200249.0,7400711.0,566.024302043
200293.0,7400621.0,566.482553736
200358.0,7400551.0,567.357294644
200445.0,7400502.0,568.190521542
200532.0,7400452.0,567.974080674
200604.0,7400387.0,567.713588735
200658.0,7400303.0,568.02726663
200713.0,7400219.0,568.436570464
200790.0,7400159.0,569.695592991
200876.0,7400108.0,570.465099968
200973.0,7400103.0,571.077051638
201073.0,7400108.0,571.33055143
201167.0,7400141.0,572.089538473
201259.0,7400179.0,571.860602152
201351.0,7400218.0,572.520192568
201444.0,7400255.0,573.393919236
201541.0,7400278.0,573.571964678
201632.0,7400318.0,574.872386735
201719.0,7400367.0,575.59811702
201815.0,7400386.0,576.120246058
201915.0,7400391.0,577.12557924
202009.0,7400410.0,577.100850463
202085.0,7400475.0,579.629502647
202161.0,7400540.0,582.377147241
202237.0,7400605.0,585.60145041
202324.0,7400642.0,586.247388196
202419.0,7400624.0,582.520105729
202486.0,7400551.0,581.339552313
202513.0,7400461.0,580.078186531
202486.0,7400368.0,579.028465609
202428.0,7400287.0,578.531949073
202361.0,7400217.0,577.571936493
202265.0,7400187.0,576.793510519
202170.0,7400158.0,575.407447131
202077.0,7400120.0,574.924214691
201984.0,7400085.0,574.302878153
201888.0,7400055.0,573.365946532
201793.0,7400026.0,573.228193285
201697.0,7399997.0,572.459486404
201616.0,7399949.0,571.622377002
201654.0,7399857.0,572.086591061
201649.0,7399770.0,572.327365177
201582.0,7399695.0,571.46651337
201518.0,7399621.0,570.786077348
201591.0,7399576.0,571.753144186
201691.0,7399571.0,573.020934868
206694.0,7405617.0,535.892826164
206601.0,7405631.0,536.690479553
206505.0,7405610.0,536.857276228
206423.0,7405553.0,537.392843208
206341.0,7405495.0,538.679067403
206259.0,7405438.0,538.655907749
206176.0,7405383.0,538.116068346
206092.0,7405329.0,539.639227769
206008.0,7405275.0,540.398329192
205923.0,7405221.0,540.811908263
205843.0,7405161.0,540.926627278
205812.0,7405067.0,540.991517492
205808.0,7404973.0,541.618205453
205848.0,7404881.0,543.7638526
205889.0,7404790.0,545.637739204
205970.0,7404802.0,547.900216664
206062.0,7404841.0,546.379108904
206140.0,7404896.0,545.211926607
206190.0,7404983.0,544.493518142
206241.0,7405068.0,542.576684353
206297.0,7405151.0,541.151609279
206353.0,7405234.0,542.195722326
206409.0,7405317.0,541.547324498
206481.0,7405386.0,542.241195418
206559.0,7405447.0,539.26923406
206638.0,7405509.0,537.10222313
206710.0,7405577.0,536.071780615
201462.0,7405610.0,554.473169572
201550.0,7405565.0,553.747769036
201648.0,7405545.0,553.399222931
201746.0,7405525.0,553.148149825
201825.0,7405502.0,553.040891949
201805.0,7405408.0,553.478009197
201765.0,7405317.0,554.450706641
201681.0,7405262.0,556.036388482
201593.0,7405220.0,556.210697017
201495.0,7405201.0,557.241852342
201395.0,7405196.0,558.560030619
201295.0,7405195.0,559.367346511
201195.0,7405193.0,560.243609933
201102.0,7405158.0,559.997125041
201011.0,7405117.0,558.388285721
200917.0,7405136.0,557.2530343
200864.0,7405211.0,556.937252106
200861.0,7405311.0,556.973617251
200858.0,7405410.0,556.869496756
200833.0,7405507.0,556.628109244
200872.0,7405585.0,556.860449339
200944.0,7405654.0,554.98811069
201017.0,7405723.0,554.573892835
201079.0,7405799.0,553.898367197
201116.0,7405892.0,553.38992565
201153.0,7405985.0,552.932570206
201190.0,7406078.0,552.591046199
201262.0,7406130.0,554.182782506
201287.0,7406055.0,555.672603957
201292.0,7405955.0,557.263199978
201315.0,7405859.0,558.832846299
201349.0,7405765.0,557.698044489
201382.0,7405671.0,556.350428598
203762.0,7407051.0,546.713998516
203766.0,7407151.0,545.882075661
203770.0,7407251.0,544.99390198
203773.0,7407351.0,544.246351196
203777.0,7407451.0,543.384335775
203781.0,7407550.0,542.808477502
203781.0,7407650.0,542.560687174
203777.0,7407750.0,544.148181095
203772.0,7407850.0,546.282773952
203747.0,7407946.0,541.694306185
203712.0,7408040.0,540.040393455
203677.0,7408133.0,538.999463267
203706.0,7408193.0,539.199371157
203772.0,7408160.0,539.689470038
203806.0,7408066.0,539.879730532
203840.0,7407972.0,541.223135011
203872.0,7407877.0,543.78994862
203900.0,7407781.0,544.385611822
203927.0,7407685.0,543.804436651
203955.0,7407589.0,546.176260953
204003.0,7407501.0,551.016716819
204055.0,7407416.0,549.889868855
204107.0,7407330.0,548.322888705
204159.0,7407245.0,550.216053852
204206.0,7407157.0,550.716521214
204249.0,7407067.0,551.015131931
204292.0,7406976.0,552.583963288
204335.0,7406886.0,552.467162883
204378.0,7406796.0,553.290854817
204455.0,7406732.0,553.861457539
204541.0,7406681.0,554.093841276
204560.0,7406601.0,555.106339956
204543.0,7406502.0,556.872563458
204526.0,7406404.0,558.384050065
204508.0,7406305.0,560.537155415
204457.0,7406225.0,564.26546995
204380.0,7406162.0,566.834579562
204290.0,7406119.0,576.965321171
204200.0,7406076.0,580.502389474
204107.0,7406087.0,568.443347851
204024.0,7406138.0,564.020909086
203951.0,7406206.0,557.890092741
203878.0,7406275.0,554.999043255
203805.0,7406343.0,553.366005812
203724.0,7406402.0,551.4429126
203655.0,7406471.0,550.111393572
203629.0,7406565.0,549.739719788
203656.0,7406661.0,549.274270826
203689.0,7406755.0,548.653679032
203723.0,7406849.0,547.971852374
203756.0,7406943.0,547.53441308
201170.0,7406927.0,550.023614803
201134.0,7407018.0,550.694243457
201090.0,7407108.0,551.668712196
201065.0,7407204.0,550.290969985
201109.0,7407283.0,548.387451012
201182.0,7407349.0,547.352805491
201234.0,7407435.0,545.996019246
201187.0,7407520.0,545.088353815
201130.0,7407602.0,544.39951389
201073.0,7407684.0,543.720718568
201073.0,7407778.0,543.272604884
201095.0,7407874.0,542.896384388
201170.0,7407899.0,542.777049139
201253.0,7407843.0,543.048043676
201352.0,7407841.0,543.155009223
201431.0,7407893.0,543.038458128
201500.0,7407965.0,542.367580478
201533.0,7408057.0,542.050474115
201558.0,7408143.0,541.909294466
201645.0,7408094.0,542.140619739
201736.0,7408052.0,542.248966062
201832.0,7408026.0,542.404343404
201853.0,7407958.0,542.779044628
201816.0,7407865.0,543.262976938
201774.0,7407775.0,544.033476479
201698.0,7407711.0,544.570080029
201618.0,7407650.0,544.944383675
201575.0,7407568.0,545.876374406
201570.0,7407468.0,546.146408553
201548.0,7407372.0,546.779608261
201509.0,7407280.0,547.382399819
201469.0,7407188.0,548.309901403
201453.0,7407097.0,548.618405646
201510.0,7407015.0,548.558309591
201581.0,7406953.0,548.262196794
201681.0,7406946.0,547.606339088
201781.0,7406946.0,546.957026838
201801.0,7406883.0,546.98378591
201778.0,7406786.0,547.653630621
201755.0,7406689.0,548.378813485
201709.0,7406604.0,548.480349367
201627.0,7406558.0,549.410380283
201528.0,7406551.0,550.535050396
201433.0,7406581.0,550.894098826
201341.0,7406621.0,551.970721209
201251.0,7406664.0,552.504543106
201167.0,7406714.0,552.223661272
201127.0,7406805.0,550.719060724
208586.0,7409677.0,522.389529049
208495.0,7409718.0,522.395871771
208403.0,7409753.0,522.104643807
208307.0,7409726.0,522.530731544
208212.0,7409735.0,522.470199388
208120.0,7409773.0,522.017808375
208027.0,7409771.0,522.054194603
207936.0,7409730.0,522.936161473
207837.0,7409715.0,523.234322337
207738.0,7409700.0,523.48492217
207649.0,7409657.0,523.382469397
207565.0,7409604.0,525.465755194
207498.0,7409530.0,524.282736261
207436.0,7409452.0,525.664701891
207374.0,7409373.0,525.569078329
207326.0,7409285.0,525.867661651
207322.0,7409187.0,526.262836793
207398.0,7409127.0,526.520978452
207479.0,7409069.0,527.564167514
207557.0,7409026.0,528.600301134
207657.0,7409023.0,530.548689201
207757.0,7409021.0,530.384642031
207857.0,7409019.0,530.043434503
207945.0,7408987.0,529.535042576
208012.0,7408913.0,529.016876344
208105.0,7408877.0,528.925504854
208182.0,7408813.0,528.829963897
208263.0,7408757.0,529.368679801
208358.0,7408726.0,532.07609633
208432.0,7408776.0,531.016477598
208509.0,7408838.0,531.132591378
208594.0,7408891.0,527.382597543
208691.0,7408912.0,526.124087356
208789.0,7408926.0,525.128507233
208874.0,7408979.0,524.19998831
208916.0,7409065.0,523.066102307
208861.0,7409146.0,523.019777892
208801.0,7409226.0,523.948668515
208772.0,7409315.0,524.772883347
208787.0,7409414.0,525.298944098
208786.0,7409514.0,524.15081981
208785.0,7409614.0,522.532262006
208694.0,7409641.0,522.578207632
202329.0,7409382.0,536.578938858
202428.0,7409396.0,539.606215113
202526.0,7409418.0,542.556697332
202622.0,7409444.0,537.869785857
202719.0,7409470.0,539.466670942
202815.0,7409497.0,539.874767051
202913.0,7409515.0,539.863284595
203013.0,7409521.0,540.724176401
203113.0,7409527.0,544.86736605
203212.0,7409532.0,550.06669372
203312.0,7409538.0,552.995565902
203412.0,7409544.0,551.372570082
203512.0,7409550.0,548.651820822
203609.0,7409534.0,543.327778703
203702.0,7409555.0,537.113097494
203788.0,7409606.0,534.898555746
203875.0,7409594.0,537.75389902
203958.0,7409539.0,545.890308018
203997.0,7409457.0,541.015665434
203989.0,7409358.0,535.706625624
204018.0,7409275.0,535.30879057
204099.0,7409227.0,536.529677608
204199.0,7409227.0,537.450290117
204295.0,7409214.0,538.26939988
204366.0,7409144.0,537.766778198
204414.0,7409056.0,537.470591825
204473.0,7408976.0,537.594152794
204533.0,7408896.0,538.846235476
204627.0,7408931.0,543.751441899
204722.0,7408961.0,544.158455867
204821.0,7408972.0,539.349411999
204917.0,7408997.0,538.990386124
205008.0,7409038.0,539.210872484
205106.0,7409046.0,537.875028461
205206.0,7409047.0,542.675189105
205306.0,7409047.0,541.142798378
205403.0,7409035.0,537.863875536
205494.0,7409001.0,535.239761815
205591.0,7409025.0,534.171747866
205686.0,7409056.0,532.711591037
205746.0,7409120.0,533.162783945
205798.0,7409205.0,534.563579266
205882.0,7409248.0,536.288938282
205980.0,7409270.0,536.657928138
206077.0,7409292.0,535.736128926
206169.0,7409332.0,537.001130325
206260.0,7409372.0,540.94036483
206352.0,7409413.0,555.19439577
206447.0,7409440.0,553.442177433
206546.0,7409456.0,549.181251927
206645.0,7409472.0,537.63284486
206743.0,7409489.0,528.734749011
206801.0,7409551.0,526.257870256
206806.0,7409644.0,524.54470531
206754.0,7409730.0,524.546067726
206656.0,7409745.0,525.054413165
206557.0,7409759.0,525.384965813
206458.0,7409772.0,525.37531259
206359.0,7409785.0,525.32210416
206261.0,7409786.0,525.789928049
206166.0,7409755.0,527.082943456
206069.0,7409733.0,528.089760224
205969.0,7409729.0,529.204777254
205870.0,7409730.0,529.669668979
205785.0,7409783.0,529.007715382
205701.0,7409837.0,529.048983639
205627.0,7409905.0,529.554276773
205554.0,7409973.0,528.980508526
205474.0,7410031.0,528.025084665
205384.0,7410071.0,528.122733929
205284.0,7410064.0,528.617305135
205185.0,7410057.0,528.83405929
205085.0,7410050.0,530.476617573
204985.0,7410043.0,530.310539243
204885.0,7410038.0,529.958522484
204786.0,7410051.0,530.256032197
204687.0,7410061.0,530.820379744
204587.0,7410055.0,530.783992137
204487.0,7410049.0,530.379374092
204387.0,7410043.0,530.90493473
204289.0,7410028.0,530.890147641
204193.0,7410002.0,531.611281903
204098.0,7409969.0,531.840789864
204007.0,7409929.0,532.182062182
203910.0,7409912.0,532.360198954
203810.0,7409912.0,533.257154191
203720.0,7409872.0,533.973066723
203626.0,7409852.0,532.881150293
203526.0,7409863.0,532.726456432
203427.0,7409874.0,532.757161931
203328.0,7409885.0,532.956613749
203229.0,7409871.0,533.035091499
203132.0,7409850.0,533.120167913
203034.0,7409829.0,533.265964955
202936.0,7409808.0,533.590733198
202839.0,7409784.0,533.839320893
202745.0,7409749.0,534.089102577
202651.0,7409715.0,534.525425093
202558.0,7409680.0,534.668257622
202464.0,7409644.0,534.905418768
202373.0,7409605.0,534.975991904
202281.0,7409565.0,535.339394346
202243.0,7409477.0,535.593119414
202255.0,7409396.0,535.949890611
209238.0,7409314.0,525.412874335
209323.0,7409367.0,526.329730055
209422.0,7409377.0,526.764698121
209522.0,7409384.0,527.00158876
209620.0,7409400.0,524.731875001
209716.0,7409426.0,523.0601725
209732.0,7409502.0,523.289367701
209730.0,7409594.0,526.829415361
209791.0,7409673.0,528.659062686
209836.0,7409761.0,522.210451813
209850.0,7409855.0,520.617140817
209759.0,7409896.0,520.40677134
209662.0,7409919.0,520.327881511
209564.0,7409917.0,520.193559237
209466.0,7409897.0,520.09834623
209368.0,7409877.0,520.918289981
209273.0,7409846.0,521.365668929
209179.0,7409814.0,521.255301977
209079.0,7409810.0,520.632884391
209015.0,7409738.0,520.097907802
208985.0,7409643.0,520.462598201
208956.0,7409547.0,521.829061151
208966.0,7409453.0,522.333773971
209002.0,7409359.0,522.363841148
209084.0,7409318.0,523.543000398
209176.0,7409282.0,524.443931365
213921.0,7409884.0,522.035024126
213978.0,7409803.0,523.829490444
213973.0,7409706.0,521.581809657
213974.0,7409612.0,523.818241677
214022.0,7409524.0,526.716923795
214105.0,7409483.0,527.292282644
214203.0,7409464.0,527.711291766
214301.0,7409445.0,526.25562838
214365.0,7409372.0,527.331751468
214458.0,7409361.0,528.01272734
214558.0,7409365.0,529.105269511
214634.0,7409306.0,531.280995652
214699.0,7409231.0,530.763955851
214781.0,7409190.0,530.795300359
214875.0,7409226.0,532.533896401
214968.0,7409261.0,534.289489041
215056.0,7409308.0,534.416853952
215143.0,7409358.0,532.922857081
215241.0,7409349.0,532.921263254
215340.0,7409333.0,531.319048109
215439.0,7409317.0,531.204670555
215537.0,7409301.0,532.747462344
215636.0,7409285.0,534.198987564
215735.0,7409270.0,534.467117915
215835.0,7409262.0,536.037808825
215934.0,7409255.0,532.740651673
216029.0,7409283.0,530.568104772
216122.0,7409318.0,529.365039968
216213.0,7409360.0,526.971940378
216304.0,7409402.0,528.593704823
216395.0,7409444.0,529.948737821
216485.0,7409486.0,530.956755691
216576.0,7409528.0,529.760532484
216671.0,7409554.0,527.733004712
216770.0,7409565.0,526.244050422
216823.0,7409642.0,528.209031427
216853.0,7409736.0,523.895227063
216898.0,7409826.0,524.619395163
216939.0,7409917.0,522.224978294
216953.0,7409999.0,519.942879
216866.0,7409950.0,521.706410343
216779.0,7409901.0,522.308189317
216680.0,7409889.0,522.031014742
216580.0,7409878.0,521.463048947
216481.0,7409867.0,521.018236405
216406.0,7409802.0,521.294629264
216328.0,7409739.0,522.059661307
216242.0,7409720.0,523.100392466
216157.0,7409772.0,522.963072609
216099.0,7409846.0,521.885608998
216076.0,7409943.0,520.145028247
216024.0,7410018.0,519.377521169
215926.0,7410037.0,519.641187291
215827.0,7410055.0,519.849027791
215737.0,7410024.0,520.577782195
215651.0,7409974.0,520.942549538
215562.0,7409931.0,521.764989993
215472.0,7409975.0,521.168063181
215382.0,7410019.0,520.189732729
215282.0,7410022.0,520.598184666
215183.0,7410031.0,520.58013773
215084.0,7410045.0,520.382110994
214985.0,7410060.0,521.269741248
214886.0,7410074.0,520.01899978
214787.0,7410088.0,519.882442193
214687.0,7410095.0,519.926905034
214587.0,7410098.0,519.845234657
214487.0,7410101.0,519.074255356
214392.0,7410125.0,518.409070592
214300.0,7410164.0,517.865800716
214204.0,7410174.0,517.810420904
214106.0,7410158.0,518.145049942
214007.0,7410142.0,518.319572572
213918.0,7410104.0,519.020193715
213881.0,7410016.0,519.140133341
210173.0,7409607.0,521.920458982
210193.0,7409510.0,522.254880241
210245.0,7409425.0,522.134850337
210316.0,7409369.0,522.395443192
210415.0,7409355.0,522.748000944
210503.0,7409314.0,523.00939919
210602.0,7409330.0,524.205414653
210701.0,7409343.0,524.545708217
210799.0,7409360.0,524.762023528
210893.0,7409395.0,525.805170038
210986.0,7409430.0,526.529056185
211080.0,7409465.0,525.983209508
211166.0,7409516.0,526.478400964
211251.0,7409568.0,526.146418157
211321.0,7409636.0,525.806009256
211380.0,7409718.0,527.420934015
211439.0,7409799.0,527.304992508
211482.0,7409886.0,524.587355997
211504.0,7409984.0,519.871570281
211523.0,7410080.0,517.391057771
211423.0,7410082.0,517.675861794
211323.0,7410083.0,517.499639046
211223.0,7410083.0,517.765838256
211131.0,7410043.0,518.432761798
211040.0,7410004.0,519.582137452
210945.0,7409977.0,520.537008426
210846.0,7409988.0,519.699871646
210747.0,7409999.0,519.348560191
210647.0,7410010.0,518.731416077
210548.0,7410002.0,518.907798686
210449.0,7409987.0,519.313389244
210350.0,7409972.0,519.505432198
210251.0,7409958.0,520.354901065
210182.0,7409896.0,520.993594212
210126.0,7409814.0,521.623842896
210145.0,7409721.0,521.9648942
198951.0,7409530.0,547.970383026
199050.0,7409513.0,547.550274271
199149.0,7409513.0,547.375500336
199249.0,7409516.0,547.293130546
199342.0,7409488.0,546.684173586
199434.0,7409465.0,546.058736443
199525.0,7409506.0,546.359479888
199622.0,7409511.0,546.152957196
199721.0,7409498.0,546.389869633
199820.0,7409485.0,545.909054157
199919.0,7409472.0,544.972413892
200010.0,7409492.0,544.037696051
200091.0,7409551.0,543.607720121
200171.0,7409610.0,542.997429226
200228.0,7409692.0,543.846162117
200283.0,7409776.0,543.637630187
200334.0,7409859.0,540.792644631
200256.0,7409917.0,541.171038543
200163.0,7409952.0,541.690617297
200069.0,7409988.0,542.521042081
199973.0,7409999.0,542.442451886
199874.0,7409986.0,543.317793688
199775.0,7409994.0,543.108035776
199676.0,7410007.0,543.272642122
199576.0,7410020.0,544.152919218
199477.0,7410033.0,544.20147999
199378.0,7410042.0,544.199854122
199305.0,7409997.0,545.057743883
199251.0,7409914.0,546.528248808
199171.0,7409854.0,546.880419252
199077.0,7409836.0,547.319831415
198977.0,7409838.0,548.396596289
198877.0,7409840.0,548.400745913
198777.0,7409843.0,548.230851716
198677.0,7409845.0,549.005145055
198577.0,7409842.0,549.21651304
198477.0,7409834.0,549.759205571
198379.0,7409822.0,550.001390046
198284.0,7409789.0,549.960229097
198240.0,7409724.0,549.633696513
198321.0,7409706.0,549.540570548
198421.0,7409708.0,549.966009573
198521.0,7409709.0,550.013501248
198617.0,7409681.0,549.710352634
198711.0,7409648.0,549.533843133
198800.0,7409601.0,548.951600076
198888.0,7409554.0,548.28190154
213158.0,7409433.0,527.3727156
213254.0,7409464.0,527.950786689
213349.0,7409494.0,527.846382804
213432.0,7409548.0,530.179603672
213513.0,7409607.0,531.317892456
213593.0,7409666.0,527.518708287
213674.0,7409725.0,526.0708005
213651.0,7409812.0,527.156522834
213625.0,7409904.0,525.714875769
213670.0,7409993.0,519.855534414
213675.0,7410079.0,518.67026511
213606.0,7410151.0,518.014995601
213512.0,7410186.0,517.807441238
213413.0,7410178.0,517.171063656
213313.0,7410182.0,516.969003089
213213.0,7410186.0,516.564391533
213129.0,7410148.0,516.640084109
213037.0,7410111.0,517.88298143
212941.0,7410080.0,518.375948124
212851.0,7410099.0,517.666876192
212766.0,7410151.0,516.821146247
212680.0,7410202.0,516.773813025
212588.0,7410162.0,518.025484855
212493.0,7410142.0,518.27571195
212394.0,7410153.0,517.356512168
212295.0,7410164.0,516.987250832
212195.0,7410175.0,516.663542819
212098.0,7410155.0,516.98437308
212001.0,7410129.0,517.60709275
211905.0,7410104.0,517.272568868
211806.0,7410091.0,516.952111744
211763.0,7410024.0,517.023463334
211750.0,7409925.0,517.738895344
211737.0,7409825.0,518.28863901
211724.0,7409726.0,520.339394246
211717.0,7409628.0,520.032316627
211772.0,7409546.0,522.45513195
211851.0,7409495.0,523.793431386
211951.0,7409492.0,525.793964932
212051.0,7409489.0,528.001143298
212151.0,7409488.0,527.465761251
212249.0,7409506.0,527.387031644
212348.0,7409524.0,527.683445437
212445.0,7409515.0,527.609712005
212542.0,7409491.0,526.882207739
212639.0,7409466.0,526.86483893
212736.0,7409441.0,527.375787669
212834.0,7409424.0,527.538451374
212934.0,7409421.0,527.175495924
213034.0,7409418.0,527.834091867
211709.0,7412710.0,531.449926032
211757.0,7412623.0,528.746097775
211805.0,7412535.0,528.089432264
211863.0,7412455.0,530.2072119
211938.0,7412389.0,531.154212903
212022.0,7412350.0,542.444789225
212122.0,7412357.0,553.367629591
212217.0,7412383.0,555.027786791
212317.0,7412391.0,547.779100471
212411.0,7412421.0,538.998436781
212506.0,7412450.0,533.251523344
212604.0,7412469.0,529.301961382
212702.0,7412487.0,525.193049001
212802.0,7412493.0,519.686428441
212891.0,7412529.0,523.189840428
212973.0,7412587.0,529.917980941
213055.0,7412644.0,525.367972802
213109.0,7412711.0,517.852723994
213076.0,7412805.0,524.547489534
213053.0,7412902.0,526.77157917
213034.0,7413001.0,525.110740702
213011.0,7413098.0,516.656521413
212983.0,7413194.0,510.55673349
212920.0,7413251.0,509.194119012
212834.0,7413228.0,509.44568933
212755.0,7413167.0,510.949570959
212681.0,7413100.0,512.618673149
212608.0,7413031.0,515.554875445
212536.0,7412962.0,516.673663688
212440.0,7412969.0,519.600936931
212342.0,7412989.0,522.390995802
212247.0,7413016.0,525.458305143
212194.0,7413100.0,523.22026464
212140.0,7413185.0,519.694132555
212079.0,7413257.0,516.097858641
211981.0,7413251.0,518.013706941
211886.0,7413221.0,520.721510492
211787.0,7413206.0,523.321981077
211688.0,7413190.0,525.845148359
211590.0,7413175.0,530.058739458
211532.0,7413129.0,532.797608094
211584.0,7413053.0,532.536171842
211665.0,7412995.0,535.762357
211685.0,7412901.0,534.063260866
211691.0,7412801.0,531.032192167
216680.0,7412015.0,529.515624491
216724.0,7412105.0,528.662387385
216771.0,7412193.0,525.464181856
216848.0,7412256.0,522.30523205
216935.0,7412273.0,522.852660583
217027.0,7412235.0,524.913363523
217125.0,7412215.0,528.81292183
217223.0,7412201.0,532.069656736
217318.0,7412231.0,532.707409055
217410.0,7412267.0,531.254621423
217444.0,7412351.0,531.045876664
217411.0,7412434.0,533.575548472
217323.0,7412482.0,535.43012875
217236.0,7412531.0,533.322769413
217205.0,7412614.0,532.17508966
217279.0,7412671.0,531.726838336
217376.0,7412694.0,530.413669479
217467.0,7412731.0,532.421850405
217547.0,7412791.0,534.601557217
217627.0,7412851.0,535.260922183
217707.0,7412911.0,537.277548195
217802.0,7412925.0,538.057186927
217902.0,7412919.0,540.76879547
218002.0,7412908.0,541.402156518
218101.0,7412897.0,540.613436569
218200.0,7412886.0,539.97385784
218297.0,7412883.0,540.329350425
218376.0,7412944.0,535.108032842
218443.0,7413016.0,533.590118476
218500.0,7413097.0,532.96502092
218586.0,7413147.0,532.462174197
218673.0,7413198.0,528.720716173
218759.0,7413248.0,530.955524368
218845.0,7413298.0,527.37080685
218912.0,7413358.0,525.875815143
218825.0,7413377.0,528.91336304
218753.0,7413309.0,530.252672564
218670.0,7413258.0,533.060715659
218572.0,7413236.0,533.841235258
218475.0,7413214.0,534.823928845
218377.0,7413192.0,536.575853943
218278.0,7413186.0,539.892035984
218178.0,7413188.0,538.000479478
218078.0,7413189.0,539.487445673
218019.0,7413232.0,538.849311706
218079.0,7413312.0,535.41685097
218146.0,7413383.0,532.143527767
218238.0,7413424.0,538.755344508
218333.0,7413452.0,541.842934426
218431.0,7413474.0,537.538956567
218522.0,7413510.0,535.184579581
218596.0,7413578.0,535.269370238
218668.0,7413647.0,533.610712857
218740.0,7413716.0,532.683325644
218792.0,7413785.0,527.630149899
218698.0,7413800.0,526.526632993
218599.0,7413812.0,525.057768947
218499.0,7413825.0,524.885473365
218440.0,7413748.0,526.07486311
218383.0,7413666.0,530.542197044
218311.0,7413608.0,529.819040957
218211.0,7413609.0,528.076812884
218118.0,7413643.0,528.74041855
218025.0,7413680.0,532.506933854
217933.0,7413719.0,538.129796154
217962.0,7413806.0,538.206217744
218051.0,7413845.0,537.419738255
218146.0,7413876.0,533.637718024
218238.0,7413916.0,528.570594986
218331.0,7413952.0,529.582402274
218425.0,7413986.0,525.649428269
218503.0,7414033.0,520.925794857
218441.0,7414075.0,521.514231607
218342.0,7414068.0,524.761824813
218244.0,7414054.0,530.03243623
218252.0,7414144.0,534.526849171
218286.0,7414239.0,528.110664712
218307.0,7414331.0,521.918450374
218233.0,7414391.0,521.161825327
218136.0,7414416.0,521.938540968
218052.0,7414464.0,520.589136529
217977.0,7414530.0,517.646918634
217902.0,7414596.0,515.63617455
217816.0,7414612.0,515.450363783
217724.0,7414573.0,517.039131273
217635.0,7414559.0,517.005615043
217568.0,7414603.0,514.00981119
217501.0,7414531.0,514.786632643
217469.0,7414438.0,516.8047873
217459.0,7414339.0,523.172296551
217445.0,7414242.0,524.490172637
217396.0,7414155.0,524.931529602
217347.0,7414068.0,526.272903921
217281.0,7414004.0,525.592739213
217211.0,7414057.0,521.527942194
217169.0,7414148.0,520.226953702
217149.0,7414243.0,522.072254516
217152.0,7414343.0,517.495001508
217156.0,7414443.0,515.643438999
217149.0,7414541.0,514.377231239
217115.0,7414635.0,511.611941981
217074.0,7414724.0,509.245128242
216991.0,7414780.0,508.271214127
216906.0,7414778.0,508.518670171
216819.0,7414729.0,509.406118029
216759.0,7414651.0,510.501244136
216705.0,7414567.0,511.488091045
216669.0,7414474.0,513.530527131
216627.0,7414385.0,514.354395291
216564.0,7414307.0,515.238637774
216499.0,7414232.0,516.654043139
216401.0,7414244.0,515.793792765
216302.0,7414260.0,514.759569415
216203.0,7414275.0,514.828470076
216111.0,7414306.0,514.204169369
216040.0,7414376.0,512.01819902
215969.0,7414447.0,510.075447963
215889.0,7414490.0,509.803780554
215792.0,7414470.0,509.668549681
215695.0,7414445.0,510.014902911
215597.0,7414459.0,509.495445395
215500.0,7414483.0,509.398671223
215405.0,7414514.0,509.32231255
215309.0,7414530.0,509.480803443
215210.0,7414517.0,509.830187395
215111.0,7414504.0,509.834064648
215011.0,7414490.0,510.181122489
214932.0,7414546.0,509.193650309
214856.0,7414612.0,508.670967825
214763.0,7414638.0,508.210321261
214666.0,7414628.0,508.405354192
214570.0,7414615.0,508.72617924
214478.0,7414645.0,508.818626615
214419.0,7414726.0,508.577156258
214342.0,7414786.0,509.729016751
214249.0,7414768.0,511.890095288
214196.0,7414707.0,511.183099033
214186.0,7414608.0,510.996115276
214117.0,7414544.0,511.343862009
214031.0,7414494.0,512.687362733
213944.0,7414526.0,512.74742957
213860.0,7414581.0,512.774510727
213794.0,7414653.0,512.843059866
213745.0,7414740.0,514.660018298
213794.0,7414825.0,517.032987362
213852.0,7414906.0,522.284612894
213950.0,7414916.0,523.65740676
214050.0,7414919.0,521.077843495
214149.0,7414928.0,516.057949416
214237.0,7414972.0,509.901081854
214269.0,7415067.0,506.530925395
214240.0,7415156.0,505.189811715
214148.0,7415193.0,506.131079877
214059.0,7415240.0,506.506929204
213967.0,7415278.0,508.043362279
213873.0,7415313.0,509.723815004
213788.0,7415363.0,508.634185017
213711.0,7415427.0,507.560153822
213624.0,7415473.0,507.109030514
213530.0,7415508.0,506.363438038
213434.0,7415525.0,505.923889566
213345.0,7415500.0,507.102140523
213286.0,7415420.0,508.435581358
213210.0,7415357.0,508.677905439
213121.0,7415324.0,508.411995168
213038.0,7415379.0,508.341749217
212958.0,7415401.0,507.669206836
212888.0,7415329.0,508.559190979
212797.0,7415287.0,508.394966647
212711.0,7415302.0,508.579984332
212637.0,7415369.0,508.089469693
212563.0,7415436.0,508.056062485
212472.0,7415471.0,507.948633899
212374.0,7415495.0,507.281782618
212289.0,7415546.0,506.862689948
212244.0,7415629.0,508.676122729
212221.0,7415725.0,505.969093746
212143.0,7415781.0,504.985373515
212043.0,7415772.0,504.531929602
211950.0,7415756.0,504.686081684
211923.0,7415660.0,503.092974548
211937.0,7415566.0,502.680262071
211977.0,7415474.0,503.264901682
212004.0,7415379.0,504.710885725
212045.0,7415291.0,509.933554345
212105.0,7415211.0,508.425101011
212162.0,7415129.0,506.437295455
212185.0,7415040.0,506.524472759
212122.0,7414962.0,504.289910701
212125.0,7414887.0,505.997769726
212218.0,7414850.0,507.746412883
212310.0,7414812.0,508.776680044
212403.0,7414774.0,508.156923683
212475.0,7414713.0,508.48905028
212525.0,7414626.0,509.029736477
212578.0,7414541.0,511.859552986
212627.0,7414455.0,518.180248455
212644.0,7414357.0,511.73959833
212692.0,7414276.0,508.707970975
212789.0,7414251.0,510.809464678
212885.0,7414226.0,511.918561032
212979.0,7414242.0,513.209098897
213072.0,7414280.0,516.655301019
213165.0,7414317.0,515.698309006
213249.0,7414274.0,515.161330224
213328.0,7414213.0,514.132147
213420.0,7414174.0,514.440361332
213504.0,7414120.0,514.945150809
213588.0,7414065.0,516.092532401
213672.0,7414011.0,518.596139967
213763.0,7413975.0,524.948728714
213861.0,7413954.0,527.849167752
213950.0,7413917.0,527.554552504
214014.0,7413841.0,524.408481224
214067.0,7413760.0,523.058744954
214027.0,7413668.0,519.37899852
213971.0,7413589.0,517.501037239
213891.0,7413529.0,516.343047156
213802.0,7413521.0,516.134412878
213710.0,7413560.0,514.464272082
213618.0,7413599.0,512.726573492
213526.0,7413638.0,512.20167763
213434.0,7413677.0,511.466429907
213342.0,7413716.0,510.669593156
213250.0,7413755.0,510.113918477
213154.0,7413779.0,510.10249807
213054.0,7413784.0,509.898719293
212961.0,7413751.0,510.074020871
212912.0,7413669.0,510.01746125
212956.0,7413591.0,511.686319861
213024.0,7413518.0,513.906737905
213092.0,7413444.0,517.11005401
213159.0,7413370.0,520.075753128
213210.0,7413284.0,518.367545563
213240.0,7413190.0,511.941256425
213260.0,7413092.0,512.172752789
213280.0,7412994.0,515.46181014
213303.0,7412897.0,517.276175147
213358.0,7412815.0,520.203861107
213438.0,7412764.0,521.641004022
213536.0,7412745.0,524.525858089
213635.0,7412727.0,528.269531704
213731.0,7412748.0,527.150319902
213826.0,7412779.0,531.664147236
213914.0,7412824.0,527.727265538
214002.0,7412873.0,519.799309797
214094.0,7412912.0,515.414566525
214171.0,7412857.0,513.597295982
214243.0,7412787.0,513.19091622
214314.0,7412718.0,518.360264829
214391.0,7412654.0,521.214274136
214481.0,7412612.0,522.919986237
214575.0,7412578.0,524.478786332
214670.0,7412550.0,525.180551466
214770.0,7412547.0,525.992852411
214861.0,7412586.0,524.662070792
214910.0,7412674.0,524.647980609
214916.0,7412766.0,521.427834709
214893.0,7412863.0,521.255015026
214902.0,7412963.0,521.229625603
214892.0,7413059.0,518.909122094
214796.0,7413086.0,520.004772353
214699.0,7413111.0,521.052270458
214603.0,7413137.0,522.094043542
214545.0,7413215.0,521.834841606
214499.0,7413303.0,523.021391432
214542.0,7413390.0,524.550519436
214595.0,7413475.0,523.437214355
214627.0,7413568.0,523.45286929
214649.0,7413666.0,525.580686799
214686.0,7413759.0,523.473031877
214717.0,7413854.0,522.468052022
214802.0,7413885.0,522.814507376
214902.0,7413892.0,519.783241734
214996.0,7413877.0,525.675923409
215070.0,7413810.0,523.446681929
215145.0,7413743.0,524.460907417
215219.0,7413677.0,524.997412146
215294.0,7413610.0,524.452559926
215366.0,7413541.0,523.787004357
215431.0,7413465.0,522.738979596
215439.0,7413370.0,520.662911858
215445.0,7413276.0,519.85105532
215527.0,7413220.0,520.448814616
215609.0,7413162.0,520.920717538
215688.0,7413101.0,520.4814817
215769.0,7413147.0,521.845093115
215844.0,7413213.0,521.39782152
215938.0,7413236.0,522.285475742
216038.0,7413245.0,523.641976627
216132.0,7413275.0,524.873991279
216226.0,7413310.0,524.776388419
216320.0,7413344.0,525.323851259
216414.0,7413379.0,527.615953341
216502.0,7413362.0,528.960524782
216581.0,7413301.0,527.396578672
216665.0,7413247.0,527.408942494
216747.0,7413191.0,527.928479874
216826.0,7413130.0,529.059341573
216882.0,7413049.0,529.609037012
216927.0,7412960.0,530.208519031
216948.0,7412865.0,528.157487505
216940.0,7412766.0,525.898732791
216931.0,7412666.0,525.150604709
216899.0,7412578.0,524.964403912
216821.0,7412515.0,523.85983114
216727.0,7412502.0,523.698540893
216628.0,7412511.0,523.619679963
216531.0,7412538.0,523.153422736
216436.0,7412567.0,522.566091157
216340.0,7412595.0,520.83722216
216242.0,7412616.0,519.928062489
216143.0,7412621.0,519.12075155
216043.0,7412626.0,518.235644503
215946.0,7412606.0,517.44901234
215851.0,7412576.0,517.074050909
215755.0,7412545.0,516.471141315
215660.0,7412515.0,516.931151129
215568.0,7412549.0,516.688462584
215478.0,7412592.0,515.319777512
215388.0,7412636.0,515.459318161
215294.0,7412666.0,515.367004067
215199.0,7412674.0,515.27437702
215124.0,7412608.0,515.917940626
215049.0,7412542.0,520.109476953
215014.0,7412457.0,517.157397902
215016.0,7412361.0,515.490298794
215103.0,7412312.0,519.322935448
215190.0,7412262.0,524.466823481
215283.0,7412233.0,527.212832075
215383.0,7412226.0,528.374271972
215483.0,7412219.0,527.938191169
215583.0,7412213.0,525.69371115
215662.0,7412157.0,522.997019663
215736.0,7412089.0,521.093831066
215809.0,7412021.0,523.429336934
215894.0,7411969.0,528.921175554
215986.0,7411933.0,534.526038328
216084.0,7411913.0,538.124469762
216183.0,7411906.0,531.505349905
216282.0,7411918.0,530.534908964
216381.0,7411931.0,528.230120544
216481.0,7411938.0,523.999011468
216579.0,7411949.0,530.817624972
200409.0,7415411.0,545.626106824
200360.0,7415324.0,546.50050031
200305.0,7415242.0,547.421772017
200217.0,7415195.0,548.064630101
200122.0,7415165.0,548.585195053
200024.0,7415147.0,548.540771909
199926.0,7415129.0,548.4025853
199827.0,7415110.0,547.816824901
199729.0,7415096.0,547.016688248
199633.0,7415123.0,545.442334616
199538.0,7415097.0,546.113755467
199443.0,7415066.0,545.708329295
199344.0,7415050.0,545.80801025
199245.0,7415044.0,546.586292965
199151.0,7415079.0,546.298643119
199057.0,7415113.0,546.319743484
198962.0,7415141.0,546.658674136
198863.0,7415158.0,547.274933198
198765.0,7415173.0,548.329116704
198673.0,7415133.0,549.76082718
198582.0,7415092.0,551.112471608
198491.0,7415051.0,551.519720715
198403.0,7415091.0,552.212491155
198318.0,7415145.0,551.22071354
198226.0,7415182.0,549.549958943
198128.0,7415179.0,550.83316253
198029.0,7415165.0,551.121456395
197930.0,7415156.0,551.956874827
197834.0,7415183.0,552.551779281
197738.0,7415211.0,552.927249209
197641.0,7415197.0,553.998160074
197545.0,7415180.0,555.831027357
197451.0,7415198.0,555.591009597
197375.0,7415133.0,556.137759905
197275.0,7415130.0,555.692945209
197175.0,7415129.0,556.285186464
197075.0,7415129.0,556.461132744
196975.0,7415128.0,557.069973177
196898.0,7415085.0,557.927220564
196845.0,7415000.0,559.63861257
196802.0,7414912.0,561.489479996
196781.0,7414814.0,563.383879989
196759.0,7414716.0,565.906873815
196684.0,7414661.0,565.931227543
196591.0,7414623.0,564.655045935
196510.0,7414658.0,563.623740712
196437.0,7414727.0,562.594155857
196365.0,7414796.0,561.323007944
196268.0,7414808.0,559.838815905
196168.0,7414813.0,559.064340101
196068.0,7414818.0,558.322328271
195981.0,7414867.0,556.828736267
195895.0,7414918.0,555.498654383
195807.0,7414963.0,554.714711082
195711.0,7414993.0,553.933154038
195616.0,7415023.0,553.265395551
195523.0,7415059.0,552.663457474
195431.0,7415098.0,551.910403216
195335.0,7415122.0,551.592701019
195235.0,7415131.0,551.395441433
195136.0,7415140.0,550.629918999
195036.0,7415149.0,549.82712388
194938.0,7415134.0,549.187008695
194839.0,7415115.0,548.629483599
194741.0,7415095.0,547.868985285
194643.0,7415076.0,547.417334265
194545.0,7415057.0,546.734703004
194447.0,7415038.0,546.684983813
194348.0,7415028.0,548.44976508
194248.0,7415029.0,548.887697464
194148.0,7415029.0,546.772427529
194048.0,7415030.0,545.038376049
193948.0,7415021.0,544.816069084
193854.0,7415027.0,544.58505184
193778.0,7415093.0,543.147778444
193702.0,7415158.0,541.420761971
193615.0,7415196.0,541.124950651
193525.0,7415159.0,541.779924453
193433.0,7415121.0,541.787341808
193343.0,7415080.0,543.752326785
193262.0,7415139.0,541.962926339
193168.0,7415153.0,541.542603441
193068.0,7415145.0,541.868436914
192969.0,7415137.0,541.858344036
192888.0,7415086.0,542.404228701
192814.0,7415019.0,541.784671445
192722.0,7414997.0,540.539531684
192627.0,7415021.0,541.622305037
192539.0,7415068.0,540.000289052
192451.0,7415115.0,538.235909359
192358.0,7415141.0,536.783837452
192259.0,7415131.0,535.775273659
192159.0,7415120.0,535.536840927
192060.0,7415110.0,535.384658576
191962.0,7415092.0,535.645601279
191873.0,7415056.0,534.660243299
191812.0,7414977.0,534.636319494
191736.0,7414923.0,534.612439753
191636.0,7414920.0,533.095781273
191536.0,7414916.0,532.108420571
191436.0,7414913.0,530.952091592
191368.0,7414846.0,529.642570599
191308.0,7414767.0,529.432178586
191296.0,7414668.0,527.799715828
191302.0,7414568.0,527.054285344
191308.0,7414468.0,526.063217405
191390.0,7414446.0,526.854568852
191490.0,7414443.0,527.916180995
191589.0,7414438.0,528.815180529
191675.0,7414386.0,529.170624149
191765.0,7414357.0,530.692779664
191863.0,7414374.0,533.273194648
191962.0,7414391.0,536.185939704
192051.0,7414373.0,537.165050697
192120.0,7414300.0,536.325557994
192158.0,7414213.0,535.968093254
192168.0,7414113.0,534.743938013
192167.0,7414014.0,533.009269074
192156.0,7413915.0,530.927833952
192144.0,7413815.0,528.521133746
192227.0,7413786.0,528.699377269
192303.0,7413742.0,528.906369002
192350.0,7413679.0,528.802617119
192450.0,7413669.0,529.335642093
192549.0,7413658.0,529.710033254
192648.0,7413647.0,530.232558727
192745.0,7413623.0,529.960678124
192845.0,7413619.0,530.03268007
192937.0,7413647.0,530.523505544
193028.0,7413689.0,531.313377806
193120.0,7413729.0,531.8208383
193211.0,7413700.0,531.862554973
193288.0,7413639.0,531.757704629
193382.0,7413610.0,533.966031738
193478.0,7413634.0,533.995768319
193501.0,7413716.0,535.028504485
193436.0,7413785.0,534.048468355
193392.0,7413873.0,534.137763008
193478.0,7413901.0,534.166972385
193573.0,7413929.0,534.271872198
193671.0,7413946.0,534.670899309
193771.0,7413947.0,534.892209366
193871.0,7413948.0,535.099970544
193971.0,7413949.0,535.544890271
194071.0,7413950.0,536.396734563
194171.0,7413947.0,536.759627467
194268.0,7413924.0,537.085870504
194367.0,7413925.0,537.728753273
194467.0,7413932.0,537.805042444
194567.0,7413930.0,538.392534719
194667.0,7413927.0,539.416104437
194750.0,7413923.0,541.1545317
194850.0,7413914.0,543.826358289
194946.0,7413929.0,544.696664998
195036.0,7413968.0,542.414267929
195067.0,7414063.0,544.893138735
195102.0,7414156.0,546.740337553
195186.0,7414210.0,547.677050826
195271.0,7414264.0,548.9425225
195365.0,7414294.0,547.548755758
195460.0,7414298.0,548.362154279
195539.0,7414237.0,549.733095029
195628.0,7414195.0,548.935109673
195724.0,7414170.0,548.89601271
195803.0,7414113.0,549.707053846
195870.0,7414039.0,548.238656913
195871.0,7413942.0,547.90360763
195863.0,7413842.0,546.519444961
195941.0,7413781.0,547.255430177
196021.0,7413721.0,547.508486764
196098.0,7413657.0,548.27078808
196175.0,7413597.0,549.295424056
196275.0,7413592.0,551.238979311
196355.0,7413541.0,550.658737248
196418.0,7413465.0,549.917958087
196413.0,7413365.0,548.067477192
196364.0,7413285.0,547.050135791
196288.0,7413221.0,545.42722343
196244.0,7413153.0,545.288334787
196327.0,7413114.0,545.8800886
196427.0,7413115.0,547.299853237
196527.0,7413116.0,547.720720552
196627.0,7413116.0,548.701680863
196726.0,7413127.0,549.748033557
196825.0,7413140.0,550.518796817
196907.0,7413100.0,550.079683033
196975.0,7413026.0,549.327848293
196988.0,7412932.0,548.907793844
196966.0,7412837.0,548.906729236
196915.0,7412751.0,548.88449271
196841.0,7412692.0,548.520589377
196747.0,7412660.0,548.069981043
196652.0,7412630.0,547.921399839
196559.0,7412667.0,547.3886686
196490.0,7412637.0,547.510135758
196439.0,7412551.0,548.794253588
196359.0,7412502.0,549.293718853
196262.0,7412477.0,549.027419617
196184.0,7412531.0,548.169360941
196113.0,7412601.0,547.161008029
196041.0,7412671.0,545.819829412
195959.0,7412728.0,545.131128356
195897.0,7412799.0,544.730557737
195859.0,7412892.0,544.071135027
195821.0,7412985.0,543.773464291
195783.0,7413077.0,543.591441726
195745.0,7413170.0,542.846410094
195706.0,7413261.0,542.333024436
195631.0,7413327.0,541.98782662
195555.0,7413392.0,541.86441793
195463.0,7413428.0,541.447956599
195367.0,7413456.0,541.250809086
195271.0,7413483.0,540.708885145
195180.0,7413520.0,539.647148007
195104.0,7413586.0,539.228763349
195028.0,7413651.0,538.904841045
194939.0,7413689.0,538.427661264
194841.0,7413710.0,537.825977301
194743.0,7413731.0,537.36884614
194651.0,7413733.0,537.259925028
194576.0,7413667.0,536.338676223
194496.0,7413607.0,535.616249308
194411.0,7413555.0,535.313763318
194330.0,7413496.0,534.774885108
194249.0,7413438.0,534.473860934
194164.0,7413385.0,534.373463136
194174.0,7413343.0,534.480363602
194272.0,7413321.0,535.427163345
194369.0,7413299.0,536.631788529
194436.0,7413236.0,537.814503873
194475.0,7413144.0,537.8507567
194510.0,7413064.0,537.349051166
194609.0,7413072.0,538.236918149
194689.0,7413021.0,538.325392369
194746.0,7412941.0,538.15585956
194780.0,7412847.0,538.691803142
194862.0,7412796.0,540.192958029
194951.0,7412750.0,541.54775396
195016.0,7412682.0,541.948963407
195049.0,7412588.0,540.900151128
195111.0,7412527.0,541.100582732
195206.0,7412554.0,542.792910457
195301.0,7412586.0,544.270320202
195395.0,7412618.0,545.922817866
195490.0,7412650.0,545.914161608
195580.0,7412610.0,545.774831862
195617.0,7412542.0,545.852513219
195549.0,7412469.0,544.59562074
195497.0,7412388.0,544.413467293
195514.0,7412301.0,544.538546529
195585.0,7412230.0,545.72151509
195589.0,7412131.0,545.20772585
195551.0,7412042.0,542.936358938
195501.0,7411958.0,542.263046266
195540.0,7411868.0,543.286313854
195618.0,7411806.0,544.100252218
195706.0,7411785.0,544.958176864
195804.0,7411804.0,547.232318055
195893.0,7411848.0,552.119560066
195979.0,7411899.0,553.902350518
196065.0,7411950.0,552.966717033
196161.0,7411974.0,549.407767794
196260.0,7411986.0,553.219877555
196360.0,7411994.0,555.236250992
196459.0,7412002.0,553.292384026
196524.0,7412073.0,553.011184124
196572.0,7412161.0,553.01120223
196639.0,7412227.0,552.245988832
196734.0,7412259.0,552.343196265
196830.0,7412262.0,553.196546399
196923.0,7412261.0,555.006687393
197010.0,7412310.0,554.595332373
197097.0,7412359.0,553.116043439
197154.0,7412439.0,551.919871731
197203.0,7412526.0,551.547388295
197264.0,7412601.0,551.900860183
197356.0,7412642.0,554.578890685
197447.0,7412683.0,553.285942807
197538.0,7412724.0,552.284338413
197632.0,7412757.0,553.106008445
197729.0,7412783.0,553.17169636
197825.0,7412808.0,553.585303424
197923.0,7412785.0,554.271785865
198020.0,7412762.0,554.867007188
198117.0,7412739.0,555.735165483
198216.0,7412749.0,556.573769865
198316.0,7412751.0,557.022051055
198415.0,7412740.0,557.268154184
198514.0,7412753.0,557.657318832
198587.0,7412814.0,557.677358109
198650.0,7412891.0,556.496649073
198657.0,7412984.0,556.569140092
198688.0,7413071.0,556.373314848
198707.0,7413148.0,556.21666935
198681.0,7413238.0,557.458923301
198704.0,7413332.0,558.666416947
198752.0,7413420.0,559.64553715
198790.0,7413512.0,559.062565824
198816.0,7413609.0,559.652422236
198878.0,7413686.0,557.725590773
198854.0,7413765.0,557.307138962
198793.0,7413845.0,557.04168206
198732.0,7413924.0,556.53899964
198672.0,7414003.0,556.929257994
198688.0,7414099.0,555.734225564
198715.0,7414196.0,555.253522797
198790.0,7414256.0,556.481951999
198880.0,7414298.0,556.986989817
198978.0,7414317.0,558.271446437
199075.0,7414339.0,559.530444692
199166.0,7414380.0,562.288309531
199258.0,7414419.0,553.425952761
199345.0,7414372.0,551.01538271
199415.0,7414305.0,554.817949391
199459.0,7414215.0,555.214335695
199504.0,7414126.0,554.629780213
199556.0,7414044.0,553.984094416
199641.0,7413990.0,554.346637055
199725.0,7413936.0,554.417901722
199809.0,7413882.0,553.883434087
199894.0,7413831.0,553.145895012
199994.0,7413835.0,553.438943517
200094.0,7413838.0,553.030787288
200191.0,7413864.0,554.12601049
200287.0,7413890.0,555.226206486
200386.0,7413899.0,556.13510162
200486.0,7413901.0,556.495644395
200586.0,7413903.0,556.606913508
200684.0,7413913.0,557.212425225
200778.0,7413948.0,557.662866273
200872.0,7413982.0,557.36391581
200954.0,7414034.0,555.98304237
201020.0,7414109.0,556.774784998
201085.0,7414185.0,556.299651328
201154.0,7414257.0,555.27672821
201235.0,7414316.0,553.560786873
201315.0,7414375.0,555.325066705
201402.0,7414422.0,553.762869304
201497.0,7414453.0,551.970462577
201592.0,7414484.0,553.980699423
201687.0,7414515.0,549.568836051
201782.0,7414547.0,547.88379748
201873.0,7414588.0,547.600278645
201964.0,7414630.0,545.852573697
202055.0,7414672.0,545.262046913
202119.0,7414749.0,545.192762262
202170.0,7414833.0,546.117210906
202204.0,7414927.0,546.663051396
202220.0,7415022.0,543.764119547
202201.0,7415121.0,543.361490423
202182.0,7415219.0,542.648833047
202163.0,7415317.0,543.031342277
202217.0,7415399.0,542.235322083
202277.0,7415479.0,541.583324779
202359.0,7415535.0,541.325574849
202445.0,7415585.0,544.320603978
202532.0,7415636.0,551.745033058
202617.0,7415688.0,545.666694268
202677.0,7415767.0,541.817460869
202738.0,7415847.0,539.705098692
202823.0,7415880.0,536.951499987
202918.0,7415863.0,536.571606595
203000.0,7415805.0,541.246969854
203081.0,7415747.0,540.697023843
203176.0,7415731.0,541.300730652
203276.0,7415731.0,541.757933197
203370.0,7415753.0,541.624650079
203462.0,7415792.0,542.423790788
203556.0,7415828.0,544.49601108
203649.0,7415864.0,544.519945874
203733.0,7415918.0,554.005273949
203816.0,7415973.0,543.216547508
203896.0,7416032.0,540.967042758
203956.0,7416112.0,537.433642932
204016.0,7416192.0,535.364173912
204092.0,7416240.0,535.906617962
204191.0,7416225.0,537.581674576
204290.0,7416210.0,541.114833816
204387.0,7416219.0,539.471035531
204483.0,7416246.0,536.022438481
204582.0,7416254.0,535.002364614
204682.0,7416254.0,536.763688369
204696.0,7416168.0,540.316465106
204680.0,7416069.0,544.622580825
204665.0,7415970.0,545.95400348
204649.0,7415872.0,548.615906751
204663.0,7415777.0,550.096434318
204684.0,7415686.0,553.922226729
204623.0,7415607.0,550.208333822
204536.0,7415593.0,551.646436512
204439.0,7415617.0,555.320182716
204393.0,7415692.0,551.750453239
204383.0,7415791.0,545.390960057
204364.0,7415889.0,543.532107876
204326.0,7415969.0,541.722894623
204252.0,7415902.0,541.702711813
204179.0,7415835.0,541.738726765
204105.0,7415767.0,543.855488789
204065.0,7415677.0,546.275290237
204010.0,7415601.0,549.953451281
203915.0,7415567.0,550.763050946
203837.0,7415520.0,551.27159442
203811.0,7415423.0,554.514523701
203754.0,7415347.0,554.711268322
203673.0,7415289.0,552.57067562
203638.0,7415201.0,551.79462098
203635.0,7415101.0,552.262177526
203636.0,7415001.0,553.901658608
203593.0,7414928.0,554.881618015
203496.0,7414905.0,553.539982704
203397.0,7414890.0,551.506098006
203306.0,7414855.0,551.727732075
203220.0,7414804.0,552.838707378
203134.0,7414753.0,553.373122398
203044.0,7414714.0,552.901495775
202947.0,7414722.0,549.831094749
202864.0,7414666.0,548.073434271
202833.0,7414578.0,549.885012259
202838.0,7414478.0,549.910350323
202775.0,7414402.0,549.975675761
202687.0,7414362.0,550.578887237
202591.0,7414338.0,552.203311155
202496.0,7414306.0,551.966247964
202401.0,7414275.0,552.239049653
202315.0,7414224.0,551.434107447
202243.0,7414160.0,552.009102037
202203.0,7414068.0,554.543410813
202166.0,7413976.0,557.340397681
202110.0,7413893.0,563.699135154
202054.0,7413810.0,562.712542999
201972.0,7413793.0,559.767011033
201878.0,7413827.0,558.269099043
201822.0,7413907.0,555.507449336
201773.0,7413991.0,553.617260353
201676.0,7414008.0,552.58165658
201618.0,7413926.0,554.488723409
201639.0,7413832.0,559.565420135
201668.0,7413736.0,560.219953194
201680.0,7413638.0,560.515803078
201650.0,7413545.0,561.520454207
201627.0,7413450.0,563.120744143
201632.0,7413350.0,567.359139222
201624.0,7413254.0,572.756501235
201551.0,7413187.0,567.98832576
201503.0,7413100.0,570.742187141
201449.0,7413016.0,574.27581923
201395.0,7412931.0,574.817372044
201385.0,7412841.0,580.172155166
201465.0,7412785.0,585.575057251
201561.0,7412791.0,594.267364782
201659.0,7412811.0,591.842717856
201756.0,7412831.0,595.249095253
201856.0,7412820.0,600.308917173
201955.0,7412809.0,604.525524793
202055.0,7412801.0,606.796239686
202155.0,7412798.0,605.634464985
202255.0,7412795.0,603.161034157
202331.0,7412736.0,598.215056601
202308.0,7412648.0,601.577629072
202222.0,7412609.0,599.406741634
202124.0,7412594.0,597.510888994
202024.0,7412583.0,589.647071328
201944.0,7412529.0,589.95018278
201871.0,7412461.0,586.589899754
201793.0,7412401.0,586.668042976
201693.0,7412397.0,588.623762024
201593.0,7412392.0,585.467499751
201578.0,7412321.0,588.122413403
201609.0,7412226.0,597.1026901
201641.0,7412131.0,596.095921293
201650.0,7412035.0,582.922513846
201620.0,7411940.0,580.676680368
201571.0,7411855.0,578.540744703
201540.0,7411773.0,581.705347566
201560.0,7411677.0,585.889215497
201564.0,7411577.0,580.871623936
201573.0,7411479.0,575.740506733
201628.0,7411396.0,588.33976563
201652.0,7411304.0,582.027984088
201713.0,7411262.0,580.182311454
201807.0,7411288.0,590.482228861
201899.0,7411327.0,597.722858969
201974.0,7411391.0,605.230927313
202024.0,7411478.0,604.252498159
202084.0,7411556.0,590.703214101
202172.0,7411591.0,575.234095467
202271.0,7411603.0,571.479998871
202370.0,7411592.0,574.385005553
202465.0,7411596.0,572.108078878
202542.0,7411656.0,576.229590117
202642.0,7411645.0,573.116732261
202732.0,7411663.0,574.704659139
202807.0,7411729.0,581.64680687
202902.0,7411756.0,594.454873731
202976.0,7411823.0,617.731303028
203061.0,7411818.0,612.715643291
203146.0,7411766.0,589.221739688
203216.0,7411816.0,603.022260531
203264.0,7411899.0,611.988286837
203363.0,7411915.0,594.87255566
203461.0,7411931.0,597.523349439
203546.0,7411969.0,600.850909061
203599.0,7412053.0,586.994583193
203621.0,7412148.0,595.175939769
203624.0,7412248.0,620.652825073
203668.0,7412316.0,620.661387577
203768.0,7412312.0,607.117231338
203860.0,7412280.0,596.761700461
203944.0,7412226.0,600.659797251
204032.0,7412185.0,606.000773503
204130.0,7412166.0,602.901431502
204226.0,7412140.0,589.20567828
204320.0,7412106.0,584.490712367
204418.0,7412091.0,583.706368557
204492.0,7412027.0,581.058878673
204556.0,7411950.0,582.946342438
204625.0,7411881.0,580.338043073
204718.0,7411844.0,578.390523297
204799.0,7411788.0,580.388844467
204872.0,7411720.0,576.344899825
204955.0,7411676.0,563.538573859
205055.0,7411673.0,563.657903535
205153.0,7411653.0,568.932124494
205250.0,7411629.0,577.225132061
205347.0,7411605.0,590.008615094
205443.0,7411626.0,608.356070443
205540.0,7411654.0,609.440432273
205635.0,7411683.0,610.000633054
205730.0,7411715.0,603.958001843
205824.0,7411748.0,605.527865519
205919.0,7411780.0,613.255141532
206000.0,7411731.0,606.975265492
206075.0,7411665.0,598.649105698
206150.0,7411599.0,594.797264298
206225.0,7411533.0,595.01556719
206301.0,7411481.0,595.436229576
206401.0,7411477.0,593.598539076
206501.0,7411473.0,590.107683486
206601.0,7411468.0,589.557380499
206672.0,7411399.0,570.482099709
206739.0,7411325.0,565.387585843
206792.0,7411240.0,568.770001752
206870.0,7411190.0,570.826661625
206968.0,7411168.0,574.386221178
207062.0,7411139.0,581.89157011
207138.0,7411073.0,581.364458085
207219.0,7411021.0,579.405960429
207319.0,7411013.0,578.413703793
207419.0,7411016.0,577.075728188
207519.0,7411018.0,553.52608427
207615.0,7411035.0,565.19779083
207710.0,7411066.0,561.952022417
207809.0,7411081.0,562.791128134
207908.0,7411088.0,534.079833625
208008.0,7411099.0,530.268723743
208107.0,7411109.0,542.98075748
208207.0,7411108.0,553.978039485
208307.0,7411106.0,561.54303129
208406.0,7411105.0,579.331344394
208506.0,7411103.0,579.704535212
208594.0,7411149.0,574.883774114
208681.0,7411199.0,569.575135202
208770.0,7411227.0,558.991958166
208860.0,7411182.0,578.527568698
208946.0,7411131.0,581.767375923
209031.0,7411081.0,572.632930535
209124.0,7411116.0,566.397968709
209187.0,7411190.0,564.557740229
209210.0,7411278.0,558.134812774
209172.0,7411370.0,560.560849573
209131.0,7411462.0,578.080815704
209090.0,7411553.0,595.081486908
209089.0,7411648.0,610.602077058
209117.0,7411743.0,615.226042273
209180.0,7411810.0,617.91060016
209273.0,7411841.0,598.586942621
209367.0,7411806.0,579.147019277
209434.0,7411734.0,567.75854228
209497.0,7411657.0,561.727153457
209561.0,7411579.0,554.207063243
209624.0,7411502.0,549.880853199
209708.0,7411448.0,556.237978061
209805.0,7411454.0,569.81812989
209902.0,7411478.0,578.307512946
209990.0,7411438.0,562.145874087
210071.0,7411445.0,555.44260137
210149.0,7411508.0,559.475355622
210226.0,7411571.0,552.926730135
210247.0,7411665.0,546.905033512
210213.0,7411750.0,543.074231823
210146.0,7411824.0,539.284735062
210082.0,7411901.0,537.381786768
210018.0,7411977.0,537.935219028
209949.0,7412050.0,543.131303594
209941.0,7412130.0,542.947566475
209977.0,7412221.0,557.224375702
210043.0,7412296.0,563.710268429
210131.0,7412338.0,560.790057499
210213.0,7412390.0,552.605757258
210219.0,7412480.0,558.612507805
210196.0,7412578.0,548.168725333
210150.0,7412666.0,543.549759448
210140.0,7412755.0,548.557695899
210198.0,7412836.0,554.758303263
210256.0,7412918.0,550.249273137
210248.0,7413013.0,544.893523008
210214.0,7413107.0,542.800991831
210232.0,7413199.0,547.446476323
210277.0,7413289.0,551.209042213
210348.0,7413355.0,544.525273809
210433.0,7413408.0,545.168419835
210521.0,7413389.0,541.090616742
210603.0,7413334.0,535.520372678
210644.0,7413243.0,536.552284343
210697.0,7413159.0,538.802255898
210745.0,7413072.0,543.609826105
210792.0,7412983.0,550.827484843
210841.0,7412896.0,552.577277193
210893.0,7412811.0,549.791111315
210942.0,7412724.0,545.639052551
210990.0,7412636.0,538.548180259
211038.0,7412549.0,534.594459435
211091.0,7412464.0,535.211895725
211153.0,7412385.0,538.429790763
211214.0,7412306.0,541.271019104
211276.0,7412228.0,543.886630438
211293.0,7412132.0,537.323379006
211298.0,7412032.0,532.301215745
211302.0,7411932.0,528.539927256
211293.0,7411833.0,523.823471279
211362.0,7411871.0,531.543935026
211438.0,7411933.0,542.315784556
211537.0,7411951.0,542.343149866
211635.0,7411969.0,539.292058378
211735.0,7411972.0,529.794979092
211786.0,7412031.0,519.30765252
211781.0,7412112.0,516.506215715
211687.0,7412144.0,521.00461442
211601.0,7412193.0,523.350056052
211519.0,7412251.0,527.271785696
211446.0,7412316.0,530.300637326
211411.0,7412410.0,528.621361972
211374.0,7412502.0,527.290777891
211314.0,7412582.0,527.28567002
211254.0,7412662.0,528.097074749
211187.0,7412736.0,531.55046996
211131.0,7412816.0,538.295334934
211128.0,7412912.0,544.832548632
211153.0,7413009.0,545.09582312
211213.0,7413086.0,546.139274771
211286.0,7413154.0,543.633550551
211359.0,7413222.0,540.692483069
211428.0,7413294.0,529.077294505
211487.0,7413374.0,520.806774372
211541.0,7413458.0,516.123699583
211485.0,7413508.0,517.072144425
211397.0,7413553.0,518.048119263
211343.0,7413638.0,518.731835838
211323.0,7413725.0,520.895410734
211378.0,7413808.0,521.891747681
211408.0,7413890.0,516.314811356
211352.0,7413974.0,515.41510132
211303.0,7414060.0,514.242558318
211213.0,7414063.0,515.958600688
211126.0,7414014.0,518.692700793
211033.0,7413978.0,522.08334008
210948.0,7414031.0,525.44144071
210872.0,7414091.0,535.608158868
210856.0,7414190.0,534.49626432
210832.0,7414286.0,523.853410085
210798.0,7414378.0,529.625461097
210816.0,7414476.0,531.597698522
210899.0,7414530.0,527.835991272
210985.0,7414582.0,528.645423073
211075.0,7414608.0,532.758685673
211171.0,7414580.0,532.418896388
211267.0,7414550.0,529.123055469
211356.0,7414506.0,524.386561143
211446.0,7414461.0,518.22397017
211535.0,7414416.0,514.604776353
211628.0,7414380.0,514.468545777
211726.0,7414361.0,513.033715996
211821.0,7414361.0,512.6220138
211896.0,7414418.0,509.3211954
211883.0,7414496.0,507.615923045
211802.0,7414554.0,507.875238023
211731.0,7414622.0,510.436905044
211683.0,7414710.0,513.692708979
211636.0,7414798.0,521.087847314
211620.0,7414892.0,518.488102202
211635.0,7414991.0,510.049219719
211613.0,7415081.0,507.252445434
211557.0,7415163.0,507.123340582
211549.0,7415258.0,512.014752782
211582.0,7415347.0,512.445687533
211663.0,7415406.0,508.312418011
211717.0,7415485.0,506.932435823
211739.0,7415582.0,505.453364791
211734.0,7415668.0,505.46709273
211646.0,7415714.0,505.533121112
211560.0,7415764.0,506.782789088
211500.0,7415844.0,510.185101389
211474.0,7415937.0,508.9734066
211465.0,7416037.0,506.853451303
211495.0,7416127.0,507.571083123
211551.0,7416210.0,507.842220315
211598.0,7416298.0,505.760956586
211564.0,7416389.0,504.337188796
211508.0,7416467.0,504.110752687
211429.0,7416467.0,505.006822071
211358.0,7416397.0,505.8748462
211287.0,7416327.0,506.525487127
211199.0,7416279.0,507.892638464
211110.0,7416233.0,509.692728978
211020.0,7416200.0,510.531342333
210928.0,7416240.0,510.983369665
210853.0,7416301.0,510.369345891
210771.0,7416334.0,510.121362906
210674.0,7416313.0,511.454652397
210591.0,7416261.0,512.223553409
210516.0,7416194.0,513.473273582
210455.0,7416115.0,514.560216195
210391.0,7416038.0,515.623031307
210323.0,7415965.0,516.847132957
210225.0,7415949.0,517.150631633
210126.0,7415935.0,517.715106523
210027.0,7415921.0,517.542082804
209928.0,7415907.0,517.770635122
209835.0,7415873.0,518.475477885
209746.0,7415828.0,519.679601004
209656.0,7415830.0,521.031564746
209570.0,7415881.0,522.571281193
209552.0,7415978.0,519.194631041
209540.0,7416078.0,517.27694016
209474.0,7416110.0,516.192945583
209375.0,7416101.0,516.883762572
209275.0,7416092.0,518.07980425
209176.0,7416082.0,518.735776403
209080.0,7416053.0,519.481129759
208985.0,7416023.0,520.866557581
208891.0,7416017.0,522.124191919
208805.0,7416068.0,527.819412216
208759.0,7416146.0,531.661186229
208756.0,7416246.0,525.595608552
208752.0,7416346.0,520.085851681
208737.0,7416444.0,517.203893624
208680.0,7416523.0,516.722413002
208614.0,7416598.0,517.868200535
208594.0,7416689.0,522.150802214
208620.0,7416781.0,519.079390857
208706.0,7416832.0,516.530057485
208787.0,7416887.0,518.957083764
208842.0,7416971.0,521.439481802
208911.0,7417041.0,527.99858135
208993.0,7417099.0,525.156362251
209074.0,7417156.0,524.012210467
209156.0,7417214.0,527.656046203
209238.0,7417271.0,522.559220437
209320.0,7417329.0,522.548355712
209407.0,7417376.0,513.500999396
209500.0,7417413.0,513.447946214
209582.0,7417470.0,521.620333651
209667.0,7417522.0,521.835900117
209755.0,7417568.0,516.870755839
209850.0,7417602.0,509.906458397
209854.0,7417655.0,506.59316714
209756.0,7417673.0,507.857291151
209658.0,7417691.0,507.69946193
209567.0,7417685.0,507.32533542
209500.0,7417611.0,508.776425317
209429.0,7417542.0,508.857611518
209334.0,7417509.0,508.361209975
209237.0,7417503.0,508.906059187
209138.0,7417518.0,509.111728666
209067.0,7417470.0,509.978728062
209010.0,7417388.0,511.353115365
208934.0,7417335.0,512.130809314
208834.0,7417327.0,512.193647705
208736.0,7417314.0,511.743862177
208730.0,7417242.0,513.86529333
208758.0,7417150.0,517.674913248
208729.0,7417054.0,516.542144619
208666.0,7416986.0,514.177308821
208575.0,7416944.0,514.405589648
208484.0,7416903.0,515.950620722
208389.0,7416877.0,516.916285245
208290.0,7416862.0,515.272208647
208191.0,7416847.0,516.459682118
208096.0,7416845.0,515.882382205
208005.0,7416804.0,516.022757912
207925.0,7416747.0,516.841458721
207852.0,7416679.0,516.125898712
207779.0,7416610.0,517.583098983
207713.0,7416537.0,517.843766229
207664.0,7416449.0,518.293168489
207615.0,7416362.0,520.581899128
207561.0,7416278.0,522.732948148
207509.0,7416193.0,522.194644932
207460.0,7416106.0,521.997886496
207382.0,7416043.0,522.217958086
207289.0,7416031.0,529.754214546
207205.0,7416072.0,527.704950111
207143.0,7416151.0,524.445644577
207053.0,7416117.0,523.287082616
206962.0,7416076.0,524.20615041
206871.0,7416035.0,525.076226427
206780.0,7415995.0,528.039172183
206683.0,7415973.0,523.874063296
206628.0,7415903.0,523.69747936
206609.0,7415805.0,525.381284849
206588.0,7415708.0,527.441108156
206508.0,7415648.0,527.000698284
206419.0,7415618.0,530.939032552
206320.0,7415629.0,528.621692914
206222.0,7415646.0,530.016306958
206162.0,7415726.0,530.987670341
206102.0,7415806.0,532.244935173
206096.0,7415897.0,533.892459878
206125.0,7415993.0,536.290075486
206167.0,7416082.0,542.423558695
206231.0,7416158.0,543.534069507
206296.0,7416235.0,531.454154433
206360.0,7416311.0,527.440769511
206400.0,7416396.0,522.011103571
206312.0,7416443.0,522.135300417
206222.0,7416485.0,521.800021711
206132.0,7416529.0,521.484352192
206035.0,7416553.0,521.606164067
205937.0,7416573.0,522.078416971
205845.0,7416541.0,523.220427661
205753.0,7416500.0,524.578220744
205661.0,7416521.0,525.65557285
205571.0,7416565.0,526.614567991
205527.0,7416635.0,523.85180151
205441.0,7416585.0,524.632861963
205405.0,7416496.0,526.533987053
205382.0,7416399.0,528.676883663
205415.0,7416305.0,529.717814771
205455.0,7416216.0,531.028143529
205536.0,7416157.0,531.820037576
205615.0,7416096.0,532.057419249
205660.0,7416007.0,532.278666482
205644.0,7415922.0,534.131378875
205580.0,7415845.0,536.733769001
205512.0,7415773.0,537.432470102
205432.0,7415713.0,538.034382124
205339.0,7415720.0,537.632701444
205245.0,7415752.0,537.534173815
205149.0,7415743.0,538.770467217
205054.0,7415737.0,540.088821222
204969.0,7415791.0,539.691309414
204916.0,7415865.0,550.203939884
204905.0,7415964.0,539.730599999
204894.0,7416064.0,536.660226128
204907.0,7416163.0,534.891044623
204961.0,7416239.0,534.124759202
205040.0,7416300.0,533.050371266
205114.0,7416366.0,532.670858716
205169.0,7416449.0,531.658610322
205217.0,7416535.0,530.426122446
205205.0,7416628.0,523.954844052
205124.0,7416686.0,522.833805706
205042.0,7416744.0,521.954778055
204960.0,7416801.0,521.663675879
204862.0,7416807.0,522.229546407
204762.0,7416809.0,523.121878523
204674.0,7416762.0,524.792658295
204588.0,7416712.0,526.235542392
204496.0,7416680.0,526.876396219
204396.0,7416680.0,527.483190921
204296.0,7416679.0,528.37072607
204196.0,7416679.0,529.085089646
204098.0,7416662.0,529.676959078
204001.0,7416638.0,530.509426493
203904.0,7416613.0,529.287646619
203809.0,7416583.0,529.417857836
203713.0,7416553.0,529.922529265
203618.0,7416523.0,530.324771677
203524.0,7416490.0,531.219256937
203432.0,7416450.0,532.739913573
203335.0,7416434.0,532.212598777
203235.0,7416432.0,532.066012603
203135.0,7416430.0,532.375633911
203038.0,7416408.0,532.896692006
202940.0,7416386.0,533.471388524
202842.0,7416371.0,533.793520707
202743.0,7416362.0,533.707783841
202647.0,7416333.0,534.799195364
202550.0,7416327.0,535.792446158
202459.0,7416370.0,534.682107668
202369.0,7416413.0,533.620101665
202279.0,7416456.0,532.474234174
202189.0,7416500.0,531.967630837
202105.0,7416554.0,532.234545921
202021.0,7416608.0,532.581314841
201931.0,7416636.0,532.242162251
201903.0,7416540.0,533.859915774
201875.0,7416445.0,535.020020249
201846.0,7416349.0,536.853353203
201770.0,7416286.0,537.354978317
201685.0,7416243.0,537.595762338
201589.0,7416271.0,537.422754173
201494.0,7416255.0,537.802637388
201401.0,7416219.0,539.447743035
201309.0,7416179.0,539.250542444
201218.0,7416138.0,539.81529566
201130.0,7416092.0,541.272901794
201049.0,7416033.0,541.806357124
200969.0,7415974.0,542.493092824
200886.0,7415918.0,541.948502291
200809.0,7415857.0,541.577772212
200753.0,7415774.0,542.73540188
200694.0,7415694.0,544.048708294
200615.0,7415633.0,544.859672614
200546.0,7415562.0,545.590927158
200480.0,7415487.0,546.20516577
205263.0,7417846.0,520.872879877
205347.0,7417792.0,521.262212783
205431.0,7417737.0,521.899234386
205513.0,7417681.0,522.150735706
205600.0,7417640.0,522.892486668
205700.0,7417637.0,525.379972873
205800.0,7417634.0,524.121534341
205899.0,7417623.0,523.048803448
205998.0,7417611.0,522.966187626
206097.0,7417598.0,522.712416726
206191.0,7417621.0,521.173339652
206284.0,7417656.0,522.326702647
206378.0,7417692.0,521.81678404
206350.0,7417784.0,524.639846631
206308.0,7417873.0,525.352371263
206245.0,7417951.0,522.967902033
206167.0,7418012.0,523.016703885
206084.0,7418068.0,522.124272011
206022.0,7418141.0,522.756662581
205986.0,7418234.0,523.492127179
205911.0,7418291.0,524.337356051
205820.0,7418334.0,525.554919445
205739.0,7418387.0,525.958977371
205688.0,7418473.0,526.04641304
205643.0,7418563.0,525.652143644
205573.0,7418615.0,525.662681209
205473.0,7418626.0,525.510365964
205374.0,7418637.0,525.005440808
205275.0,7418648.0,524.368364581
205175.0,7418659.0,523.60438767
205096.0,7418598.0,523.065414905
205018.0,7418537.0,522.259236625
205029.0,7418461.0,521.955100089
205093.0,7418385.0,521.567988267
205162.0,7418312.0,521.392229212
205231.0,7418240.0,521.016935655
205257.0,7418151.0,521.230957234
205250.0,7418051.0,521.369796038
205266.0,7417954.0,521.685962352
205261.0,7417855.0,520.905512625
212737.0,7421316.0,501.937715001
212836.0,7421330.0,501.879970748
212934.0,7421346.0,497.417747982
212967.0,7421440.0,496.776022522
213001.0,7421534.0,494.938266442
213019.0,7421631.0,493.672785465
212988.0,7421718.0,493.190618097
212914.0,7421785.0,493.558237217
212817.0,7421809.0,493.735673836
212720.0,7421834.0,493.039007176
212624.0,7421858.0,492.216603032
212526.0,7421875.0,491.920423169
212451.0,7421814.0,491.170529417
212408.0,7421725.0,491.565971443
212370.0,7421633.0,491.96783182
212319.0,7421549.0,491.691010616
212236.0,7421493.0,491.640949568
212161.0,7421428.0,492.126369129
212107.0,7421345.0,492.751203785
212062.0,7421256.0,492.633111508
212017.0,7421167.0,493.109612408
211988.0,7421072.0,493.51222998
211968.0,7420974.0,494.835507228
211948.0,7420876.0,494.23890433
211905.0,7420786.0,494.660233455
211856.0,7420699.0,494.710934704
211806.0,7420613.0,494.807708575
211745.0,7420533.0,494.669182388
211685.0,7420454.0,495.039998205
211644.0,7420370.0,495.565925841
211673.0,7420275.0,495.324977099
211703.0,7420179.0,497.349114476
211753.0,7420106.0,500.457840765
211851.0,7420084.0,503.104110476
211948.0,7420062.0,504.588371877
212047.0,7420050.0,506.598203903
212147.0,7420051.0,518.777263492
212247.0,7420052.0,518.776951109
212337.0,7420090.0,510.176084319
212424.0,7420139.0,503.510297059
212512.0,7420188.0,501.171150496
212611.0,7420197.0,500.128801289
212711.0,7420204.0,500.202337583
212810.0,7420212.0,497.881703809
212811.0,7420288.0,496.705988701
212713.0,7420310.0,499.160299002
212624.0,7420352.0,500.923384216
212561.0,7420422.0,501.051187477
212539.0,7420520.0,501.028376873
212515.0,7420617.0,501.846259306
212487.0,7420713.0,506.278386136
212508.0,7420806.0,504.334811226
212547.0,7420897.0,504.450664575
212527.0,7420995.0,502.838760398
212508.0,7421093.0,502.004071705
212535.0,7421181.0,499.542459238
212599.0,7421257.0,499.263699429
200618.0,7421796.0,512.659520056
200565.0,7421724.0,513.247310672
200529.0,7421631.0,514.677737008
200465.0,7421558.0,514.697633898
200383.0,7421502.0,515.596004618
200300.0,7421445.0,516.645735665
200218.0,7421388.0,516.894177543
200168.0,7421317.0,517.847718947
200264.0,7421288.0,517.970740195
200354.0,7421299.0,518.618846452
200436.0,7421356.0,519.08504757
200522.0,7421397.0,519.088741883
200617.0,7421364.0,520.639655319
200707.0,7421346.0,521.146064935
200768.0,7421426.0,519.298694484
200836.0,7421498.0,519.824735957
200916.0,7421558.0,517.484205598
200995.0,7421618.0,516.209605114
201091.0,7421645.0,517.434698682
201189.0,7421667.0,517.691733134
201287.0,7421682.0,516.781327514
201387.0,7421693.0,514.072868698
201460.0,7421760.0,512.799096951
201511.0,7421845.0,512.394488579
201554.0,7421935.0,512.052943077
201598.0,7422025.0,510.335793058
201679.0,7422077.0,509.764192363
201770.0,7422119.0,509.007809466
201861.0,7422160.0,507.680660437
201934.0,7422223.0,508.554662759
201990.0,7422306.0,505.723725708
202046.0,7422389.0,504.749037019
202089.0,7422476.0,501.848964418
202024.0,7422527.0,501.551860476
201930.0,7422492.0,501.906944221
201836.0,7422465.0,502.276175783
201757.0,7422527.0,501.870947946
201677.0,7422573.0,501.979657908
201604.0,7422511.0,502.571862555
201555.0,7422424.0,503.602886938
201501.0,7422340.0,504.28376204
201445.0,7422257.0,504.74983497
201390.0,7422174.0,505.592514138
201331.0,7422094.0,506.61031719
201234.0,7422070.0,507.341150252
201137.0,7422047.0,507.968436199
201055.0,7421999.0,508.124148666
200993.0,7421921.0,509.908569334
200930.0,7421843.0,510.003227835
200833.0,7421830.0,511.06518986
200733.0,7421825.0,511.945748038
209291.0,7422580.0,495.893784726
209305.0,7422679.0,495.622210068
209320.0,7422778.0,495.550206056
209334.0,7422877.0,496.86714018
209357.0,7422974.0,497.888607396
209391.0,7423068.0,498.818808029
209424.0,7423162.0,495.015343608
209380.0,7423245.0,494.459301441
209320.0,7423325.0,494.177869411
209243.0,7423389.0,494.51265867
209166.0,7423453.0,494.92850151
209089.0,7423516.0,493.032719469
209008.0,7423513.0,490.296288791
208931.0,7423453.0,490.053170875
208904.0,7423357.0,489.941938639
208906.0,7423262.0,489.675704781
208940.0,7423168.0,489.863267989
208974.0,7423074.0,489.991106439
209006.0,7422979.0,490.035880026
209026.0,7422881.0,491.064081252
209045.0,7422783.0,491.60485678
209070.0,7422686.0,492.424436824
209102.0,7422591.0,493.346539771
209164.0,7422529.0,493.551886748
209258.0,7422537.0,495.442699074
206476.0,7424842.0,490.234280294
206448.0,7424938.0,491.037928345
206461.0,7425037.0,490.529423359
206447.0,7425130.0,492.17763444
206399.0,7425217.0,493.083637243
206388.0,7425316.0,490.162395038
206352.0,7425405.0,489.869111611
206264.0,7425451.0,489.930732712
206186.0,7425513.0,488.685158279
206115.0,7425584.0,488.327872761
206043.0,7425652.0,488.603941693
205963.0,7425713.0,491.12398042
205880.0,7425766.0,491.688684011
205786.0,7425733.0,490.366478178
205785.0,7425646.0,489.598577276
205805.0,7425548.0,489.832382342
205789.0,7425452.0,490.382846871
205748.0,7425361.0,490.85292771
205702.0,7425273.0,490.524118052
205656.0,7425184.0,490.848721007
205610.0,7425095.0,490.833696763
205591.0,7424997.0,491.225896905
205578.0,7424898.0,491.212200126
205619.0,7424814.0,491.874083795
205680.0,7424734.0,492.52429068
205741.0,7424655.0,493.100890852
205835.0,7424629.0,495.154860499
205928.0,7424591.0,496.469100164
206024.0,7424563.0,498.134215687
206114.0,7424520.0,496.451054251
206204.0,7424475.0,492.337139362
206294.0,7424491.0,491.754543699
206354.0,7424570.0,490.516225738
206411.0,7424653.0,490.018788275
206468.0,7424735.0,489.636362768
204688.0,7427081.0,482.49809358
204787.0,7427066.0,483.507764912
204886.0,7427052.0,484.050879222
204985.0,7427037.0,483.371940632
205084.0,7427023.0,482.301030713
205181.0,7427004.0,482.13615099
205262.0,7426946.0,482.037552659
205344.0,7426888.0,481.819649109
205430.0,7426841.0,481.478771288
205528.0,7426817.0,481.210083362
205619.0,7426854.0,481.447486592
205694.0,7426920.0,482.249748308
205726.0,7427015.0,482.272796834
205743.0,7427109.0,481.434306788
205711.0,7427204.0,480.812958176
205660.0,7427277.0,480.276470832
205562.0,7427298.0,480.767218542
205465.0,7427300.0,481.173774797
205370.0,7427269.0,481.23069682
205274.0,7427242.0,480.909060138
205184.0,7427261.0,480.504745118
205106.0,7427323.0,480.137229986
205027.0,7427385.0,480.544539822
204937.0,7427427.0,481.540611962
204847.0,7427470.0,482.84355896
204765.0,7427524.0,485.287992652
204703.0,7427603.0,485.360422041
204641.0,7427681.0,483.504181775
204580.0,7427760.0,481.955450985
204510.0,7427828.0,481.309128298
204419.0,7427870.0,481.677602082
204328.0,7427912.0,481.995144241
204231.0,7427928.0,481.494154649
204131.0,7427929.0,478.257854248
204058.0,7427862.0,478.507101559
203985.0,7427793.0,477.796490198
203952.0,7427712.0,477.887644729
203996.0,7427630.0,478.578486535
204078.0,7427572.0,480.719833597
204132.0,7427497.0,481.3688414
204142.0,7427398.0,480.953754227
204164.0,7427308.0,480.33253087
204260.0,7427282.0,481.595034764
204357.0,7427256.0,482.813073336
204451.0,7427222.0,482.737280257
204540.0,7427177.0,482.543640261
204617.0,7427118.0,482.217512112
202652.0,7428518.0,481.014736661
202752.0,7428522.0,481.092089305
202852.0,7428524.0,480.566267073
202951.0,7428513.0,479.992122318
203030.0,7428456.0,480.435620393
203102.0,7428387.0,479.228496872
203175.0,7428318.0,478.228007182
203268.0,7428282.0,478.065597833
203358.0,7428271.0,478.296732249
203435.0,7428330.0,479.37670355
203422.0,7428429.0,477.070657275
203363.0,7428491.0,476.312185147
203278.0,7428543.0,476.380682049
203195.0,7428600.0,477.484045325
203119.0,7428664.0,476.918621725
203045.0,7428731.0,475.48724917
202971.0,7428798.0,475.248998204
202885.0,7428849.0,475.21817082
202796.0,7428893.0,475.158714388
202705.0,7428934.0,474.650368208
202607.0,7428927.0,475.737126336
202509.0,7428909.0,476.650419339
202414.0,7428882.0,478.015830667
202332.0,7428825.0,478.842709893
202250.0,7428769.0,480.378364041
202210.0,7428678.0,481.731053491
202174.0,7428585.0,482.360647351
202236.0,7428521.0,483.142017184
202335.0,7428507.0,483.013467954
202434.0,7428493.0,482.326147883
202531.0,7428496.0,481.673449759
200411.0,7430310.0,488.863869863
200497.0,7430362.0,489.532816438
200582.0,7430413.0,485.790452808
200668.0,7430465.0,482.653786162
200753.0,7430517.0,480.179522574
200835.0,7430574.0,475.82162943
200902.0,7430646.0,474.061338317
200944.0,7430737.0,473.860285956
200986.0,7430828.0,473.159852831
201002.0,7430925.0,473.256788177
201006.0,7431025.0,471.714833208
200961.0,7431112.0,470.414743106
200898.0,7431185.0,471.540380017
200805.0,7431221.0,475.115460901
200712.0,7431258.0,476.18377205
200629.0,7431307.0,474.112151278
200580.0,7431394.0,472.521760914
200523.0,7431475.0,471.726550231
200454.0,7431548.0,471.434185334
200370.0,7431601.0,469.860701198
200281.0,7431642.0,468.728168476
200181.0,7431645.0,468.213579309
200085.0,7431638.0,467.159557674
200024.0,7431565.0,470.275826247
200028.0,7431465.0,473.819709562
200040.0,7431366.0,474.695745274
200052.0,7431266.0,472.548754257
200042.0,7431169.0,474.672739463
200011.0,7431074.0,476.914076805
199937.0,7431010.0,473.904148292
199853.0,7430956.0,472.487333132
199757.0,7430930.0,471.754231961
199661.0,7430903.0,470.773125402
199583.0,7430846.0,471.941837097
199525.0,7430769.0,471.055780687
199541.0,7430670.0,471.824386866
199590.0,7430584.0,472.325023412
199645.0,7430501.0,472.067096471
199711.0,7430427.0,472.65936351
199803.0,7430391.0,474.544874355
199889.0,7430341.0,475.407156895
199976.0,7430291.0,476.183338916
200070.0,7430272.0,477.851386975
200170.0,7430277.0,482.741653296
200270.0,7430283.0,485.703201321
200369.0,7430289.0,485.698241321
227901.0,7398341.0,558.924671213
227830.0,7398271.0,549.099314859
227770.0,7398194.0,545.819484813
227735.0,7398100.0,543.088068371
227798.0,7398030.0,544.12776633
227880.0,7397975.0,544.912704881
227974.0,7397943.0,545.747171503
228069.0,7397910.0,546.350288901
228126.0,7397834.0,546.532411277
228210.0,7397809.0,547.344884073
228310.0,7397809.0,548.049306183
228410.0,7397809.0,548.015926794
228510.0,7397809.0,547.600406432
228610.0,7397809.0,546.610262018
228710.0,7397809.0,545.481367926
228742.0,7397872.0,544.980713255
228734.0,7397971.0,544.862784402
228677.0,7398044.0,545.223118173
228597.0,7398104.0,545.219666911
228587.0,7398203.0,544.641152139
228583.0,7398302.0,544.751064098
228578.0,7398402.0,548.766609929
228513.0,7398473.0,553.705782762
228427.0,7398492.0,565.265380413
228330.0,7398466.0,569.42341173
228232.0,7398450.0,565.989522837
228132.0,7398444.0,557.279917014
228033.0,7398433.0,553.482969164
224988.0,7397827.0,541.656243566
225036.0,7397914.0,541.067441529
225036.0,7398011.0,541.299445269
225021.0,7398110.0,541.302749039
225018.0,7398208.0,540.835478022
225047.0,7398304.0,540.440692127
225076.0,7398399.0,540.439477262
225033.0,7398481.0,540.268594167
224958.0,7398506.0,539.823480635
224868.0,7398463.0,540.508693123
224808.0,7398383.0,541.28690807
224752.0,7398301.0,540.956209947
224723.0,7398205.0,541.777324088
224679.0,7398117.0,542.19818051
224615.0,7398040.0,543.404248461
224522.0,7398018.0,543.589754998
224422.0,7398011.0,544.058551469
224327.0,7398022.0,543.681053009
224242.0,7398077.0,543.074517318
224155.0,7398126.0,543.497630734
224059.0,7398116.0,543.313236695
223968.0,7398079.0,543.528222032
223886.0,7398022.0,544.815509963
223804.0,7397964.0,547.997193363
223722.0,7397907.0,544.306475209
223644.0,7397845.0,542.810317474
223655.0,7397809.0,543.293874506
223755.0,7397809.0,544.527638461
223855.0,7397809.0,546.7042471
223955.0,7397809.0,548.159133057
224055.0,7397809.0,547.662955156
224155.0,7397809.0,545.725728683
224255.0,7397809.0,545.972110599
224355.0,7397809.0,547.089029084
224455.0,7397809.0,547.480900609
224555.0,7397809.0,547.282098058
224655.0,7397809.0,546.702379476
224755.0,7397809.0,544.995096724
224855.0,7397809.0,543.436795971
224955.0,7397809.0,542.076894888
226093.0,7399031.0,538.44284552
226154.0,7398956.0,539.329454345
226236.0,7398897.0,540.754066164
226303.0,7398826.0,540.757576561
226349.0,7398739.0,541.247569741
226295.0,7398656.0,541.604086694
226232.0,7398582.0,542.124594255
226133.0,7398567.0,540.849418822
226034.0,7398552.0,540.075581541
225987.0,7398466.0,540.578428025
226013.0,7398376.0,541.372625174
226078.0,7398310.0,541.917350536
226172.0,7398275.0,542.894380439
226252.0,7398220.0,544.014940621
226312.0,7398141.0,544.637581747
226327.0,7398045.0,544.865977629
226343.0,7397968.0,545.291308672
226429.0,7398018.0,545.874437306
226524.0,7398049.0,546.61164426
226619.0,7398080.0,546.843656781
226702.0,7398131.0,546.40991281
226773.0,7398201.0,546.490722299
226845.0,7398271.0,546.37500848
226936.0,7398297.0,545.678691121
227036.0,7398300.0,544.523450523
227136.0,7398303.0,543.621284292
227202.0,7398371.0,543.280350766
227257.0,7398453.0,542.762796542
227280.0,7398550.0,542.439418597
227204.0,7398570.0,543.089501139
227112.0,7398598.0,543.456134085
227052.0,7398678.0,543.074237599
227033.0,7398769.0,543.250673413
227052.0,7398867.0,542.948782628
227122.0,7398938.0,542.137854766
227192.0,7399010.0,541.904946381
227247.0,7399091.0,540.926813534
227231.0,7399177.0,540.66285995
227173.0,7399258.0,542.071568398
227129.0,7399347.0,557.01230799
227131.0,7399438.0,576.188649126
227195.0,7399514.0,566.098802875
227235.0,7399600.0,547.61483191
227234.0,7399700.0,541.644665191
227165.0,7399769.0,539.434002689
227087.0,7399826.0,538.935360938
226987.0,7399825.0,539.312254126
226889.0,7399806.0,539.16404609
226790.0,7399790.0,538.590341797
226691.0,7399779.0,538.252092235
226594.0,7399757.0,539.516437376
226494.0,7399755.0,539.283352625
226394.0,7399753.0,540.006340345
226299.0,7399728.0,538.210324875
226232.0,7399661.0,537.27660851
226184.0,7399573.0,536.84564965
226136.0,7399485.0,537.464390816
226088.0,7399397.0,537.728539158
226058.0,7399305.0,537.665749874
226059.0,7399205.0,537.88816398
226060.0,7399105.0,538.449458407
231495.0,7399651.0,542.6837225
231444.0,7399724.0,542.533441883
231408.0,7399633.0,542.601522742
231337.0,7399563.0,542.346937223
231250.0,7399524.0,542.822408879
231150.0,7399517.0,543.163940725
231051.0,7399509.0,543.513094087
230957.0,7399536.0,543.71007445
230868.0,7399581.0,544.178469076
230786.0,7399567.0,544.904947679
230785.0,7399474.0,545.812164741
230816.0,7399381.0,546.379817224
230863.0,7399293.0,546.440018069
230923.0,7399212.0,546.616906441
230992.0,7399148.0,546.563498696
231091.0,7399133.0,545.507995112
231190.0,7399119.0,545.069959347
231289.0,7399134.0,545.253288201
231388.0,7399149.0,544.482522515
231481.0,7399183.0,544.071091128
231538.0,7399245.0,543.650253304
231533.0,7399345.0,543.365799537
231528.0,7399445.0,543.37079874
231524.0,7399545.0,543.214099427
230325.0,7398477.0,555.740327852
230424.0,7398469.0,554.176953322
230524.0,7398464.0,551.846592053
230528.0,7398375.0,552.46725535
230561.0,7398285.0,552.766011027
230616.0,7398202.0,553.016969265
230637.0,7398109.0,553.171874415
230605.0,7398018.0,553.725734354
230553.0,7397932.0,554.479401946
230597.0,7397844.0,554.477575888
230559.0,7397809.0,555.372223819
230459.0,7397809.0,556.293459678
230359.0,7397809.0,555.935782069
230259.0,7397809.0,554.291063745
230240.0,7397889.0,554.569586853
230201.0,7397974.0,554.658367826
230130.0,7398044.0,554.27379769
230031.0,7398050.0,553.625460994
229950.0,7398007.0,553.630543593
229884.0,7397932.0,552.768081486
229819.0,7397856.0,550.696954041
229729.0,7397813.0,550.356592763
229630.0,7397809.0,549.670777557
229530.0,7397809.0,548.183184642
229430.0,7397809.0,550.333837684
229330.0,7397809.0,548.231792352
229230.0,7397809.0,547.83019243
229130.0,7397809.0,547.462708944
229079.0,7397881.0,546.074275577
229044.0,7397974.0,545.342100079
229033.0,7398070.0,545.504149842
229068.0,7398155.0,547.29901626
229156.0,7398201.0,547.437475579
229226.0,7398273.0,548.019812284
229241.0,7398358.0,546.875336334
229199.0,7398449.0,545.587794649
229132.0,7398509.0,546.329276313
229033.0,7398525.0,545.767275414
228934.0,7398540.0,545.272019739
228835.0,7398555.0,544.80199143
228745.0,7398596.0,543.557079287
228689.0,7398677.0,543.24732022
228667.0,7398775.0,543.062355347
228730.0,7398843.0,550.23262599
228802.0,7398912.0,551.834267591
228872.0,7398983.0,558.961485016
228921.0,7399070.0,552.039511476
228899.0,7399162.0,551.272045622
228834.0,7399227.0,556.951192042
228736.0,7399249.0,553.598222089
228640.0,7399254.0,551.740420761
228545.0,7399221.0,549.772987365
228451.0,7399188.0,546.366133066
228352.0,7399177.0,545.161927672
228252.0,7399173.0,544.565245236
228155.0,7399152.0,543.910280033
228056.0,7399136.0,543.469227006
227957.0,7399136.0,542.835778826
227861.0,7399153.0,541.912813474
227823.0,7399245.0,541.820512488
227785.0,7399338.0,544.532299092
227702.0,7399382.0,546.215485336
227606.0,7399407.0,546.185359306
227526.0,7399458.0,547.201713439
227464.0,7399537.0,550.75132407
227402.0,7399615.0,543.61051525
227375.0,7399708.0,541.261621084
227414.0,7399776.0,537.213700265
227508.0,7399811.0,539.064067458
227601.0,7399845.0,540.782704272
227700.0,7399857.0,542.290588699
227800.0,7399860.0,542.890072693
227900.0,7399863.0,543.129548777
227987.0,7399899.0,542.964742447
228077.0,7399930.0,547.526797512
228152.0,7399997.0,556.168698298
228219.0,7400070.0,562.559343725
228268.0,7400157.0,563.487596417
228317.0,7400244.0,556.002090589
228367.0,7400331.0,559.127424531
228416.0,7400418.0,553.122391908
228465.0,7400505.0,542.923257153
228469.0,7400596.0,543.225585217
228428.0,7400687.0,541.952053949
228415.0,7400778.0,541.425746132
228450.0,7400872.0,542.70912825
228481.0,7400967.0,543.085310624
228539.0,7401046.0,542.460328721
228607.0,7401119.0,542.812697071
228706.0,7401133.0,544.293108719
228796.0,7401116.0,546.221141373
228870.0,7401049.0,547.129567342
228874.0,7400952.0,551.884146462
228870.0,7400852.0,553.089322915
228828.0,7400769.0,550.876482689
228757.0,7400698.0,558.619493818
228687.0,7400627.0,550.970601277
228657.0,7400534.0,545.46753818
228636.0,7400436.0,549.418567456
228584.0,7400353.0,571.467168561
228524.0,7400272.0,575.773863784
228465.0,7400192.0,574.557429486
228405.0,7400112.0,578.597827841
228346.0,7400031.0,583.316912652
228292.0,7399947.0,577.696509566
228238.0,7399862.0,572.733365154
228259.0,7399767.0,570.430280336
228293.0,7399674.0,565.281771917
228384.0,7399633.0,563.147280609
228477.0,7399606.0,562.338133226
228558.0,7399665.0,555.561819009
228624.0,7399735.0,554.642255617
228657.0,7399830.0,551.970567273
228690.0,7399924.0,549.805959379
228722.0,7400019.0,550.364109022
228755.0,7400113.0,549.506800655
228788.0,7400208.0,547.467152125
228834.0,7400293.0,546.626549622
228912.0,7400344.0,546.34407223
228890.0,7400246.0,548.597850405
228858.0,7400152.0,549.750558524
228877.0,7400065.0,551.424525217
228944.0,7399991.0,553.223409605
229011.0,7399916.0,553.760116925
229068.0,7399839.0,554.527355243
229030.0,7399752.0,558.396770344
228964.0,7399678.0,556.823244552
228939.0,7399594.0,555.86915264
228984.0,7399505.0,556.282103115
229051.0,7399438.0,557.566286372
229143.0,7399400.0,555.928906887
229238.0,7399373.0,557.031402454
229338.0,7399363.0,556.925193012
229432.0,7399389.0,555.708981559
229525.0,7399428.0,554.248631741
229618.0,7399427.0,553.108209937
229701.0,7399376.0,554.00564225
229775.0,7399308.0,555.801749851
229849.0,7399241.0,563.272865066
229947.0,7399221.0,560.633175488
230045.0,7399202.0,557.945504296
230143.0,7399183.0,553.997004753
230239.0,7399157.0,554.568603359
230332.0,7399120.0,553.923549563
230333.0,7399036.0,558.882855137
230299.0,7398943.0,560.327150778
230254.0,7398853.0,560.717066728
230209.0,7398764.0,563.064096475
230177.0,7398673.0,554.687054856
230212.0,7398580.0,554.619162404
229170.0,7401778.0,541.065664951
229252.0,7401835.0,540.412939889
229336.0,7401877.0,540.026297393
229431.0,7401846.0,540.214360733
229526.0,7401816.0,539.156214431
229616.0,7401776.0,538.39631247
229694.0,7401713.0,538.691296284
229787.0,7401691.0,538.392361373
229796.0,7401626.0,540.095899535
229737.0,7401546.0,539.839455354
229678.0,7401465.0,548.905490605
229648.0,7401369.0,552.70708748
229603.0,7401281.0,552.411610321
229548.0,7401198.0,547.743665943
229494.0,7401114.0,547.813024538
229539.0,7401026.0,544.693131413
229592.0,7400942.0,544.545764643
229691.0,7400925.0,544.373636107
229784.0,7400949.0,543.107281446
229875.0,7400992.0,543.670365302
229954.0,7401046.0,544.101511841
229993.0,7401138.0,542.969682736
230032.0,7401230.0,541.10019049
230091.0,7401305.0,539.649335607
230175.0,7401360.0,538.458010019
230274.0,7401365.0,538.157983382
230323.0,7401313.0,538.229816818
230304.0,7401218.0,539.614862398
230258.0,7401130.0,540.626788098
230246.0,7401032.0,541.312632055
230214.0,7400962.0,541.758696381
230115.0,7400954.0,543.228229786
230016.0,7400941.0,544.58292966
229936.0,7400883.0,543.684239563
229859.0,7400820.0,543.711406443
229833.0,7400723.0,543.470296722
229806.0,7400629.0,543.349738717
229710.0,7400656.0,544.571620295
229619.0,7400696.0,545.975620057
229521.0,7400717.0,547.473675095
229423.0,7400732.0,550.259633273
229327.0,7400721.0,549.960731106
229235.0,7400684.0,548.143935179
229231.0,7400768.0,549.720082039
229244.0,7400868.0,549.791898848
229272.0,7400963.0,548.707409692
229307.0,7401057.0,548.105384738
229351.0,7401146.0,551.260754318
229398.0,7401234.0,557.11967879
229399.0,7401328.0,562.812644735
229357.0,7401415.0,560.818770692
229275.0,7401472.0,552.424546839
229191.0,7401525.0,548.069514567
229091.0,7401520.0,546.91501179
228991.0,7401515.0,545.943023366
228892.0,7401505.0,545.180698596
228793.0,7401490.0,544.893613132
228693.0,7401484.0,547.15627073
228593.0,7401479.0,552.316626989
228494.0,7401482.0,552.310536864
228430.0,7401541.0,557.17694457
228410.0,7401639.0,561.808274372
228344.0,7401711.0,549.226822411
228262.0,7401758.0,540.26899706
228193.0,7401784.0,537.406982842
228225.0,7401878.0,537.122002999
228273.0,7401966.0,536.439559191
228325.0,7402051.0,537.669034967
228385.0,7402131.0,536.449910244
228459.0,7402190.0,537.886075929
228555.0,7402201.0,541.923534022
228648.0,7402166.0,540.000567694
228707.0,7402088.0,540.245581792
228760.0,7402003.0,541.401564601
228813.0,7401918.0,541.809233109
228875.0,7401842.0,542.28953448
228950.0,7401775.0,542.5441297
229031.0,7401725.0,542.320117779
229127.0,7401751.0,541.659635521
224573.0,7401153.0,547.723479277
224658.0,7401204.0,547.231847167
224750.0,7401243.0,546.405243528
224836.0,7401287.0,545.644000293
224860.0,7401384.0,545.776443308
224884.0,7401481.0,545.577109616
224939.0,7401565.0,545.616483543
225017.0,7401623.0,545.653339197
225106.0,7401668.0,545.855874962
225183.0,7401726.0,545.719633612
225173.0,7401812.0,545.300154089
225119.0,7401896.0,545.397037037
225123.0,7401992.0,545.221287326
225142.0,7402090.0,544.130275943
225106.0,7402170.0,543.634649164
225020.0,7402214.0,543.452374486
224924.0,7402225.0,543.014377145
224828.0,7402196.0,542.799869243
224730.0,7402175.0,542.357571313
224639.0,7402136.0,541.697630419
224553.0,7402087.0,541.282766541
224502.0,7402010.0,540.530071058
224428.0,7401952.0,540.93891431
224333.0,7401921.0,540.842358845
224236.0,7401898.0,541.449750809
224168.0,7401827.0,542.051169865
224141.0,7401734.0,542.055976084
224128.0,7401635.0,543.154503862
224114.0,7401536.0,544.172607292
224148.0,7401442.0,544.982505639
224183.0,7401349.0,545.705932141
224218.0,7401255.0,546.349682798
224197.0,7401168.0,546.631313396
224129.0,7401096.0,547.120809848
224057.0,7401029.0,547.988878269
224017.0,7400939.0,549.039232858
224113.0,7400911.0,549.213441722
224212.0,7400904.0,548.889406249
224312.0,7400906.0,548.425455592
224412.0,7400907.0,547.723567162
224492.0,7400929.0,547.266988314
224493.0,7401029.0,547.32743774
221949.0,7401698.0,559.863028437
222026.0,7401642.0,559.095333385
222123.0,7401618.0,557.678420744
222221.0,7401598.0,555.823089412
222321.0,7401587.0,555.761376402
222420.0,7401577.0,554.148771384
222519.0,7401566.0,553.039706946
222619.0,7401559.0,551.815383119
222717.0,7401578.0,550.788111411
222742.0,7401666.0,550.360053961
222748.0,7401764.0,550.554341991
222812.0,7401841.0,549.594158346
222888.0,7401900.0,548.310994566
222984.0,7401928.0,547.540097803
223080.0,7401956.0,546.901164784
223176.0,7401984.0,545.482904629
223266.0,7402027.0,544.587666042
223297.0,7402089.0,544.753934618
223231.0,7402150.0,544.727116275
223131.0,7402149.0,544.861672383
223031.0,7402148.0,546.039463184
222939.0,7402113.0,546.251952024
222848.0,7402071.0,547.262787481
222757.0,7402030.0,548.389348742
222665.0,7401993.0,548.588811571
222566.0,7402008.0,549.316262186
222496.0,7402072.0,549.964305693
222435.0,7402152.0,550.546079968
222343.0,7402183.0,551.450241863
222248.0,7402213.0,551.963668565
222156.0,7402235.0,552.711728589
222101.0,7402151.0,553.591327918
222036.0,7402076.0,555.249163161
221971.0,7402000.0,555.774590441
221930.0,7401913.0,556.613990906
221918.0,7401814.0,557.394606179
223448.0,7402752.0,549.100441279
223538.0,7402710.0,547.847058931
223629.0,7402668.0,546.658476524
223725.0,7402640.0,545.863281621
223821.0,7402611.0,545.011036257
223917.0,7402602.0,544.204036503
224013.0,7402629.0,543.185562404
224098.0,7402674.0,541.672546077
224166.0,7402748.0,540.775501535
224222.0,7402822.0,540.336327049
224155.0,7402896.0,540.644006476
224095.0,7402975.0,541.329617766
224023.0,7403045.0,542.235744639
223946.0,7403108.0,542.454789227
223858.0,7403152.0,543.026995187
223764.0,7403187.0,543.913061302
223683.0,7403243.0,544.183172486
223610.0,7403311.0,543.585943013
223537.0,7403380.0,543.615102049
223450.0,7403423.0,544.628570675
223354.0,7403417.0,545.38393057
223257.0,7403389.0,546.31314846
223164.0,7403357.0,547.240199141
223083.0,7403298.0,547.964423452
223002.0,7403240.0,549.17665153
222917.0,7403187.0,548.908222
222826.0,7403146.0,549.984416761
222857.0,7403079.0,550.964696297
222929.0,7403009.0,551.084138794
223000.0,7402940.0,551.547109742
223075.0,7402875.0,551.240409982
223171.0,7402847.0,550.865503141
223263.0,7402811.0,550.490970701
223359.0,7402783.0,549.926960926
230357.0,7403422.0,534.570314606
230416.0,7403341.0,535.105185088
230475.0,7403260.0,535.407204973
230552.0,7403199.0,535.712310264
230635.0,7403143.0,536.039408772
230718.0,7403088.0,535.814525171
230811.0,7403055.0,535.73038039
230909.0,7403036.0,535.7420345
231003.0,7403047.0,535.570086848
231066.0,7403113.0,535.652674952
231091.0,7403210.0,535.2621187
231102.0,7403308.0,535.023761058
231071.0,7403390.0,534.887935976
230992.0,7403452.0,534.848376297
230941.0,7403537.0,534.916046081
230895.0,7403626.0,534.51540618
230850.0,7403715.0,534.048251391
230797.0,7403796.0,533.716444248
230709.0,7403845.0,533.473331475
230629.0,7403904.0,533.418418703
230553.0,7403969.0,532.993856901
230477.0,7404033.0,532.494498417
230378.0,7404040.0,532.383435729
230278.0,7404043.0,532.511772718
230178.0,7404047.0,532.039188612
230078.0,7404050.0,531.860088628
230030.0,7403992.0,532.262302224
230126.0,7403962.0,532.365414625
230221.0,7403933.0,532.916627655
230277.0,7403855.0,535.886393007
230321.0,7403765.0,537.244282935
230298.0,7403669.0,534.934960852
230279.0,7403573.0,534.112711809
230321.0,7403483.0,534.291045976
218140.0,7403637.0,546.471247726
218128.0,7403538.0,545.651646731
218117.0,7403439.0,544.810684161
218105.0,7403339.0,545.116344414
218094.0,7403240.0,545.440303269
218082.0,7403141.0,546.205938359
218071.0,7403041.0,546.738883987
218096.0,7402967.0,548.064612472
218175.0,7403004.0,549.182996521
218233.0,7403084.0,553.013833549
218277.0,7403174.0,553.524599656
218337.0,7403240.0,553.533005746
218389.0,7403155.0,553.16208923
218452.0,7403096.0,552.95068011
218468.0,7403195.0,553.221222794
218484.0,7403293.0,552.930470806
218501.0,7403392.0,551.072798251
218517.0,7403491.0,548.67584741
218502.0,7403580.0,547.569904419
218421.0,7403566.0,548.438284664
218334.0,7403545.0,555.656261333
218308.0,7403642.0,554.963506767
218282.0,7403738.0,554.650198594
218263.0,7403837.0,554.764630846
218251.0,7403936.0,561.169143164
218232.0,7404034.0,558.468368924
218224.0,7404134.0,556.496124026
218215.0,7404233.0,552.872339355
218206.0,7404333.0,552.673520204
218176.0,7404428.0,554.26372782
218141.0,7404521.0,545.087086356
218107.0,7404615.0,542.963159253
218081.0,7404712.0,541.756588555
218054.0,7404806.0,540.552471745
217963.0,7404830.0,540.502498064
217919.0,7404746.0,540.478199455
217975.0,7404663.0,541.483837301
218011.0,7404572.0,542.625313039
218033.0,7404474.0,542.579363189
218054.0,7404376.0,543.133736916
218071.0,7404278.0,544.768569587
218077.0,7404178.0,544.967979961
218084.0,7404078.0,544.813532923
218099.0,7403980.0,546.590923419
218116.0,7403881.0,546.04938859
218134.0,7403783.0,545.545308146
225257.0,7406847.0,527.200451866
225348.0,7406835.0,526.886431647
225408.0,7406915.0,526.801436952
225470.0,7406993.0,526.142773119
225550.0,7407053.0,526.036422193
225630.0,7407113.0,525.443312961
225710.0,7407174.0,525.125700626
225748.0,7407264.0,524.646109608
225696.0,7407342.0,524.511047117
225607.0,7407382.0,524.331610041
225511.0,7407400.0,524.531823426
225413.0,7407379.0,525.0245262
225316.0,7407358.0,525.564157875
225218.0,7407337.0,525.616476588
225118.0,7407333.0,525.401716495
225018.0,7407333.0,524.989083199
224981.0,7407245.0,525.602114477
225043.0,7407172.0,526.003721182
225096.0,7407087.0,526.227138312
225149.0,7407002.0,526.364795649
225202.0,7406917.0,526.75953332
218279.0,7409762.0,524.844783024
218355.0,7409790.0,524.684000436
218454.0,7409780.0,524.808312552
218554.0,7409769.0,525.132722381
218653.0,7409759.0,525.933480703
218740.0,7409719.0,526.979952184
218816.0,7409655.0,528.020737186
218864.0,7409568.0,528.046467689
218871.0,7409477.0,529.021239747
218789.0,7409430.0,532.480368652
218720.0,7409357.0,536.859676517
218645.0,7409293.0,547.62068616
218559.0,7409242.0,542.508758467
218464.0,7409220.0,538.098534451
218364.0,7409210.0,533.918612491
218265.0,7409215.0,531.939591446
218167.0,7409234.0,530.354984518
218068.0,7409235.0,530.74196077
217973.0,7409216.0,532.23304645
217905.0,7409143.0,531.571335827
217895.0,7409066.0,529.845430995
217973.0,7409003.0,530.691457415
218044.0,7408934.0,531.909365741
218115.0,7408863.0,533.763375573
218193.0,7408801.0,535.276611396
218261.0,7408736.0,535.640857355
218198.0,7408719.0,536.516715889
218100.0,7408736.0,538.431826511
218009.0,7408777.0,537.884236725
217919.0,7408822.0,532.395572475
217830.0,7408866.0,532.324485144
217733.0,7408890.0,533.967578581
217635.0,7408912.0,533.507249141
217538.0,7408933.0,531.227158021
217440.0,7408955.0,528.29871914
217358.0,7409011.0,526.105795538
217277.0,7409070.0,524.235568873
217214.0,7409146.0,522.900995182
217158.0,7409229.0,522.225709692
217155.0,7409329.0,522.925765324
217152.0,7409429.0,522.25520367
217150.0,7409529.0,520.753454005
217178.0,7409620.0,520.370914862
217265.0,7409669.0,520.569487116
217304.0,7409758.0,520.865915243
217332.0,7409854.0,521.303547745
217377.0,7409944.0,521.100143697
217430.0,7410026.0,521.456998131
217527.0,7410013.0,522.376223708
217625.0,7409994.0,522.568501397
217722.0,7409972.0,522.453526611
217814.0,7409932.0,522.46179123
217893.0,7409873.0,522.847309123
217965.0,7409804.0,523.615599154
218036.0,7409734.0,524.576544002
218115.0,7409682.0,525.145281868
218211.0,7409709.0,524.93892155
219528.0,7410173.0,528.82044981
219437.0,7410199.0,528.313208099
219363.0,7410134.0,528.54552287
219290.0,7410068.0,528.977559387
219199.0,7410025.0,529.486451358
219116.0,7410068.0,528.743597351
219038.0,7410130.0,527.316136261
218983.0,7410116.0,526.783001657
218983.0,7410021.0,527.42978367
219008.0,7409924.0,528.264426209
219055.0,7409842.0,529.023524559
219126.0,7409772.0,530.192213116
219176.0,7409688.0,530.729601928
219210.0,7409594.0,530.43195899
219267.0,7409512.0,530.649000001
219327.0,7409432.0,532.243321267
219387.0,7409352.0,534.384891347
219447.0,7409273.0,536.673836123
219534.0,7409226.0,538.779625052
219630.0,7409200.0,540.164575852
219726.0,7409171.0,544.142778118
219820.0,7409136.0,544.08761259
219908.0,7409091.0,542.904770107
219993.0,7409040.0,542.708587352
220076.0,7409096.0,542.674754739
220141.0,7409169.0,541.087087173
220194.0,7409254.0,539.935757527
220161.0,7409330.0,539.282069871
220101.0,7409408.0,538.385225227
220057.0,7409498.0,536.960478747
219994.0,7409575.0,535.939598072
219937.0,7409654.0,535.023166524
219902.0,7409747.0,533.635197849
219837.0,7409822.0,532.53611158
219766.0,7409892.0,531.532843668
219694.0,7409961.0,531.073411752
219636.0,7410042.0,530.651427825
219583.0,7410127.0,529.641781562
222615.0,7409736.0,530.542911145
222679.0,7409813.0,530.730709136
222758.0,7409874.0,530.502805647
222838.0,7409934.0,530.509197142
222918.0,7409994.0,530.471381343
223004.0,7410042.0,530.341772242
223100.0,7410070.0,529.015090906
223196.0,7410099.0,527.456317686
223292.0,7410124.0,526.887428763
223392.0,7410128.0,525.202076978
223492.0,7410131.0,523.723395086
223592.0,7410134.0,522.668314997
223687.0,7410162.0,522.176297907
223771.0,7410217.0,522.761130592
223853.0,7410273.0,522.684565243
223936.0,7410330.0,524.77469972
224029.0,7410363.0,524.610147912
224126.0,7410387.0,524.154637422
224225.0,7410378.0,521.971989854
224317.0,7410392.0,520.562570688
224407.0,7410436.0,520.542303485
224497.0,7410480.0,520.521784323
224571.0,7410548.0,521.675458215
224644.0,7410615.0,521.453848598
224718.0,7410683.0,521.543901852
224792.0,7410750.0,520.97261056
224854.0,7410829.0,519.18418564
224911.0,7410910.0,519.531589375
224969.0,7410992.0,522.556169894
225020.0,7411078.0,520.540318938
225068.0,7411165.0,518.312963527
225017.0,7411232.0,517.666383609
224918.0,7411241.0,517.584429669
224818.0,7411251.0,517.835952936
224719.0,7411261.0,518.015899151
224619.0,7411271.0,517.951490484
224521.0,7411291.0,517.903221815
224423.0,7411311.0,518.464484355
224324.0,7411326.0,518.616042373
224226.0,7411340.0,518.640420813
224127.0,7411355.0,518.655904944
224053.0,7411322.0,519.645303296
224026.0,7411226.0,522.226812235
223968.0,7411145.0,524.353424993
223902.0,7411073.0,526.359359648
223806.0,7411044.0,527.951991837
223722.0,7411082.0,527.229258232
223646.0,7411147.0,525.151480367
223562.0,7411189.0,523.42271684
223463.0,7411177.0,524.319379324
223382.0,7411119.0,524.569617198
223301.0,7411061.0,525.120521188
223205.0,7411041.0,525.451490574
223111.0,7411066.0,524.779344996
223019.0,7411090.0,524.214750216
222921.0,7411076.0,523.97687824
222824.0,7411053.0,524.465808263
222737.0,7411004.0,525.546674592
222657.0,7410944.0,526.419411744
222577.0,7410884.0,526.966564296
222494.0,7410831.0,527.722440433
222399.0,7410799.0,527.993355035
222304.0,7410768.0,527.522511425
222209.0,7410736.0,527.67382899
222122.0,7410689.0,528.130521502
222071.0,7410606.0,528.786397908
222063.0,7410507.0,530.243985312
222059.0,7410407.0,530.858827972
222003.0,7410331.0,532.158468945
221920.0,7410277.0,533.479658954
221830.0,7410233.0,534.435830615
221740.0,7410190.0,533.849853529
221666.0,7410125.0,533.607538623
221603.0,7410048.0,534.601399723
221540.0,7409971.0,535.32666647
221490.0,7409884.0,535.837365876
221441.0,7409796.0,536.131847255
221393.0,7409709.0,535.866886532
221345.0,7409621.0,535.234112248
221325.0,7409533.0,535.499138199
221367.0,7409442.0,534.823596144
221451.0,7409397.0,534.725314123
221545.0,7409362.0,534.09259256
221638.0,7409326.0,533.328765715
221732.0,7409291.0,532.192122038
221831.0,7409294.0,531.311715273
221931.0,7409300.0,530.565934339
222031.0,7409306.0,529.946143554
222124.0,7409342.0,530.244147317
222215.0,7409382.0,530.358351551
222307.0,7409423.0,530.276779202
222393.0,7409470.0,529.756774772
222458.0,7409546.0,530.252349611
222523.0,7409622.0,529.884715711
226047.0,7411051.0,518.22203214
225951.0,7411078.0,517.725369899
225851.0,7411084.0,517.449058645
225761.0,7411049.0,517.333017168
225698.0,7410980.0,516.981667318
225730.0,7410891.0,516.312775687
225779.0,7410804.0,517.494649273
225841.0,7410729.0,519.274404989
225926.0,7410678.0,520.924989562
226012.0,7410627.0,521.630773172
226098.0,7410575.0,520.216997811
226184.0,7410524.0,519.087498895
226270.0,7410472.0,518.90618258
226361.0,7410456.0,519.438085096
226455.0,7410489.0,520.881191112
226555.0,7410490.0,521.438140756
226655.0,7410491.0,521.586610548
226755.0,7410492.0,521.263138934
226854.0,7410502.0,521.123618765
226952.0,7410515.0,521.307922367
227052.0,7410516.0,521.316679485
227152.0,7410517.0,521.900202394
227249.0,7410497.0,522.615961346
227345.0,7410469.0,523.315597951
227441.0,7410441.0,523.734254474
227539.0,7410419.0,522.450960965
227637.0,7410401.0,522.437185474
227735.0,7410382.0,522.38216147
227834.0,7410392.0,522.894721134
227933.0,7410406.0,523.857599861
228033.0,7410413.0,525.015359001
228133.0,7410414.0,523.014431892
228233.0,7410415.0,521.035683349
228273.0,7410484.0,520.129481155
228287.0,7410583.0,519.17868759
228214.0,7410642.0,518.95607975
228124.0,7410685.0,519.301812101
228046.0,7410746.0,519.540529229
227968.0,7410808.0,518.842997683
227872.0,7410834.0,518.711006633
227775.0,7410858.0,519.089304693
227675.0,7410868.0,518.923973625
227576.0,7410879.0,518.76078888
227476.0,7410890.0,517.960255863
227377.0,7410901.0,517.922737889
227278.0,7410912.0,517.780918087
227178.0,7410922.0,517.216668161
227079.0,7410933.0,517.137617451
226979.0,7410944.0,517.102042743
226880.0,7410955.0,517.385963895
226781.0,7410965.0,517.259492079
226681.0,7410976.0,517.281449466
226582.0,7410987.0,517.704016017
226482.0,7410998.0,517.422047606
226383.0,7411009.0,517.850790266
226283.0,7411019.0,518.205823508
226184.0,7411030.0,518.321932862
226085.0,7411041.0,518.33359756
217933.0,7411781.0,531.403784276
217836.0,7411802.0,530.223283205
217736.0,7411804.0,529.483057446
217636.0,7411806.0,528.804540823
217536.0,7411809.0,528.358926761
217436.0,7411811.0,526.218264547
217336.0,7411813.0,524.995951714
217236.0,7411815.0,523.661940528
217136.0,7411818.0,522.019863662
217089.0,7411737.0,521.203412361
217084.0,7411647.0,522.983526159
217135.0,7411561.0,527.040541885
217207.0,7411493.0,531.628211138
217293.0,7411447.0,531.610865562
217392.0,7411435.0,536.906896745
217492.0,7411424.0,541.964161537
217591.0,7411413.0,545.08410361
217688.0,7411422.0,548.398069071
217779.0,7411461.0,548.861421353
217871.0,7411501.0,549.024318442
217959.0,7411547.0,543.263723918
218033.0,7411614.0,539.536677433
218070.0,7411687.0,533.781661754
218746.0,7412835.0,545.477047637
218794.0,7412922.0,540.195307359
218838.0,7413012.0,534.618946372
218913.0,7413064.0,532.581055401
219012.0,7413047.0,533.103892431
219110.0,7413030.0,532.886511352
219155.0,7412953.0,536.464220017
219161.0,7412858.0,539.907593778
219120.0,7412767.0,548.645094941
219080.0,7412676.0,554.663347939
219053.0,7412580.0,550.927851595
219065.0,7412482.0,548.266826808
219061.0,7412383.0,544.686222609
219050.0,7412283.0,542.143741041
219073.0,7412187.0,540.091061745
219090.0,7412088.0,537.879876794
219127.0,7411996.0,534.688850003
219155.0,7411902.0,533.115319224
219143.0,7411803.0,534.520701156
219145.0,7411703.0,535.259261766
219138.0,7411604.0,535.235149115
219110.0,7411512.0,536.252073304
219019.0,7411471.0,543.826019664
218928.0,7411431.0,540.367087956
218829.0,7411416.0,534.540905567
218744.0,7411423.0,529.46661204
218716.0,7411518.0,531.771550196
218714.0,7411618.0,530.818114305
218712.0,7411718.0,530.554557317
218709.0,7411818.0,534.818518377
218705.0,7411918.0,542.986056658
218642.0,7411995.0,549.168109921
218575.0,7412069.0,556.502318103
218484.0,7412110.0,555.120755232
218393.0,7412151.0,549.782388167
218302.0,7412192.0,544.766356603
218211.0,7412233.0,541.350650123
218119.0,7412274.0,537.925321884
218096.0,7412357.0,536.467821127
218129.0,7412443.0,535.273987481
218207.0,7412502.0,536.541303328
218304.0,7412527.0,539.418045123
218401.0,7412551.0,543.042621749
218484.0,7412595.0,547.496850923
218534.0,7412682.0,544.848019487
218607.0,7412745.0,544.500006185
218695.0,7412792.0,544.754940225
220901.0,7412963.0,530.552705545
220806.0,7412984.0,530.988040231
220706.0,7412989.0,531.342393913
220612.0,7412962.0,531.4679781
220522.0,7412918.0,531.808528738
220435.0,7412869.0,531.298685301
220348.0,7412820.0,529.857758541
220262.0,7412769.0,530.082849363
220191.0,7412699.0,530.37147104
220133.0,7412618.0,531.905921464
220076.0,7412536.0,533.813144714
220018.0,7412455.0,534.583493485
219963.0,7412371.0,534.879808517
219966.0,7412277.0,538.424401167
220007.0,7412196.0,542.273914884
220105.0,7412179.0,551.610086981
220185.0,7412234.0,552.196265284
220262.0,7412297.0,549.39325839
220321.0,7412377.0,544.268066497
220378.0,7412460.0,538.616677728
220442.0,7412534.0,537.586126227
220532.0,7412578.0,541.353757259
220621.0,7412622.0,541.91320453
220711.0,7412666.0,538.698538915
220801.0,7412710.0,540.027899199
220891.0,7412754.0,537.167155504
220972.0,7412807.0,533.305107005
220973.0,7412897.0,530.928020549
223644.0,7413761.0,521.867041754
223697.0,7413685.0,521.746241586
223759.0,7413607.0,520.247292394
223827.0,7413535.0,519.034552622
223914.0,7413486.0,518.267931245
224001.0,7413438.0,518.063862857
224089.0,7413389.0,518.036282348
224148.0,7413311.0,517.494260137
224194.0,7413222.0,517.094700476
224236.0,7413131.0,516.134619873
224278.0,7413041.0,515.297601621
224337.0,7412965.0,514.860393726
224422.0,7412911.0,514.89379639
224517.0,7412889.0,516.209120508
224612.0,7412900.0,517.402267595
224693.0,7412958.0,519.249163592
224760.0,7413031.0,519.900849435
224818.0,7413113.0,519.138427423
224876.0,7413195.0,517.227239295
224957.0,7413234.0,513.943111933
225057.0,7413233.0,512.897732163
225157.0,7413232.0,512.998165311
225240.0,7413287.0,514.854435698
225300.0,7413361.0,513.759378117
225300.0,7413454.0,513.032790462
225263.0,7413547.0,512.189298578
225184.0,7413590.0,512.323309177
225087.0,7413590.0,512.561034958
224991.0,7413563.0,512.517503198
224893.0,7413553.0,512.821610939
224794.0,7413567.0,513.471437079
224708.0,7413609.0,513.931934925
224637.0,7413679.0,513.933889599
224565.0,7413749.0,513.160385396
224472.0,7413765.0,513.074712584
224375.0,7413743.0,513.527643838
224280.0,7413711.0,514.06081664
224184.0,7413713.0,514.50653979
224089.0,7413705.0,515.521760629
223995.0,7413686.0,517.080165977
223899.0,7413714.0,518.937092342
223816.0,7413769.0,520.026440133
223736.0,7413829.0,520.675178614
222438.0,7414742.0,510.634291682
222375.0,7414680.0,511.292848703
222390.0,7414597.0,513.343452289
222446.0,7414514.0,515.214895246
222503.0,7414432.0,515.859041025
222471.0,7414341.0,516.726804464
222425.0,7414252.0,517.375805231
222350.0,7414188.0,516.692172994
222305.0,7414106.0,517.032532898
222284.0,7414008.0,517.810352121
222256.0,7413913.0,518.051718018
222216.0,7413822.0,519.033481602
222189.0,7413726.0,520.12385797
222101.0,7413681.0,519.835353503
222008.0,7413643.0,520.983172929
221911.0,7413623.0,520.934062423
221821.0,7413580.0,519.778349363
221729.0,7413542.0,519.782439047
221629.0,7413537.0,519.525841737
221534.0,7413563.0,518.479285698
221440.0,7413597.0,517.732858788
221345.0,7413585.0,517.631912483
221250.0,7413553.0,519.495914003
221154.0,7413531.0,519.12229752
221054.0,7413526.0,520.541324499
220986.0,7413461.0,521.394492478
220971.0,7413373.0,522.753177692
220899.0,7413314.0,526.158711859
220857.0,7413263.0,528.043841492
220935.0,7413200.0,528.210587849
221024.0,7413163.0,527.31286349
221121.0,7413158.0,526.825435318
221211.0,7413202.0,526.00292811
221310.0,7413212.0,525.076419368
221409.0,7413223.0,524.544642816
221500.0,7413263.0,524.016910373
221588.0,7413310.0,523.239145945
221665.0,7413374.0,522.274955611
221744.0,7413434.0,523.134014883
221837.0,7413471.0,523.728995569
221931.0,7413506.0,522.611409498
222025.0,7413540.0,523.351932634
222118.0,7413575.0,523.540026877
222210.0,7413616.0,522.334041409
222301.0,7413656.0,521.721484021
222397.0,7413684.0,523.966901606
222493.0,7413713.0,526.867356464
222591.0,7413731.0,531.290162416
222691.0,7413737.0,534.309404868
222786.0,7413760.0,534.936738911
222878.0,7413801.0,535.217145423
222969.0,7413841.0,534.275144531
223060.0,7413882.0,532.597882993
223120.0,7413959.0,532.710952085
223175.0,7414043.0,532.460689229
223230.0,7414126.0,532.133640718
223320.0,7414160.0,530.11681306
223419.0,7414179.0,527.524638564
223517.0,7414198.0,525.488080711
223608.0,7414239.0,524.773757976
223681.0,7414301.0,523.29244631
223638.0,7414387.0,523.672063449
223586.0,7414472.0,524.194018612
223600.0,7414548.0,523.085406083
223688.0,7414595.0,520.96508901
223692.0,7414682.0,519.692582107
223598.0,7414697.0,520.530862112
223500.0,7414706.0,521.057625236
223443.0,7414787.0,519.409549191
223457.0,7414887.0,516.360986069
223470.0,7414985.0,514.113447019
223399.0,7414940.0,515.310701486
223334.0,7414864.0,517.09892054
223259.0,7414799.0,517.460582493
223179.0,7414740.0,517.87655733
223080.0,7414724.0,516.4400018
222981.0,7414708.0,515.712337394
222885.0,7414682.0,516.239326491
222788.0,7414655.0,516.539003845
222692.0,7414656.0,515.364517554
222598.0,7414688.0,513.499165259
222504.0,7414723.0,511.798764174
218964.0,7414779.0,509.300305361
218869.0,7414748.0,510.533631402
218776.0,7414765.0,510.597558555
218693.0,7414816.0,510.6643044
218633.0,7414890.0,509.053189236
218537.0,7414914.0,507.749634988
218447.0,7414954.0,507.52593072
218348.0,7414970.0,507.052120721
218252.0,7414996.0,506.484065283
218156.0,7415015.0,505.852419097
218065.0,7414974.0,507.65918831
217971.0,7414939.0,508.941332698
217877.0,7414905.0,510.256787577
217901.0,7414841.0,513.44434983
217972.0,7414774.0,515.957335441
218070.0,7414756.0,515.912892993
218168.0,7414738.0,516.999728019
218267.0,7414721.0,518.476156265
218365.0,7414703.0,517.987734814
218464.0,7414687.0,519.189424762
218563.0,7414697.0,517.888715078
218663.0,7414708.0,512.692800304
218762.0,7414716.0,511.148245449
218773.0,7414626.0,511.597381919
218759.0,7414527.0,512.049329216
218746.0,7414428.0,513.009046505
218787.0,7414337.0,514.187594951
218805.0,7414240.0,515.948634491
218811.0,7414140.0,517.240794628
218883.0,7414085.0,520.037099808
218972.0,7414117.0,520.877996227
219069.0,7414140.0,520.946257451
219168.0,7414156.0,519.613592405
219244.0,7414186.0,517.642202198
219188.0,7414269.0,518.675499582
219136.0,7414353.0,519.401989637
219186.0,7414438.0,517.998582839
219242.0,7414522.0,516.748379912
219339.0,7414530.0,516.05932691
219439.0,7414528.0,514.756237229
219534.0,7414514.0,512.941241027
219605.0,7414443.0,511.164133562
219665.0,7414364.0,512.235487673
219717.0,7414279.0,514.656302024
219769.0,7414193.0,516.409988903
219787.0,7414106.0,516.222528065
219730.0,7414023.0,515.768691184
219648.0,7413969.0,515.985425195
219562.0,7413920.0,515.810435238
219521.0,7413829.0,515.904658098
219479.0,7413738.0,516.922826782
219474.0,7413641.0,517.76931703
219491.0,7413549.0,518.249522607
219590.0,7413544.0,519.252134077
219686.0,7413570.0,521.48241024
219783.0,7413597.0,524.965259698
219879.0,7413574.0,528.420602955
219976.0,7413546.0,528.117160598
220067.0,7413561.0,529.207800375
220155.0,7413608.0,529.809662414
220249.0,7413602.0,532.018007121
220334.0,7413552.0,535.293767378
220423.0,7413509.0,532.426613933
220519.0,7413486.0,528.352217426
220617.0,7413504.0,526.726733065
220715.0,7413526.0,524.591164394
220783.0,7413585.0,523.035995335
220818.0,7413676.0,521.812382092
220777.0,7413768.0,521.712330786
220770.0,7413864.0,520.305387529
220760.0,7413960.0,519.337532827
220719.0,7414052.0,520.808070996
220715.0,7414142.0,522.669102645
220769.0,7414227.0,520.392145081
220848.0,7414284.0,517.947901647
220936.0,7414331.0,516.102128641
221005.0,7414398.0,514.916419266
221012.0,7414481.0,512.491840386
220950.0,7414559.0,512.370228113
220887.0,7414637.0,511.174200071
220824.0,7414715.0,510.139680506
220745.0,7414758.0,509.816679917
220645.0,7414755.0,510.562530832
220546.0,7414740.0,511.295397007
220448.0,7414725.0,511.39830444
220350.0,7414703.0,511.656884248
220254.0,7414677.0,512.270126097
220158.0,7414682.0,512.303730832
220063.0,7414714.0,511.535115554
219967.0,7414742.0,510.372415397
219870.0,7414754.0,509.591183461
219773.0,7414729.0,509.188102398
219690.0,7414681.0,509.227831442
219599.0,7414654.0,509.493002377
219500.0,7414653.0,509.902803156
219424.0,7414717.0,509.200186372
219343.0,7414774.0,508.179773526
219245.0,7414785.0,507.838507344
219145.0,7414777.0,508.190234934
219049.0,7414790.0,508.564302346
224599.0,7415934.0,508.294326373
224693.0,7415898.0,508.354095107
224786.0,7415862.0,508.161369447
224879.0,7415826.0,508.821848418
224973.0,7415791.0,510.196653361
225060.0,7415744.0,511.217697459
225137.0,7415681.0,510.776824655
225221.0,7415718.0,512.934749241
225314.0,7415754.0,513.682987488
225409.0,7415784.0,511.547400156
225475.0,7415833.0,509.606256557
225428.0,7415921.0,509.843232303
225381.0,7416010.0,509.659844632
225331.0,7416095.0,508.534544937
225262.0,7416168.0,507.577850974
225166.0,7416180.0,507.163549926
225066.0,7416183.0,506.941424203
224967.0,7416184.0,506.681862463
224876.0,7416141.0,506.978394425
224786.0,7416098.0,507.508627795
224696.0,7416055.0,507.81555353
224606.0,7416012.0,507.940605182
216261.0,7415602.0,503.327564741
216268.0,7415503.0,503.222416211
216275.0,7415403.0,504.124118866
216310.0,7415317.0,504.623035546
216384.0,7415249.0,505.198901947
216474.0,7415226.0,505.783877327
216529.0,7415288.0,505.7558607
216520.0,7415377.0,505.388375695
216462.0,7415459.0,505.01838429
216405.0,7415541.0,503.902613511
216354.0,7415626.0,504.049629375
216331.0,7415719.0,505.695700587
216399.0,7415791.0,505.161030766
216468.0,7415864.0,504.443031003
216499.0,7415955.0,503.060159718
216515.0,7416054.0,501.789316876
216530.0,7416153.0,500.319212219
216472.0,7416224.0,499.878396728
216385.0,7416212.0,500.179532738
216295.0,7416168.0,500.758006283
216209.0,7416209.0,501.27120268
216131.0,7416270.0,501.148591396
216111.0,7416368.0,501.777850961
216111.0,7416465.0,500.439864374
216141.0,7416560.0,499.01719271
216118.0,7416654.0,498.808764067
216084.0,7416748.0,498.519618668
216036.0,7416835.0,498.90297145
215973.0,7416913.0,499.472404342
215911.0,7416991.0,499.839312727
215848.0,7417068.0,500.386292056
215750.0,7417072.0,500.486629018
215662.0,7417042.0,500.313048516
215734.0,7416974.0,500.705675799
215793.0,7416895.0,501.097963721
215839.0,7416807.0,501.134265401
215874.0,7416713.0,501.117303363
215905.0,7416618.0,501.317957953
215937.0,7416523.0,501.532020183
215976.0,7416432.0,501.522455015
216033.0,7416350.0,501.399628109
216071.0,7416260.0,500.941364871
216092.0,7416162.0,501.101774031
216113.0,7416064.0,501.138930109
216122.0,7415965.0,501.528729544
216126.0,7415865.0,502.13897394
216155.0,7415773.0,503.084312481
216212.0,7415691.0,503.617401348
220397.0,7433643.0,470.619563254
220458.0,7433564.0,471.052036939
220519.0,7433485.0,471.429097846
220580.0,7433405.0,471.758315115
220666.0,7433357.0,472.685770664
220755.0,7433329.0,473.495859245
220824.0,7433387.0,473.416598802
220822.0,7433479.0,472.11820874
220772.0,7433566.0,472.121155239
220721.0,7433652.0,472.346770746
220690.0,7433746.0,473.161167461
220667.0,7433843.0,473.962660163
220677.0,7433942.0,472.861541715
220691.0,7434041.0,472.370680228
220694.0,7434141.0,472.190676781
220646.0,7434228.0,472.651653181
220594.0,7434314.0,472.037589874
220559.0,7434407.0,469.971784351
220514.0,7434496.0,468.989149584
220427.0,7434520.0,468.710509201
220353.0,7434476.0,468.680016352
220304.0,7434389.0,468.755900405
220271.0,7434296.0,468.653964847
220254.0,7434198.0,468.790705539
220238.0,7434099.0,469.081927609
220259.0,7434004.0,469.284058001
220293.0,7433910.0,469.574202668
220327.0,7433816.0,469.959320249
220361.0,7433722.0,470.316762824
231106.0,7435240.0,472.420686768
231048.0,7435164.0,473.783327489
231048.0,7435064.0,478.527407699
231079.0,7434973.0,480.095878434
231132.0,7434888.0,479.438311944
231184.0,7434803.0,479.057084668
231243.0,7434722.0,478.450806501
231304.0,7434643.0,477.058730876
231364.0,7434563.0,475.467552501
231416.0,7434477.0,474.61177579
231468.0,7434392.0,474.391893693
231528.0,7434312.0,474.687151461
231588.0,7434232.0,474.542897606
231681.0,7434207.0,474.246794071
231777.0,7434200.0,473.92796617
231857.0,7434261.0,474.126453725
231910.0,7434344.0,474.048719294
231913.0,7434443.0,473.949182832
231912.0,7434543.0,474.48805991
231926.0,7434642.0,474.474353717
231942.0,7434741.0,473.920104896
231951.0,7434840.0,473.041961698
231950.0,7434940.0,472.418954136
231917.0,7435020.0,472.588449835
231828.0,7435067.0,473.086994241
231735.0,7435101.0,472.909024199
231639.0,7435130.0,472.332282058
231543.0,7435160.0,472.319346458
231449.0,7435192.0,472.210948317
231354.0,7435223.0,472.313132093
231256.0,7435242.0,471.876314191
231158.0,7435261.0,471.661757109
231591.0,7397959.0,548.841624704
231684.0,7397923.0,548.744030008
231779.0,7397896.0,547.938085714
231737.0,7397809.0,547.16759727
231637.0,7397809.0,548.620226598
231537.0,7397809.0,550.565930975
231437.0,7397809.0,551.101389123
231386.0,7397877.0,550.003269444
231355.0,7397972.0,548.772627182
231337.0,7398065.0,547.85562531
231398.0,7398144.0,548.0741497
231470.0,7398172.0,547.819020983
231499.0,7398079.0,548.260369341
238410.0,7398807.0,545.097008694
238349.0,7398729.0,545.819689506
238316.0,7398636.0,546.361575633
238294.0,7398539.0,546.313183666
238272.0,7398441.0,546.907185127
238258.0,7398343.0,547.707455106
238259.0,7398243.0,548.40737244
238259.0,7398143.0,548.815254909
238259.0,7398043.0,548.796991665
238259.0,7397943.0,549.537440896
238259.0,7397843.0,549.826799427
238325.0,7397809.0,549.671781524
238425.0,7397809.0,550.051860073
238525.0,7397809.0,550.781841807
238625.0,7397809.0,551.438593945
238725.0,7397809.0,552.194542772
238825.0,7397809.0,554.078490976
238925.0,7397809.0,551.914075465
239003.0,7397842.0,550.07816644
239025.0,7397936.0,549.419593132
239005.0,7398033.0,548.834226759
238943.0,7398112.0,548.668595291
238881.0,7398190.0,547.950558909
238820.0,7398269.0,547.219389233
238758.0,7398347.0,546.826592685
238724.0,7398441.0,546.53185947
238692.0,7398536.0,546.149629796
238668.0,7398633.0,545.769596877
238644.0,7398730.0,545.208828373
238603.0,7398808.0,544.942254703
238504.0,7398819.0,544.9073419
232511.0,7399713.0,542.445603175
232411.0,7399718.0,542.380493018
232317.0,7399696.0,542.658961115
232235.0,7399647.0,542.357590381
232238.0,7399547.0,542.735174261
232241.0,7399447.0,543.139802365
232318.0,7399388.0,543.260629307
232417.0,7399374.0,543.547393721
232514.0,7399352.0,543.936220351
232608.0,7399317.0,544.458676
232701.0,7399282.0,544.687701581
232762.0,7399203.0,544.431252425
232820.0,7399122.0,544.497876288
232847.0,7399033.0,544.969263017
232827.0,7398935.0,545.748177734
232806.0,7398837.0,545.935098607
232785.0,7398739.0,546.300892474
232736.0,7398652.0,547.264181851
232688.0,7398565.0,548.330998738
232642.0,7398477.0,546.22635227
232653.0,7398377.0,545.825686891
232716.0,7398313.0,546.14276644
232804.0,7398266.0,546.903214408
232890.0,7398216.0,548.31502225
232918.0,7398120.0,547.713714055
232923.0,7398021.0,546.868304625
232929.0,7397921.0,546.545982624
233007.0,7397884.0,546.8201177
233105.0,7397864.0,547.523615433
233203.0,7397844.0,548.448171483
233286.0,7397809.0,548.503658601
233386.0,7397809.0,549.753665741
233486.0,7397809.0,551.055032161
233586.0,7397809.0,551.633562394
233686.0,7397809.0,552.212075989
233786.0,7397809.0,552.224582061
233886.0,7397809.0,551.928054689
233986.0,7397809.0,551.698220339
234003.0,7397815.0,551.673325154
233908.0,7397838.0,551.507071008
233860.0,7397926.0,551.089571906
233825.0,7398016.0,550.733744271
233873.0,7398103.0,549.631247928
233921.0,7398191.0,548.797521525
233969.0,7398279.0,548.168052993
233956.0,7398337.0,547.93461693
233857.0,7398352.0,548.066948911
233790.0,7398419.0,547.627649223
233733.0,7398502.0,547.657768988
233677.0,7398585.0,547.397190327
233621.0,7398668.0,546.339103699
233560.0,7398744.0,545.824218973
233468.0,7398784.0,546.225482284
233380.0,7398765.0,546.773668148
233295.0,7398714.0,547.244797538
233207.0,7398667.0,547.366659839
233108.0,7398676.0,547.46064567
233038.0,7398745.0,546.988570974
232993.0,7398829.0,546.458012692
233003.0,7398928.0,546.098508507
233043.0,7399015.0,545.073404442
233110.0,7399089.0,544.432089267
233160.0,7399173.0,543.732922107
233133.0,7399255.0,543.306377473
233052.0,7399313.0,542.92638771
232965.0,7399362.0,542.889518566
232878.0,7399411.0,542.900491519
232800.0,7399472.0,542.806022924
232729.0,7399542.0,542.775071054
232658.0,7399613.0,542.637898326
232584.0,7399680.0,542.401623013
234105.0,7397809.0,551.315596266
234205.0,7397809.0,550.637674979
234305.0,7397809.0,550.500610127
234405.0,7397809.0,550.063055568
234505.0,7397809.0,549.466170856
234605.0,7397809.0,548.86787271
234683.0,7397835.0,548.593830405
234699.0,7397933.0,548.303314727
234653.0,7398020.0,547.968456305
234595.0,7398054.0,548.027527764
234523.0,7397984.0,548.85652465
234444.0,7397923.0,549.397466785
234356.0,7397910.0,549.813557902
234265.0,7397950.0,549.867562499
234187.0,7397914.0,550.218135191
234113.0,7397847.0,550.819973771
234862.0,7398759.0,547.609274802
234849.0,7398660.0,547.600663707
234883.0,7398587.0,547.898922106
234981.0,7398579.0,547.885878099
235080.0,7398584.0,548.360634122
235180.0,7398589.0,548.906160501
235280.0,7398594.0,549.157078034
235379.0,7398604.0,549.724643752
235477.0,7398626.0,550.003840296
235575.0,7398648.0,550.553582452
235674.0,7398659.0,551.100683698
235772.0,7398678.0,551.488988448
235808.0,7398750.0,551.836365752
235790.0,7398840.0,552.06083833
235707.0,7398896.0,551.837113155
235624.0,7398951.0,551.6068951
235533.0,7398992.0,551.431303104
235440.0,7399027.0,551.78807068
235340.0,7399026.0,551.438569761
235240.0,7399026.0,550.56318092
235140.0,7399025.0,549.794125117
235050.0,7398985.0,548.843627658
234964.0,7398934.0,548.404335614
234904.0,7398858.0,547.968249951
239729.0,7399106.0,544.650138425
239684.0,7399196.0,543.607465644
239639.0,7399285.0,543.138038851
239592.0,7399373.0,542.513749802
239541.0,7399459.0,542.114475403
239490.0,7399545.0,541.894562041
239444.0,7399634.0,542.028485901
239395.0,7399720.0,542.262531162
239317.0,7399782.0,541.896064047
239232.0,7399824.0,541.354813396
239132.0,7399817.0,541.547623038
239037.0,7399797.0,541.79995417
238962.0,7399733.0,542.346726207
238929.0,7399639.0,542.733524347
238923.0,7399540.0,542.686796501
238923.0,7399440.0,543.245359196
238922.0,7399340.0,543.716208013
238922.0,7399240.0,544.214841042
238921.0,7399140.0,544.671522059
238921.0,7399040.0,544.577977827
238920.0,7398940.0,545.229763964
238934.0,7398843.0,545.431827764
238971.0,7398749.0,545.788936865
239018.0,7398663.0,546.27946185
239082.0,7398585.0,546.649785944
239145.0,7398508.0,547.154534905
239223.0,7398446.0,548.069626555
239299.0,7398382.0,548.717328815
239322.0,7398285.0,548.099688325
239355.0,7398192.0,548.565590401
239406.0,7398106.0,549.102416566
239440.0,7398018.0,549.16742451
239388.0,7397932.0,548.905707606
239336.0,7397847.0,549.427593662
239368.0,7397809.0,549.396806637
239468.0,7397809.0,549.11988208
239568.0,7397809.0,549.548986963
239668.0,7397809.0,550.378649648
239768.0,7397809.0,550.859051816
239868.0,7397809.0,550.970307605
239968.0,7397809.0,551.570001448
240068.0,7397809.0,552.686473341
240168.0,7397809.0,553.502906901
240268.0,7397809.0,554.034596334
240368.0,7397809.0,554.031189733
240468.0,7397809.0,553.950814217
240555.0,7397836.0,553.514500496
240619.0,7397913.0,552.523552215
240683.0,7397990.0,551.60828667
240727.0,7398079.0,551.133053498
240760.0,7398171.0,550.146820644
240750.0,7398270.0,549.693822905
240739.0,7398370.0,549.25742436
240679.0,7398446.0,549.118175584
240609.0,7398517.0,548.623133216
240528.0,7398572.0,548.277520512
240434.0,7398607.0,548.342356293
240341.0,7398643.0,547.904274786
240245.0,7398667.0,547.4761585
240145.0,7398680.0,547.255671979
240054.0,7398669.0,547.507780471
239967.0,7398635.0,547.963838837
239874.0,7398656.0,547.822757312
239805.0,7398728.0,547.72699966
239777.0,7398822.0,547.348347617
239763.0,7398921.0,546.842841495
239749.0,7399020.0,545.627017817
243235.0,7399591.0,543.15851234
243328.0,7399618.0,541.949733714
243413.0,7399672.0,541.752601025
243450.0,7399753.0,541.530596378
243470.0,7399848.0,542.134994309
243529.0,7399929.0,542.426951395
243588.0,7400010.0,541.320900933
243640.0,7400095.0,540.449686169
243653.0,7400188.0,540.192233537
243614.0,7400270.0,540.447627692
243522.0,7400309.0,540.425379201
243428.0,7400295.0,541.232762925
243334.0,7400262.0,541.356165211
243242.0,7400225.0,541.70058228
243166.0,7400160.0,542.589151656
243091.0,7400094.0,543.340765415
243015.0,7400029.0,543.663229708
242940.0,7399963.0,544.288634414
242864.0,7399898.0,544.698142431
242817.0,7399816.0,544.765223991
242868.0,7399758.0,544.803562505
242960.0,7399717.0,545.02645484
243051.0,7399676.0,544.169626883
243140.0,7399631.0,543.573241133
242958.0,7400346.0,542.37488238
243029.0,7400416.0,541.871267277
243080.0,7400493.0,540.933158514
243085.0,7400590.0,540.402314277
243127.0,7400680.0,539.932877456
243161.0,7400774.0,539.729711344
243117.0,7400851.0,539.397252205
243045.0,7400920.0,539.288859791
242974.0,7400990.0,539.17231387
242907.0,7401065.0,539.634887576
242847.0,7401144.0,539.949150741
242794.0,7401227.0,539.675514686
242810.0,7401326.0,539.466190265
242875.0,7401391.0,538.97561202
242964.0,7401437.0,538.110590823
243051.0,7401487.0,537.362543895
243067.0,7401567.0,537.042075946
243039.0,7401663.0,536.931332249
242992.0,7401750.0,536.620746697
242919.0,7401812.0,536.542552089
242869.0,7401756.0,536.593487666
242833.0,7401665.0,537.086088982
242778.0,7401581.0,537.941587245
242724.0,7401498.0,538.311165621
242669.0,7401414.0,539.204478099
242648.0,7401317.0,539.367598766
242634.0,7401218.0,540.229473658
242620.0,7401119.0,540.457001597
242604.0,7401021.0,541.057282315
242568.0,7400927.0,541.527190229
242532.0,7400834.0,542.254364651
242506.0,7400739.0,543.234583445
242505.0,7400639.0,543.68569393
242468.0,7400553.0,544.348673075
242395.0,7400485.0,544.651669455
242306.0,7400454.0,545.482744456
242206.0,7400456.0,545.754978942
242130.0,7400514.0,545.764638809
242070.0,7400590.0,546.337021377
242072.0,7400690.0,545.838357756
242130.0,7400771.0,544.239008547
242201.0,7400842.0,543.433303527
242272.0,7400912.0,542.636066171
242344.0,7400981.0,541.54431891
242381.0,7401065.0,541.124999331
242311.0,7401136.0,540.936536053
242268.0,7401220.0,540.720141176
242272.0,7401319.0,540.372700608
242286.0,7401418.0,539.634665126
242301.0,7401517.0,538.80077254
242315.0,7401616.0,538.766644469
242329.0,7401715.0,538.074527939
242359.0,7401811.0,537.481337913
242391.0,7401905.0,536.973958568
242440.0,7401991.0,536.042045702
242455.0,7402082.0,535.896933015
242390.0,7402152.0,535.59145522
242310.0,7402145.0,535.874343021
242268.0,7402055.0,536.553328726
242206.0,7401976.0,537.109556302
242121.0,7401938.0,537.359670991
242084.0,7401845.0,537.808117473
242068.0,7401746.0,538.847181516
242052.0,7401648.0,539.355892318
242035.0,7401549.0,539.587569507
241976.0,7401469.0,540.398011576
241913.0,7401391.0,540.837433253
241871.0,7401305.0,541.2926984
241865.0,7401206.0,541.667888151
241860.0,7401106.0,541.946409164
241813.0,7401018.0,543.071526332
241763.0,7400931.0,544.031236997
241714.0,7400845.0,545.028914007
241625.0,7400807.0,545.310602347
241528.0,7400785.0,546.016865731
241454.0,7400852.0,546.257454366
241390.0,7400928.0,546.157355005
241328.0,7401007.0,546.078164343
241266.0,7401085.0,546.299893836
241204.0,7401164.0,547.398903636
241157.0,7401247.0,548.620665432
241181.0,7401344.0,547.955101567
241205.0,7401441.0,547.469590978
241285.0,7401493.0,547.745781253
241378.0,7401528.0,546.358822567
241467.0,7401483.0,545.033592659
241556.0,7401437.0,543.735323073
241628.0,7401455.0,542.487863248
241658.0,7401547.0,542.484206221
241669.0,7401647.0,541.881686283
241681.0,7401746.0,541.346234686
241692.0,7401845.0,540.32273626
241698.0,7401943.0,539.73462951
241609.0,7401969.0,540.488781394
241509.0,7401975.0,540.754306451
241439.0,7402046.0,540.510244394
241398.0,7402130.0,539.975279797
241394.0,7402216.0,539.142847669
241295.0,7402209.0,540.052252229
241232.0,7402137.0,540.64994301
241181.0,7402051.0,541.467064714
241130.0,7401964.0,543.107616189
241053.0,7401901.0,543.2393973
240968.0,7401877.0,543.498546489
240882.0,7401929.0,543.522928151
240818.0,7401997.0,543.782754713
240802.0,7402095.0,543.354928383
240794.0,7402194.0,543.166291493
240807.0,7402293.0,544.545164333
240885.0,7402356.0,543.623210343
240970.0,7402403.0,543.31118583
241068.0,7402419.0,542.224897078
241166.0,7402440.0,541.607972932
241263.0,7402464.0,540.896542033
241359.0,7402492.0,539.969041623
241451.0,7402530.0,539.280551251
241544.0,7402569.0,537.999827956
241621.0,7402631.0,537.617731458
241690.0,7402703.0,537.350573221
241741.0,7402789.0,536.683816196
241784.0,7402878.0,536.1065402
241807.0,7402975.0,535.388520246
241806.0,7403072.0,534.915466499
241780.0,7403169.0,535.09295493
241794.0,7403258.0,535.46076888
241860.0,7403332.0,534.471159392
241924.0,7403409.0,533.563767372
241982.0,7403491.0,532.996307986
241955.0,7403572.0,533.169871278
241875.0,7403526.0,533.41360319
241796.0,7403464.0,534.183877176
241717.0,7403403.0,534.901358831
241639.0,7403341.0,535.570207023
241560.0,7403279.0,536.31355254
241465.0,7403270.0,537.111031945
241374.0,7403297.0,537.503210961
241311.0,7403375.0,538.018857745
241276.0,7403459.0,538.311024942
241316.0,7403551.0,537.842043426
241377.0,7403620.0,537.681683339
241473.0,7403650.0,536.838525199
241569.0,7403679.0,536.277889029
241667.0,7403695.0,535.957060176
241766.0,7403707.0,535.234190567
241866.0,7403718.0,534.375653573
241956.0,7403757.0,534.08648298
242043.0,7403807.0,533.347005955
242111.0,7403876.0,532.121333651
242163.0,7403959.0,531.83285946
242134.0,7404055.0,531.855116015
242105.0,7404151.0,531.891051328
242083.0,7404247.0,531.722418721
242111.0,7404343.0,531.421139845
242138.0,7404439.0,531.424480532
242128.0,7404536.0,531.223522453
242102.0,7404632.0,531.528764755
242101.0,7404729.0,531.120085903
242125.0,7404826.0,530.522249186
242142.0,7404924.0,529.973419595
242148.0,7405024.0,529.188199707
242134.0,7405120.0,529.086705662
242088.0,7405209.0,528.932707769
242041.0,7405297.0,528.903314801
242016.0,7405393.0,528.860190189
242002.0,7405491.0,528.811413497
241960.0,7405580.0,528.906244681
241865.0,7405612.0,529.687167983
241771.0,7405644.0,529.32189782
241701.0,7405601.0,529.265529453
241645.0,7405518.0,529.756684709
241571.0,7405456.0,530.446979758
241479.0,7405419.0,531.225778185
241387.0,7405380.0,531.042783762
241326.0,7405301.0,531.763391796
241273.0,7405217.0,532.018137962
241235.0,7405124.0,532.090952759
241228.0,7405025.0,532.632797456
241223.0,7404925.0,533.452703713
241218.0,7404825.0,533.850168793
241212.0,7404725.0,534.121321284
241225.0,7404626.0,534.517780631
241238.0,7404527.0,535.439563473
241252.0,7404428.0,535.77112102
241260.0,7404329.0,536.313499504
241251.0,7404229.0,537.202755112
241183.0,7404160.0,537.22730566
241104.0,7404099.0,537.26757994
241016.0,7404131.0,537.453718339
240930.0,7404182.0,537.070210082
240838.0,7404215.0,536.74953238
240759.0,7404179.0,536.765677688
240696.0,7404102.0,537.411500906
240625.0,7404034.0,537.353515607
240537.0,7403987.0,537.154885773
240530.0,7403897.0,537.545457806
240553.0,7403799.0,538.422529463
240609.0,7403722.0,538.673995112
240685.0,7403657.0,539.271213564
240762.0,7403593.0,540.154909198
240838.0,7403528.0,540.98879971
240880.0,7403441.0,540.914993336
240905.0,7403344.0,542.230335638
240872.0,7403250.0,542.823975362
240838.0,7403156.0,543.378427423
240803.0,7403062.0,543.871145895
240769.0,7402968.0,544.183578185
240735.0,7402874.0,544.354458641
240700.0,7402781.0,544.634795024
240648.0,7402696.0,544.259365074
240592.0,7402613.0,544.434610754
240536.0,7402530.0,544.196015394
240452.0,7402485.0,544.0542934
240355.0,7402461.0,543.548969349
240266.0,7402506.0,542.673144179
240178.0,7402553.0,541.82760945
240117.0,7402629.0,541.522767882
240065.0,7402715.0,541.265282295
240013.0,7402800.0,540.435357794
239961.0,7402885.0,540.097029681
239886.0,7402944.0,539.873287526
239793.0,7402980.0,539.407852243
239700.0,7403016.0,538.540469974
239607.0,7403053.0,538.166663833
239564.0,7403143.0,538.407104908
239556.0,7403240.0,538.894134352
239569.0,7403339.0,539.311616867
239547.0,7403436.0,539.546279286
239525.0,7403534.0,538.837031327
239523.0,7403628.0,538.558289062
239596.0,7403697.0,539.093374067
239679.0,7403744.0,539.085017604
239778.0,7403759.0,537.769750592
239846.0,7403816.0,537.085380535
239884.0,7403908.0,536.343067662
239909.0,7404004.0,535.601689836
239934.0,7404101.0,535.175470428
239905.0,7404195.0,534.777983531
239863.0,7404285.0,534.476858111
239813.0,7404372.0,534.012524374
239764.0,7404459.0,533.529569793
239690.0,7404527.0,533.218560139
239616.0,7404594.0,532.809934566
239543.0,7404662.0,532.373025673
239469.0,7404730.0,532.302400085
239396.0,7404797.0,532.179125657
239322.0,7404865.0,531.955955691
239236.0,7404913.0,531.50311393
239143.0,7404951.0,530.976790998
239051.0,7404989.0,530.595547679
238968.0,7404942.0,530.449195135
238900.0,7404868.0,530.399119317
238835.0,7404792.0,530.564526925
238781.0,7404708.0,530.879528587
238727.0,7404624.0,531.349167303
238706.0,7404535.0,531.222115678
238732.0,7404438.0,531.683232255
238757.0,7404342.0,531.835421876
238748.0,7404242.0,532.346132068
238737.0,7404143.0,532.629155636
238729.0,7404043.0,532.884282775
238709.0,7403946.0,533.266443488
238688.0,7403849.0,533.76544159
238701.0,7403750.0,534.034237346
238722.0,7403654.0,533.979923871
238780.0,7403573.0,534.385060363
238839.0,7403492.0,534.768208724
238897.0,7403411.0,535.159172236
238955.0,7403329.0,535.314221172
239013.0,7403248.0,535.431798417
239072.0,7403167.0,535.588497836
239130.0,7403085.0,535.83968072
239181.0,7403000.0,536.213914801
239226.0,7402911.0,536.073156741
239271.0,7402821.0,535.707192277
239318.0,7402733.0,535.827236698
239379.0,7402654.0,536.323574987
239440.0,7402574.0,536.948510423
239500.0,7402495.0,537.291483794
239560.0,7402415.0,537.634794901
239499.0,7402344.0,537.538827669
239402.0,7402321.0,536.914925727
239305.0,7402314.0,536.34328738
239213.0,7402353.0,536.164758247
239117.0,7402372.0,536.103095869
239054.0,7402335.0,536.206729205
239050.0,7402235.0,536.721632688
239088.0,7402143.0,536.871060378
239129.0,7402052.0,536.959805662
239151.0,7401955.0,537.266139933
239171.0,7401857.0,537.826924308
239192.0,7401759.0,538.050171071
239248.0,7401676.0,538.159363478
239312.0,7401601.0,538.239765942
239388.0,7401536.0,538.575176347
239464.0,7401470.0,538.981363249
239539.0,7401405.0,539.516504266
239627.0,7401418.0,540.041729533
239718.0,7401458.0,540.661935217
239809.0,7401499.0,541.661726027
239904.0,7401527.0,542.623509854
240004.0,7401538.0,542.804865235
240103.0,7401549.0,543.499974639
240199.0,7401574.0,544.432020891
240294.0,7401605.0,545.478662797
240392.0,7401611.0,545.738412674
240492.0,7401603.0,545.651340703
240592.0,7401601.0,546.341579072
240665.0,7401535.0,546.905510784
240712.0,7401451.0,546.840802054
240741.0,7401356.0,546.465274812
240789.0,7401269.0,546.448862405
240825.0,7401175.0,546.406339959
240873.0,7401088.0,546.731359886
240924.0,7401002.0,546.970107848
240890.0,7400917.0,546.982673516
240832.0,7400835.0,546.887552732
240746.0,7400788.0,546.478684685
240654.0,7400748.0,546.160310909
240568.0,7400796.0,546.12906398
240499.0,7400865.0,545.758713913
240447.0,7400950.0,544.639357459
240395.0,7401035.0,544.015013115
240343.0,7401121.0,543.755257657
240253.0,7401148.0,543.197310579
240154.0,7401161.0,542.569346857
240064.0,7401127.0,542.246401448
239978.0,7401077.0,541.966052729
239885.0,7401043.0,541.488995881
239850.0,7400951.0,541.45684722
239839.0,7400871.0,541.896867473
239933.0,7400836.0,542.517027895
240028.0,7400807.0,543.159573511
240106.0,7400747.0,543.880577839
240173.0,7400674.0,544.539348698
240170.0,7400574.0,544.509677811
240115.0,7400490.0,544.16173483
240060.0,7400407.0,543.641544685
240066.0,7400329.0,544.081718939
240138.0,7400261.0,545.078864851
240236.0,7400241.0,546.219067056
240334.0,7400221.0,546.827837167
240432.0,7400229.0,546.824610299
240530.0,7400248.0,547.563912909
240629.0,7400266.0,548.614827579
240727.0,7400285.0,549.169933958
240808.0,7400243.0,549.593100802
240876.0,7400170.0,550.26952083
240955.0,7400116.0,550.15465585
241050.0,7400086.0,550.372264903
241106.0,7400011.0,550.555482622
241145.0,7399919.0,550.580226598
241212.0,7399845.0,550.810818675
241247.0,7399759.0,550.547323525
241222.0,7399665.0,549.309359123
241176.0,7399576.0,549.020469956
241131.0,7399487.0,548.738493499
241145.0,7399390.0,548.536091747
241232.0,7399383.0,548.597218741
241327.0,7399413.0,549.033454938
241418.0,7399454.0,549.647538616
241511.0,7399454.0,550.390670502
241598.0,7399406.0,550.661058377
241684.0,7399354.0,550.658299365
241772.0,7399307.0,550.170806557
241847.0,7399246.0,549.543569428
241899.0,7399160.0,548.818058456
241930.0,7399069.0,548.404305323
241930.0,7398969.0,547.898264367
241974.0,7398892.0,547.581638897
242041.0,7398820.0,547.509784054
242094.0,7398736.0,547.259975065
242148.0,7398651.0,547.053074563
242205.0,7398569.0,546.968788961
242265.0,7398489.0,546.455758052
242325.0,7398409.0,545.816524034
242393.0,7398339.0,545.60143806
242484.0,7398298.0,545.319494628
242575.0,7398258.0,544.714427295
242662.0,7398303.0,544.348128138
242746.0,7398356.0,544.338505462
242814.0,7398430.0,544.02889516
242882.0,7398503.0,545.216007229
242957.0,7398567.0,543.791714737
243041.0,7398622.0,543.799966501
243125.0,7398677.0,546.58077823
243172.0,7398756.0,544.689362391
243189.0,7398854.0,543.548210139
243206.0,7398953.0,543.249288991
243164.0,7399010.0,543.354439507
243065.0,7399026.0,544.333669345
242967.0,7399042.0,545.283931854
242868.0,7399058.0,545.37262895
242771.0,7399069.0,545.419881312
242687.0,7399015.0,545.67361134
242602.0,7398962.0,546.071837911
242512.0,7398919.0,547.094920347
242413.0,7398932.0,546.769307004
242325.0,7398965.0,546.534954338
242271.0,7399049.0,547.09417811
242218.0,7399134.0,547.213662056
242176.0,7399223.0,547.791722987
242119.0,7399296.0,548.502268699
242034.0,7399348.0,548.9083537
241963.0,7399414.0,549.471544923
241917.0,7399502.0,550.349722391
241962.0,7399591.0,551.037162611
242032.0,7399654.0,551.150640443
242125.0,7399692.0,549.824184357
242219.0,7399667.0,549.519496598
242312.0,7399631.0,548.805289759
242381.0,7399693.0,548.518241991
242353.0,7399773.0,548.866283323
242292.0,7399851.0,548.779012001
242252.0,7399938.0,548.767191274
242307.0,7400021.0,548.160759387
242370.0,7400095.0,548.394488081
242470.0,7400103.0,547.492407215
242569.0,7400111.0,546.755386116
242669.0,7400118.0,545.953313238
242761.0,7400158.0,545.247989068
242848.0,7400204.0,544.556175233
242908.0,7400284.0,543.354502766
235209.0,7404202.0,542.089889136
235163.0,7404118.0,542.260691001
235185.0,7404021.0,542.810598131
235154.0,7403930.0,542.956531019
235073.0,7403872.0,543.230830064
234975.0,7403881.0,543.142199746
234904.0,7403940.0,542.671326446
234855.0,7404027.0,542.83018508
234895.0,7404117.0,542.358689614
234941.0,7404206.0,541.917514115
234978.0,7404298.0,541.184231673
234998.0,7404396.0,540.421223342
235000.0,7404493.0,539.729482985
234972.0,7404589.0,539.219228426
234893.0,7404634.0,539.179611534
234793.0,7404633.0,539.545787872
234693.0,7404628.0,540.684698298
234594.0,7404623.0,541.384239725
234494.0,7404622.0,541.563818181
234394.0,7404626.0,541.622024308
234301.0,7404661.0,541.701094544
234207.0,7404696.0,541.417649653
234113.0,7404731.0,541.030702134
234021.0,7404768.0,540.566124062
233937.0,7404823.0,539.894396534
233853.0,7404877.0,538.846697064
233769.0,7404931.0,537.982893682
233677.0,7404965.0,537.136824235
233578.0,7404982.0,536.304453806
233503.0,7404936.0,535.24469795
233488.0,7404845.0,535.300506836
233547.0,7404765.0,535.987895018
233606.0,7404684.0,537.341241828
233612.0,7404584.0,536.879954578
233687.0,7404523.0,537.64684873
233775.0,7404475.0,538.405667005
233865.0,7404430.0,539.2514858
233957.0,7404394.0,540.05487604
234055.0,7404375.0,540.696814461
234150.0,7404344.0,541.798424283
234246.0,7404317.0,542.567142844
234343.0,7404296.0,543.253656211
234416.0,7404240.0,543.242877918
234459.0,7404150.0,542.767022166
234449.0,7404064.0,542.239985105
234380.0,7403992.0,541.444143461
234298.0,7403935.0,540.939530165
234216.0,7403878.0,540.490124059
234126.0,7403840.0,539.899412883
234027.0,7403832.0,539.835920272
233985.0,7403794.0,539.757028878
234042.0,7403712.0,540.662580984
234085.0,7403626.0,541.546485902
234042.0,7403536.0,541.523128743
233992.0,7403451.0,541.6844005
233993.0,7403351.0,542.353273618
233987.0,7403253.0,543.253328168
233915.0,7403184.0,543.240639096
233834.0,7403125.0,543.166966839
233796.0,7403033.0,543.292861661
233759.0,7402940.0,543.6752179
233670.0,7402896.0,543.421712037
233574.0,7402885.0,543.021622464
233475.0,7402900.0,542.178079637
233377.0,7402915.0,541.367762438
233386.0,7402842.0,541.787418134
233457.0,7402772.0,542.731490453
233511.0,7402693.0,543.870022736
233511.0,7402593.0,544.012989071
233454.0,7402516.0,544.125533207
233383.0,7402446.0,544.11201144
233305.0,7402388.0,543.663062365
233205.0,7402387.0,543.216766182
233125.0,7402443.0,542.808732588
233042.0,7402499.0,542.458727592
232954.0,7402546.0,542.256220628
232909.0,7402629.0,541.926493914
232890.0,7402727.0,541.134636874
232820.0,7402769.0,541.063133866
232720.0,7402769.0,540.760400985
232638.0,7402814.0,540.627881989
232568.0,7402886.0,540.529154784
232566.0,7402986.0,540.017462383
232577.0,7403084.0,539.337519352
232606.0,7403180.0,538.725356485
232617.0,7403278.0,538.125865334
232617.0,7403378.0,540.928331212
232656.0,7403470.0,538.45219803
232689.0,7403563.0,536.626588285
232704.0,7403662.0,536.000717149
232660.0,7403738.0,535.556545655
232566.0,7403752.0,535.461014977
232466.0,7403751.0,535.596306751
232371.0,7403781.0,534.786004286
232276.0,7403814.0,534.044043029
232193.0,7403769.0,534.170549015
232112.0,7403710.0,534.550363899
232060.0,7403634.0,534.639409532
232050.0,7403535.0,535.122455093
232051.0,7403435.0,535.704302198
232024.0,7403345.0,536.107202452
231951.0,7403277.0,536.688395651
231857.0,7403244.0,536.503609472
231769.0,7403199.0,536.58702841
231709.0,7403124.0,536.791872887
231675.0,7403030.0,536.949065654
231679.0,7402935.0,537.641619698
231708.0,7402839.0,538.110624896
231750.0,7402752.0,538.499395004
231823.0,7402683.0,538.979427325
231905.0,7402627.0,539.613540024
231995.0,7402583.0,540.408095799
232084.0,7402539.0,541.285837252
232167.0,7402483.0,541.977716182
232250.0,7402429.0,542.260761416
232344.0,7402393.0,542.36154862
232416.0,7402330.0,542.419124226
232473.0,7402248.0,544.150029781
232499.0,7402161.0,544.287194925
232445.0,7402077.0,543.084186536
232370.0,7402020.0,542.663573284
232274.0,7401998.0,542.058960253
232185.0,7402044.0,541.370026531
232100.0,7402096.0,540.103319056
232014.0,7402096.0,539.72907321
232016.0,7402004.0,540.15342994
232059.0,7401914.0,540.770127276
232102.0,7401823.0,541.347488693
232046.0,7401743.0,540.79687667
231978.0,7401671.0,539.883724411
231880.0,7401654.0,539.466590148
231839.0,7401613.0,539.563545687
231908.0,7401542.0,539.9018919
231985.0,7401478.0,540.286416076
232063.0,7401416.0,540.889501632
232152.0,7401370.0,541.737509138
232242.0,7401343.0,542.264675874
232326.0,7401396.0,542.524524527
232397.0,7401466.0,543.211755096
232469.0,7401536.0,543.991434511
232540.0,7401606.0,544.966440101
232618.0,7401664.0,545.98957852
232718.0,7401661.0,546.027433806
232810.0,7401623.0,546.171618603
232905.0,7401605.0,546.154175439
233003.0,7401621.0,546.494359452
233096.0,7401652.0,547.057398338
233177.0,7401710.0,547.628629877
233259.0,7401767.0,547.216035522
233358.0,7401761.0,547.430992683
233442.0,7401783.0,547.795194694
233498.0,7401865.0,548.258862805
233554.0,7401948.0,547.924453992
233621.0,7402019.0,548.658182847
233713.0,7402059.0,548.99512724
233804.0,7402098.0,549.607656056
233896.0,7402138.0,550.875729511
233988.0,7402178.0,551.206253346
234081.0,7402202.0,551.520353023
234173.0,7402163.0,552.686224515
234242.0,7402099.0,553.345808899
234282.0,7402007.0,553.140692083
234244.0,7401916.0,552.58325432
234200.0,7401827.0,551.966416356
234162.0,7401734.0,551.845607699
234097.0,7401665.0,551.354207461
234009.0,7401618.0,550.566796441
233910.0,7401607.0,549.848288122
233842.0,7401554.0,549.331326206
233804.0,7401461.0,548.594070441
233726.0,7401403.0,548.629904148
233638.0,7401356.0,548.084054677
233546.0,7401317.0,547.491641969
233454.0,7401277.0,546.85411932
233362.0,7401241.0,546.112313343
233265.0,7401268.0,545.502890148
233169.0,7401295.0,545.06219484
233081.0,7401280.0,544.696247975
233084.0,7401199.0,544.808159218
233140.0,7401116.0,544.799199033
233182.0,7401030.0,545.155269232
233138.0,7400940.0,545.020810556
233081.0,7400865.0,544.859411262
232984.0,7400839.0,544.542893944
232889.0,7400839.0,544.318429971
232800.0,7400883.0,543.564445681
232724.0,7400946.0,542.826566285
232661.0,7401023.0,542.278417048
232583.0,7401047.0,541.874502547
232492.0,7401009.0,541.487545729
232429.0,7400931.0,541.333388747
232377.0,7400848.0,541.398841584
232344.0,7400753.0,541.125528149
232359.0,7400656.0,541.783095536
232400.0,7400571.0,542.183734897
232479.0,7400510.0,542.861339724
232558.0,7400449.0,543.497942492
232638.0,7400393.0,544.221066603
232731.0,7400431.0,545.066310238
232823.0,7400470.0,546.940077108
232906.0,7400442.0,546.893196105
232976.0,7400370.0,545.741164636
233039.0,7400292.0,544.786057259
233126.0,7400299.0,545.032232011
233205.0,7400360.0,545.588980993
233280.0,7400426.0,545.967744982
233354.0,7400494.0,546.909919725
233437.0,7400539.0,546.645276416
233533.0,7400522.0,546.605373089
233618.0,7400469.0,546.711102141
233703.0,7400417.0,546.968839959
233794.0,7400428.0,547.486681843
233888.0,7400463.0,548.104981975
233976.0,7400510.0,548.620305689
234064.0,7400557.0,548.90603393
234118.0,7400641.0,549.359068932
234172.0,7400725.0,549.672971492
234154.0,7400823.0,550.140563352
234100.0,7400907.0,550.740844978
234044.0,7400990.0,551.359370208
234042.0,7401079.0,551.750002477
234086.0,7401169.0,551.591617058
234165.0,7401218.0,551.89356592
234261.0,7401244.0,551.957659419
234349.0,7401208.0,551.885947908
234431.0,7401151.0,551.830159068
234454.0,7401062.0,551.575912971
234439.0,7400966.0,551.082619715
234385.0,7400881.0,551.297656162
234384.0,7400810.0,550.510491153
234471.0,7400762.0,550.453826843
234534.0,7400693.0,550.306530581
234561.0,7400596.0,550.482141578
234508.0,7400520.0,550.467931
234434.0,7400453.0,549.93832138
234335.0,7400442.0,549.373356596
234235.0,7400434.0,548.730215322
234152.0,7400383.0,548.128665702
234157.0,7400300.0,548.466138197
234196.0,7400208.0,548.685361095
234173.0,7400124.0,548.478106744
234102.0,7400053.0,548.132854317
234010.0,7400021.0,547.480934679
233914.0,7399994.0,547.006110655
233832.0,7399938.0,546.402777091
233749.0,7399881.0,545.891619847
233659.0,7399859.0,545.774400369
233562.0,7399882.0,545.175985012
233469.0,7399919.0,544.708498579
233420.0,7399851.0,544.326399631
233453.0,7399769.0,544.421617346
233526.0,7399708.0,544.818373494
233624.0,7399686.0,546.022383666
233721.0,7399663.0,546.99207628
233795.0,7399599.0,546.745125536
233857.0,7399521.0,546.70027015
233908.0,7399435.0,546.733150519
233959.0,7399349.0,546.627297687
234013.0,7399279.0,546.655194669
234107.0,7399245.0,547.065715092
234203.0,7399225.0,547.046136317
234303.0,7399230.0,546.906856074
234400.0,7399245.0,546.820450456
234490.0,7399289.0,547.041465886
234584.0,7399321.0,547.593207616
234621.0,7399409.0,547.849012839
234654.0,7399503.0,548.73106055
234721.0,7399576.0,549.534729197
234789.0,7399650.0,550.481678263
234836.0,7399734.0,550.980891213
234852.0,7399832.0,551.913128541
234868.0,7399931.0,551.974795976
234884.0,7400030.0,552.831684394
234932.0,7400107.0,552.334894494
235022.0,7400150.0,552.157771833
235112.0,7400193.0,552.456686989
235208.0,7400214.0,552.616268787
235308.0,7400216.0,552.172775066
235408.0,7400218.0,551.847721289
235507.0,7400213.0,552.353845575
235591.0,7400160.0,552.636626009
235656.0,7400091.0,552.708488362
235681.0,7399994.0,552.429602011
235646.0,7399912.0,552.087958442
235573.0,7399843.0,551.303430834
235501.0,7399774.0,551.172015166
235428.0,7399705.0,550.84023148
235381.0,7399619.0,550.454984466
235428.0,7399571.0,550.610095199
235525.0,7399549.0,551.08649404
235608.0,7399500.0,551.398846534
235678.0,7399428.0,551.816975181
235748.0,7399357.0,552.177342052
235822.0,7399291.0,552.566072858
235913.0,7399250.0,553.047323162
236004.0,7399207.0,553.560904082
236074.0,7399136.0,553.879039492
236143.0,7399064.0,553.99834362
236213.0,7398992.0,553.925242528
236285.0,7398923.0,553.903250282
236362.0,7398859.0,554.003715228
236455.0,7398830.0,554.151911824
236553.0,7398810.0,553.995999237
236651.0,7398790.0,553.880126491
236749.0,7398770.0,553.662706268
236848.0,7398778.0,553.524157558
236947.0,7398792.0,552.744057849
237045.0,7398810.0,552.284035865
237142.0,7398836.0,551.665721954
237232.0,7398876.0,550.553428672
237319.0,7398927.0,550.092289204
237399.0,7398985.0,549.951292723
237471.0,7399054.0,549.117144819
237552.0,7399111.0,548.49999843
237643.0,7399154.0,547.55346859
237733.0,7399197.0,547.044961763
237823.0,7399239.0,546.352713572
237905.0,7399292.0,546.0074685
237954.0,7399379.0,545.259559322
238003.0,7399466.0,544.73745236
238019.0,7399564.0,544.844595776
238030.0,7399663.0,544.598029618
238041.0,7399763.0,544.010062187
237972.0,7399801.0,544.001668526
237874.0,7399805.0,544.353537817
237779.0,7399773.0,544.931773285
237684.0,7399742.0,545.612303489
237609.0,7399679.0,546.144812459
237535.0,7399612.0,546.489801317
237447.0,7399578.0,547.345626242
237348.0,7399593.0,548.112858951
237281.0,7399659.0,548.079706851
237229.0,7399744.0,547.701840417
237177.0,7399830.0,547.984968519
237212.0,7399922.0,548.566630847
237263.0,7400004.0,549.266790481
237357.0,7400037.0,548.158359925
237451.0,7400071.0,546.489287053
237545.0,7400106.0,545.663339695
237616.0,7400176.0,545.117658753
237687.0,7400246.0,545.302769945
237657.0,7400335.0,544.922074225
237609.0,7400422.0,544.462979087
237552.0,7400504.0,544.280737946
237472.0,7400557.0,544.173817553
237378.0,7400591.0,544.25512255
237287.0,7400554.0,544.83504163
237195.0,7400513.0,545.085439097
237113.0,7400458.0,545.959953514
237032.0,7400398.0,546.063769107
236952.0,7400339.0,546.806832105
236871.0,7400280.0,547.178165593
236775.0,7400276.0,547.850770345
236695.0,7400325.0,548.112877619
236634.0,7400404.0,548.157336911
236639.0,7400502.0,548.346183349
236666.0,7400594.0,548.076012035
236746.0,7400654.0,547.615454137
236821.0,7400719.0,546.852005568
236884.0,7400797.0,546.098597663
236952.0,7400866.0,545.562394279
237049.0,7400890.0,544.676971121
237147.0,7400914.0,543.859183039
237132.0,7400991.0,543.691184708
237096.0,7401083.0,543.502129552
237141.0,7401173.0,542.690337615
237184.0,7401263.0,542.144276855
237209.0,7401360.0,541.741338795
237138.0,7401426.0,541.563752591
237038.0,7401427.0,541.935588959
236956.0,7401393.0,542.448515977
236895.0,7401313.0,542.865021513
236816.0,7401258.0,543.314832985
236722.0,7401224.0,543.873857135
236629.0,7401225.0,544.139556498
236537.0,7401265.0,544.340812109
236472.0,7401225.0,544.762697045
236455.0,7401126.0,545.03279113
236438.0,7401028.0,545.903092787
236421.0,7400929.0,546.922077867
236396.0,7400834.0,547.496148699
236329.0,7400760.0,547.542357028
236261.0,7400686.0,547.629621183
236199.0,7400608.0,547.890077213
236138.0,7400529.0,548.320888858
236075.0,7400452.0,548.930789109
236007.0,7400379.0,549.8571865
235918.0,7400332.0,550.42402874
235828.0,7400290.0,551.059176853
235729.0,7400303.0,551.552283716
235663.0,7400370.0,550.747448132
235610.0,7400454.0,550.285615559
235549.0,7400533.0,550.134030032
235483.0,7400608.0,550.014044622
235444.0,7400694.0,550.008142093
235499.0,7400778.0,549.545110776
235528.0,7400870.0,549.282673404
235538.0,7400969.0,548.997075757
235601.0,7401036.0,548.792876672
235689.0,7401082.0,548.765878239
235768.0,7401143.0,548.556193592
235850.0,7401193.0,550.838092683
235949.0,7401180.0,551.757148489
236049.0,7401172.0,552.140810771
236140.0,7401205.0,547.652684714
236226.0,7401256.0,546.329572106
236209.0,7401348.0,546.376780278
236206.0,7401444.0,546.62872313
236239.0,7401538.0,546.330739128
236309.0,7401606.0,546.219626418
236395.0,7401649.0,545.487061876
236494.0,7401636.0,544.8018592
236593.0,7401623.0,544.20845979
236671.0,7401650.0,543.83708179
236601.0,7401722.0,544.258882678
236513.0,7401770.0,544.955734822
236425.0,7401817.0,545.490252073
236331.0,7401846.0,545.992672564
236232.0,7401864.0,546.490871749
236134.0,7401881.0,547.068027279
236036.0,7401901.0,547.838017358
235974.0,7401978.0,547.95840398
235943.0,7402067.0,548.773340649
235957.0,7402166.0,548.956510634
236033.0,7402230.0,548.473263548
236113.0,7402290.0,548.226509889
236202.0,7402278.0,548.716430054
236292.0,7402234.0,548.58479891
236386.0,7402201.0,547.523286325
236479.0,7402219.0,547.953648492
236572.0,7402255.0,548.991535717
236670.0,7402272.0,546.32646653
236761.0,7402313.0,545.430905672
236854.0,7402309.0,544.566495419
236945.0,7402269.0,544.111553293
236984.0,7402177.0,543.690507782
237024.0,7402086.0,543.04762518
237088.0,7402017.0,542.508383721
237186.0,7401996.0,542.608866851
237278.0,7402004.0,542.070807202
237362.0,7402059.0,541.549417885
237451.0,7402095.0,541.011517763
237550.0,7402082.0,540.865523574
237645.0,7402082.0,540.149846683
237713.0,7402153.0,539.657369378
237750.0,7402246.0,539.968040507
237796.0,7402335.0,539.494090467
237850.0,7402419.0,538.853857896
237937.0,7402453.0,538.550844164
238037.0,7402464.0,537.88600682
238135.0,7402480.0,537.074765933
238208.0,7402536.0,536.30744967
238233.0,7402633.0,536.093331205
238235.0,7402729.0,535.947266248
238208.0,7402825.0,535.743817022
238124.0,7402865.0,536.016068606
238026.0,7402858.0,536.753806687
237934.0,7402818.0,537.406206629
237843.0,7402777.0,537.487028454
237771.0,7402712.0,537.989572838
237711.0,7402632.0,538.738931051
237647.0,7402555.0,539.093916624
237583.0,7402478.0,539.618717904
237510.0,7402414.0,540.015410263
237418.0,7402373.0,540.756340906
237337.0,7402418.0,540.913065272
237262.0,7402484.0,541.109117844
237172.0,7402520.0,541.544209247
237074.0,7402542.0,542.369092831
237000.0,7402597.0,542.974929581
236952.0,7402685.0,543.486679771
236933.0,7402779.0,543.855635315
236947.0,7402878.0,544.408051518
237008.0,7402946.0,544.397524636
237097.0,7402992.0,544.656636904
237188.0,7403018.0,546.175724443
237283.0,7402986.0,545.369103328
237377.0,7402953.0,542.97672834
237474.0,7402945.0,541.296928124
237515.0,7403012.0,541.003653169
237518.0,7403111.0,541.06773787
237572.0,7403195.0,540.190638631
237651.0,7403241.0,538.854157602
237751.0,7403249.0,537.663787371
237851.0,7403257.0,536.686236484
237881.0,7403348.0,535.984511147
237849.0,7403424.0,535.584904867
237768.0,7403483.0,535.825310363
237692.0,7403549.0,536.125146391
237618.0,7403615.0,536.795403661
237561.0,7403697.0,537.104758506
237571.0,7403784.0,537.703391612
237626.0,7403868.0,537.887932401
237713.0,7403906.0,537.37528097
237810.0,7403929.0,536.183656898
237905.0,7403960.0,535.017001987
237953.0,7404043.0,534.429434851
237936.0,7404130.0,534.015798819
237881.0,7404213.0,534.084693709
237839.0,7404304.0,534.252324055
237896.0,7404382.0,534.178850988
237964.0,7404456.0,533.720396359
238026.0,7404534.0,532.816653954
238063.0,7404626.0,532.514975836
238092.0,7404721.0,532.265167197
238046.0,7404807.0,532.353751228
237997.0,7404894.0,532.33860492
237970.0,7404986.0,531.976506825
238025.0,7405069.0,531.349930735
238079.0,7405153.0,530.603839194
238050.0,7405237.0,530.256865717
237969.0,7405296.0,530.2613713
237892.0,7405359.0,529.896368476
237831.0,7405438.0,529.535176412
237769.0,7405516.0,529.346801757
237707.0,7405595.0,528.631327051
237628.0,7405653.0,528.473587886
237530.0,7405664.0,528.721077087
237447.0,7405648.0,528.782740652
237446.0,7405548.0,529.616198902
237444.0,7405448.0,530.023083963
237443.0,7405348.0,530.373894467
237413.0,7405254.0,530.807124776
237388.0,7405158.0,531.408050668
237372.0,7405059.0,531.68982336
237355.0,7404961.0,531.842218519
237339.0,7404862.0,532.181884635
237323.0,7404763.0,532.851486709
237330.0,7404664.0,533.546632616
237344.0,7404565.0,534.249379977
237344.0,7404466.0,534.708558355
237302.0,7404382.0,535.174527364
237222.0,7404322.0,535.612212506
237146.0,7404258.0,535.908080628
237108.0,7404169.0,536.502960782
237085.0,7404072.0,537.42014075
237033.0,7403987.0,537.552244077
236953.0,7403934.0,537.866585341
236860.0,7403897.0,538.357543218
236767.0,7403859.0,538.20215555
236718.0,7403772.0,538.901526412
236680.0,7403681.0,539.818755342
236662.0,7403582.0,540.299371825
236644.0,7403484.0,541.01503823
236626.0,7403386.0,541.616994995
236608.0,7403287.0,542.148135177
236642.0,7403196.0,542.799592417
236672.0,7403101.0,543.28924857
236708.0,7403008.0,543.850756615
236755.0,7402920.0,544.304875286
236791.0,7402828.0,544.316637677
236798.0,7402729.0,544.35455156
236781.0,7402635.0,544.38105389
236727.0,7402551.0,545.114880206
236653.0,7402497.0,545.738103972
236553.0,7402497.0,546.228338219
236453.0,7402496.0,546.767954566
236353.0,7402496.0,547.132998161
236255.0,7402480.0,546.88887172
236161.0,7402486.0,546.929375433
236072.0,7402530.0,546.886270842
235979.0,7402541.0,547.356943277
235882.0,7402515.0,548.398649688
235790.0,7402553.0,548.641985761
235735.0,7402631.0,548.946827229
235696.0,7402723.0,549.199734839
235753.0,7402799.0,547.643583088
235826.0,7402868.0,549.987717152
235898.0,7402937.0,545.509516484
235884.0,7402985.0,545.292776497
235788.0,7403011.0,545.870176043
235692.0,7402985.0,546.908883632
235601.0,7403005.0,547.64016475
235516.0,7403059.0,547.707600132
235494.0,7403155.0,547.003986119
235475.0,7403250.0,546.193473891
235381.0,7403286.0,546.771708606
235307.0,7403348.0,547.129606382
235260.0,7403432.0,547.799806993
235274.0,7403531.0,546.944581604
235351.0,7403595.0,545.701099909
235430.0,7403655.0,545.512397258
235503.0,7403724.0,544.683336191
235591.0,7403769.0,543.734747843
235682.0,7403811.0,542.216255998
235758.0,7403873.0,541.210681917
235823.0,7403948.0,540.294480343
235889.0,7404024.0,539.455152458
235875.0,7404104.0,539.188049878
235818.0,7404187.0,539.295709827
235780.0,7404275.0,539.704230362
235793.0,7404374.0,539.842886887
235870.0,7404429.0,538.919337154
235961.0,7404470.0,537.7185768
236052.0,7404512.0,536.959858103
236128.0,7404575.0,535.962396669
236174.0,7404663.0,535.133902821
236177.0,7404756.0,534.865362059
236147.0,7404851.0,534.670563955
236089.0,7404918.0,534.704211845
235994.0,7404929.0,535.217815917
235903.0,7404887.0,536.36879703
235810.0,7404883.0,537.011767676
235719.0,7404924.0,537.094704581
235674.0,7405010.0,536.595818848
235640.0,7405104.0,535.940146749
235637.0,7405201.0,535.308436989
235652.0,7405300.0,534.61245136
235668.0,7405399.0,533.970887409
235700.0,7405492.0,533.356493936
235742.0,7405583.0,532.584799426
235721.0,7405661.0,532.179206805
235640.0,7405719.0,532.119241065
235561.0,7405685.0,532.604051969
235525.0,7405592.0,533.227978686
235519.0,7405492.0,533.990588974
235504.0,7405393.0,535.915905805
235488.0,7405295.0,536.746113611
235463.0,7405199.0,536.202130805
235421.0,7405108.0,536.463720644
235399.0,7405013.0,536.659546226
235399.0,7404913.0,537.588751119
235400.0,7404813.0,538.031925887
235401.0,7404713.0,538.763918785
235365.0,7404626.0,539.242331333
235297.0,7404553.0,539.391929999
235230.0,7404478.0,539.676988207
235198.0,7404393.0,540.52758981
235226.0,7404297.0,541.266602095
242454.0,7402718.0,535.235816538
242491.0,7402810.0,534.893185059
242525.0,7402904.0,534.406303317
242558.0,7402999.0,534.365443473
242548.0,7403096.0,533.402750407
242529.0,7403194.0,533.202317306
242509.0,7403292.0,533.340643086
242483.0,7403389.0,532.428243504
242455.0,7403485.0,532.09575702
242426.0,7403580.0,532.406621664
242342.0,7403634.0,532.016024839
242254.0,7403626.0,532.471987798
242196.0,7403549.0,532.530460495
242151.0,7403460.0,532.566878912
242106.0,7403371.0,532.953080261
242081.0,7403274.0,533.516916288
242055.0,7403177.0,533.822855307
242035.0,7403079.0,534.18783142
242018.0,7402981.0,534.895801922
242000.0,7402882.0,535.263902131
241982.0,7402784.0,535.740279657
241949.0,7402690.0,536.647111091
241906.0,7402601.0,537.085074142
241833.0,7402532.0,537.275893607
241760.0,7402464.0,537.322430523
241687.0,7402395.0,537.97984918
241666.0,7402308.0,538.262272681
241721.0,7402234.0,538.821275672
241820.0,7402220.0,538.97667692
241895.0,7402250.0,538.413688078
241949.0,7402333.0,538.103956493
242009.0,7402413.0,538.054336374
242082.0,7402473.0,537.63036593
242181.0,7402488.0,536.839091126
242265.0,7402526.0,536.198364441
242325.0,7402606.0,536.835171225
242402.0,7402669.0,536.772073654
233342.0,7406090.0,537.889009658
233346.0,7406183.0,538.851395669
233314.0,7406277.0,538.59359533
233282.0,7406372.0,538.033604832
233248.0,7406466.0,536.929461972
233165.0,7406521.0,535.592159919
233081.0,7406576.0,533.744169027
232997.0,7406630.0,532.130536121
232948.0,7406715.0,530.952158297
233007.0,7406729.0,531.976333731
233105.0,7406712.0,533.648706833
233194.0,7406666.0,534.788881989
233280.0,7406616.0,535.599835448
233365.0,7406562.0,536.528413952
233453.0,7406516.0,537.069966789
233542.0,7406469.0,537.38345742
233630.0,7406423.0,537.081904114
233682.0,7406338.0,537.222102567
233729.0,7406250.0,537.268712448
233806.0,7406188.0,536.533481173
233878.0,7406121.0,535.919665241
233925.0,7406033.0,535.527657231
233934.0,7405947.0,535.886793249
233866.0,7405875.0,537.387867934
233787.0,7405814.0,539.267088519
233707.0,7405754.0,540.464530318
233628.0,7405693.0,539.452942634
233528.0,7405692.0,538.934063849
233428.0,7405691.0,537.780063572
233328.0,7405690.0,536.540431338
233245.0,7405737.0,535.642983589
233174.0,7405805.0,534.494265933
233163.0,7405901.0,533.690021829
233238.0,7405965.0,535.039841031
243583.0,7407863.0,527.42265481
243487.0,7407835.0,527.32512115
243431.0,7407786.0,527.452032408
243503.0,7407723.0,528.781217961
243587.0,7407668.0,531.048449764
243665.0,7407605.0,533.176480392
243700.0,7407515.0,532.38239148
243730.0,7407427.0,531.644540602
243826.0,7407399.0,533.259133698
243909.0,7407344.0,533.9569265
243977.0,7407273.0,534.960474316
244029.0,7407188.0,535.833318209
244081.0,7407102.0,536.107668914
244150.0,7407032.0,539.967092727
244232.0,7406975.0,540.520209549
244315.0,7406962.0,536.534163539
244399.0,7407016.0,537.24348099
244478.0,7407075.0,536.355370207
244543.0,7407152.0,535.536163425
244608.0,7407228.0,535.734741334
244688.0,7407286.0,534.776664039
244774.0,7407337.0,534.045441933
244863.0,7407370.0,533.698552428
244940.0,7407362.0,534.428785101
244940.0,7407462.0,535.998787692
244940.0,7407562.0,536.281871865
244940.0,7407662.0,535.386406356
244940.0,7407762.0,533.809112393
244940.0,7407862.0,531.940178139
244930.0,7407951.0,528.985961196
244839.0,7407924.0,530.056559893
244779.0,7407844.0,530.115055427
244711.0,7407772.0,530.640408529
244624.0,7407734.0,531.359491116
244525.0,7407749.0,531.801956089
244467.0,7407825.0,530.92083887
244420.0,7407913.0,529.87279244
244329.0,7407941.0,529.173418328
244230.0,7407959.0,528.948900939
244135.0,7407989.0,528.41804817
244042.0,7408004.0,527.908042164
243946.0,7407977.0,527.814028441
243848.0,7407959.0,527.662820719
243748.0,7407949.0,527.309782737
243662.0,7407898.0,528.097577532
240760.0,7407289.0,529.740150848
240860.0,7407288.0,530.842489599
240957.0,7407309.0,531.349269724
241052.0,7407340.0,530.26993526
241147.0,7407371.0,529.742244743
241229.0,7407428.0,530.969419267
241309.0,7407487.0,531.56018477
241390.0,7407546.0,528.933857247
241462.0,7407613.0,525.80925668
241462.0,7407683.0,525.456403257
241370.0,7407722.0,525.79277646
241281.0,7407768.0,525.631631776
241193.0,7407814.0,525.097224403
241111.0,7407872.0,524.633905177
241028.0,7407926.0,524.286175163
240934.0,7407931.0,524.362602442
240838.0,7407904.0,524.436444245
240768.0,7407835.0,525.161781032
240700.0,7407761.0,525.450601978
240629.0,7407691.0,525.964527038
240620.0,7407601.0,526.53707108
240606.0,7407502.0,527.155841685
240623.0,7407410.0,527.646311212
240683.0,7407330.0,528.486568715
233564.0,7407586.0,532.94308723
233607.0,7407496.0,533.446990671
233650.0,7407406.0,533.684151428
233731.0,7407365.0,533.936620209
233826.0,7407370.0,533.866582543
233924.0,7407389.0,532.691071243
234020.0,7407417.0,531.993277364
234026.0,7407514.0,531.563339535
234027.0,7407614.0,531.202939195
234046.0,7407712.0,530.614561613
234075.0,7407808.0,529.788675004
234080.0,7407907.0,529.36066802
234032.0,7407987.0,529.269484089
233962.0,7408058.0,529.275422274
233918.0,7408147.0,529.049802024
233860.0,7408217.0,528.805805029
233766.0,7408253.0,528.850791596
233703.0,7408330.0,528.198534966
233641.0,7408408.0,527.196470148
233558.0,7408461.0,525.95163036
233478.0,7408479.0,525.485272468
233441.0,7408386.0,526.366374656
233422.0,7408290.0,527.755507969
233421.0,7408190.0,529.350610315
233487.0,7408117.0,529.76218449
233553.0,7408043.0,529.654063899
233596.0,7407952.0,529.855833236
233546.0,7407873.0,530.162654212
233478.0,7407799.0,530.184301937
233466.0,7407711.0,531.287917238
233536.0,7407639.0,532.446016926
235165.0,7409727.0,519.638687686
235237.0,7409796.0,518.903433674
235300.0,7409873.0,518.132137709
235281.0,7409951.0,517.645818379
235213.0,7410024.0,517.21942359
235134.0,7410083.0,516.815604121
235044.0,7410128.0,516.392507796
234955.0,7410172.0,516.174194437
234865.0,7410217.0,515.892812476
234766.0,7410229.0,515.835749816
234667.0,7410240.0,515.46395338
234568.0,7410251.0,515.40537125
234481.0,7410217.0,516.24314396
234415.0,7410146.0,517.445233229
234425.0,7410059.0,520.642353964
234485.0,7409979.0,523.958836923
234546.0,7409900.0,526.867684018
234609.0,7409822.0,526.82927285
234689.0,7409763.0,526.325518871
234771.0,7409706.0,524.512563957
234860.0,7409663.0,523.292059862
234960.0,7409661.0,522.614090518
235060.0,7409660.0,521.360662171
232322.0,7410276.0,516.76644733
232226.0,7410304.0,517.035593533
232130.0,7410332.0,516.872982026
232034.0,7410359.0,516.660932138
231937.0,7410386.0,516.594399209
231838.0,7410391.0,516.722162496
231738.0,7410389.0,517.009151312
231638.0,7410388.0,517.670733469
231538.0,7410386.0,517.948971897
231438.0,7410385.0,517.875236436
231338.0,7410386.0,517.786938224
231238.0,7410386.0,517.877831773
231138.0,7410387.0,518.238159277
231043.0,7410362.0,518.432962424
231045.0,7410269.0,519.310252266
231106.0,7410190.0,521.064621135
231189.0,7410137.0,522.255918515
231279.0,7410093.0,522.993766914
231369.0,7410049.0,523.012023675
231458.0,7410004.0,521.691035605
231555.0,7409994.0,521.50158025
231654.0,7410000.0,521.369039384
231754.0,7410005.0,521.285206865
231854.0,7410011.0,520.76701704
231951.0,7410030.0,520.871516167
232045.0,7410065.0,519.67656424
232139.0,7410099.0,519.351525324
232227.0,7410145.0,518.476749239
232312.0,7410198.0,517.408481079
241506.0,7410751.0,519.003171829
241500.0,7410652.0,518.20123853
241504.0,7410558.0,519.35170262
241600.0,7410529.0,520.111680514
241696.0,7410501.0,520.817469222
241776.0,7410541.0,521.485613361
241858.0,7410596.0,522.924167753
241948.0,7410640.0,523.986175437
242038.0,7410684.0,524.043102273
242128.0,7410727.0,523.665777491
242217.0,7410773.0,523.219149139
242305.0,7410819.0,524.127233846
242394.0,7410866.0,523.850089489
242484.0,7410907.0,523.855972612
242582.0,7410925.0,523.499151613
242681.0,7410943.0,523.777117597
242779.0,7410961.0,524.961059534
242876.0,7410946.0,524.534073517
242972.0,7410933.0,523.906294462
243067.0,7410962.0,525.308999146
243166.0,7410980.0,524.349488023
243263.0,7411002.0,522.007859578
243352.0,7411047.0,519.504557919
243407.0,7411126.0,518.854245331
243414.0,7411222.0,518.302557293
243358.0,7411299.0,518.268612649
243285.0,7411367.0,518.279822714
243205.0,7411427.0,518.097303691
243125.0,7411487.0,517.775517305
243044.0,7411546.0,517.783478124
242957.0,7411596.0,517.972577939
242870.0,7411644.0,517.800228902
242770.0,7411650.0,517.468499875
242671.0,7411656.0,517.478103739
242571.0,7411662.0,517.671121044
242471.0,7411668.0,517.111438572
242371.0,7411674.0,517.531235823
242274.0,7411694.0,517.203055169
242179.0,7411725.0,516.893202917
242084.0,7411757.0,516.927368559
241996.0,7411730.0,517.774004462
241917.0,7411672.0,518.280327632
241896.0,7411575.0,519.368030551
241874.0,7411477.0,518.596522619
241846.0,7411383.0,518.798399809
241768.0,7411320.0,518.360834772
241697.0,7411251.0,517.912182104
241646.0,7411166.0,517.994741977
241612.0,7411072.0,518.250414731
241579.0,7410978.0,519.127454224
241545.0,7410883.0,519.435808448
241511.0,7410789.0,519.181394232
243777.0,7416505.0,511.934039066
243817.0,7416413.0,511.848494341
243844.0,7416321.0,512.479227957
243806.0,7416229.0,512.988312604
243768.0,7416136.0,513.48843807
243717.0,7416050.0,514.088370198
243666.0,7415964.0,515.017614516
243615.0,7415878.0,515.841241475
243564.0,7415792.0,516.650566277
243513.0,7415706.0,517.621751059
243463.0,7415620.0,518.182058317
243378.0,7415566.0,519.5420929
243294.0,7415512.0,520.766832991
243199.0,7415485.0,522.198162775
243101.0,7415469.0,525.083080431
243002.0,7415453.0,528.723594169
242907.0,7415427.0,532.332977964
242821.0,7415376.0,533.599916811
242735.0,7415325.0,531.477756825
242652.0,7415268.0,526.057117185
242571.0,7415211.0,523.510429796
242479.0,7415200.0,521.244289547
242381.0,7415219.0,520.075543993
242291.0,7415252.0,519.083068353
242223.0,7415325.0,518.852844701
242162.0,7415404.0,518.782104062
242109.0,7415489.0,519.044497427
242057.0,7415574.0,519.572423326
241986.0,7415638.0,519.320180577
241905.0,7415692.0,518.573842978
241844.0,7415771.0,518.840522213
241784.0,7415850.0,517.638676975
241740.0,7415937.0,517.187870134
241721.0,7416036.0,516.960633518
241713.0,7416134.0,511.20196619
241731.0,7416232.0,508.026986242
241748.0,7416331.0,506.63367536
241771.0,7416428.0,506.539490105
241812.0,7416518.0,505.941041171
241854.0,7416609.0,504.94997417
241896.0,7416700.0,504.906745937
241938.0,7416791.0,504.682078748
241998.0,7416870.0,504.422502487
242063.0,7416946.0,504.219895449
242146.0,7416982.0,503.299599916
242219.0,7416923.0,503.455443817
242191.0,7416827.0,504.406334256
242146.0,7416737.0,506.334069218
242103.0,7416647.0,506.537414841
242094.0,7416548.0,506.956902265
242084.0,7416448.0,508.197280118
242111.0,7416356.0,509.198688041
242161.0,7416269.0,510.344477597
242240.0,7416225.0,510.541231776
242339.0,7416216.0,511.052800586
242429.0,7416257.0,509.87191982
242517.0,7416305.0,509.564209336
242571.0,7416388.0,508.347438957
242620.0,7416475.0,507.078258625
242670.0,7416562.0,506.264859068
242720.0,7416649.0,505.284535212
242762.0,7416739.0,503.509736028
242800.0,7416832.0,503.338999178
242846.0,7416920.0,502.647768508
242897.0,7417006.0,502.310855633
242948.0,7417093.0,502.12183656
243001.0,7417177.0,501.851896498
243076.0,7417243.0,501.614213022
243161.0,7417288.0,502.613566988
243259.0,7417306.0,503.886084944
243358.0,7417323.0,504.544164189
243455.0,7417321.0,505.080667302
243551.0,7417294.0,505.19810801
243647.0,7417266.0,505.593978999
243738.0,7417229.0,506.066230296
243787.0,7417149.0,507.190862907
243781.0,7417049.0,511.094454896
243774.0,7416949.0,514.654039278
243764.0,7416849.0,516.257983564
243755.0,7416750.0,512.924817469
243745.0,7416650.0,513.150939345
244591.0,7416887.0,510.245821526
244667.0,7416822.0,511.716571981
244742.0,7416756.0,513.328132753
244818.0,7416690.0,513.923430598
244909.0,7416650.0,514.328026642
244940.0,7416704.0,517.311947972
244940.0,7416804.0,521.505606289
244940.0,7416904.0,524.231070893
244940.0,7417004.0,524.506713366
244940.0,7417104.0,522.50703424
244940.0,7417204.0,520.321498869
244940.0,7417304.0,518.659894767
244940.0,7417404.0,515.179054359
244940.0,7417504.0,509.928068253
244940.0,7417604.0,504.35905456
244920.0,7417653.0,502.994620701
244829.0,7417630.0,503.36345657
244733.0,7417645.0,503.47985606
244647.0,7417697.0,503.320416145
244562.0,7417748.0,503.277785617
244465.0,7417741.0,503.877683043
244398.0,7417678.0,504.334849842
244357.0,7417586.0,504.933422264
244355.0,7417488.0,505.257889139
244361.0,7417388.0,505.932753831
244370.0,7417289.0,506.689935423
244415.0,7417200.0,507.258758266
244460.0,7417110.0,508.283958687
244505.0,7417021.0,509.039680324
244550.0,7416932.0,509.445669357
232034.0,7431900.0,479.327476733
231963.0,7431968.0,480.253806534
231886.0,7432032.0,480.583188847
231805.0,7432089.0,480.11586637
231707.0,7432109.0,480.747602482
231609.0,7432128.0,480.804391753
231520.0,7432084.0,481.278579113
231431.0,7432039.0,480.378363749
231342.0,7431994.0,479.78679025
231252.0,7431948.0,478.579455436
231198.0,7431871.0,478.208231044
231158.0,7431779.0,478.173868542
231183.0,7431684.0,479.100542787
231215.0,7431590.0,479.614732582
231247.0,7431495.0,479.758816028
231272.0,7431398.0,479.404181331
231310.0,7431306.0,478.718540337
231365.0,7431232.0,478.684569734
231463.0,7431212.0,479.144771468
231558.0,7431237.0,479.401821682
231643.0,7431283.0,479.499301679
231717.0,7431350.0,479.729898397
231790.0,7431418.0,479.949465982
231864.0,7431486.0,479.449665276
231938.0,7431553.0,479.503683297
232011.0,7431621.0,479.419358606
232064.0,7431698.0,479.565696874
232067.0,7431798.0,479.089632421
242539.0,7434327.0,472.277664179
242439.0,7434329.0,472.017952268
242339.0,7434331.0,472.083341302
242239.0,7434333.0,471.831457926
242139.0,7434336.0,470.827996008
242042.0,7434323.0,470.949071128
241950.0,7434284.0,471.424029522
241864.0,7434236.0,471.485249019
241793.0,7434165.0,471.697060905
241723.0,7434095.0,471.806949626
241652.0,7434024.0,471.945661812
241581.0,7433953.0,472.306760814
241510.0,7433882.0,472.184827243
241440.0,7433812.0,472.260924062
241373.0,7433737.0,472.380590844
241328.0,7433652.0,472.594817704
241312.0,7433553.0,472.684605936
241295.0,7433455.0,472.995994248
241362.0,7433383.0,473.212697991
241425.0,7433305.0,473.399650303
241485.0,7433226.0,473.525815569
241558.0,7433162.0,473.605678186
241649.0,7433120.0,473.814845567
241742.0,7433084.0,474.107468688
241841.0,7433068.0,474.161907355
241939.0,7433052.0,474.638410771
242038.0,7433037.0,475.100267445
242137.0,7433021.0,474.697532279
242237.0,7433020.0,474.397238916
242337.0,7433021.0,474.786063152
242437.0,7433022.0,475.108967392
242537.0,7433022.0,475.385599465
242636.0,7433031.0,476.443529091
242736.0,7433043.0,476.783218789
242835.0,7433055.0,476.698628825
242934.0,7433066.0,476.029141385
243034.0,7433078.0,475.661329837
243133.0,7433086.0,475.549152528
243233.0,7433094.0,475.89671196
243330.0,7433114.0,477.714110508
243427.0,7433141.0,478.342355139
243507.0,7433196.0,479.609511175
243578.0,7433266.0,479.154205017
243613.0,7433357.0,478.608467526
243555.0,7433434.0,480.341193378
243518.0,7433525.0,482.043252628
243492.0,7433622.0,483.320355612
243467.0,7433718.0,484.320327213
243442.0,7433815.0,483.885868707
243416.0,7433912.0,482.81005907
243384.0,7434007.0,481.211876857
243351.0,7434101.0,478.853826169
243282.0,7434173.0,476.468380903
243214.0,7434246.0,474.501825346
243132.0,7434299.0,473.403525464
243038.0,7434333.0,472.638940578
242941.0,7434344.0,472.373579947
242841.0,7434338.0,472.956660005
242741.0,7434332.0,473.022265475
242641.0,7434327.0,472.676844288
186487.0,7403756.0,535.907634698
186487.0,7403656.0,535.533671531
186487.0,7403556.0,535.347408646
186487.0,7403456.0,535.474541192
186487.0,7403356.0,535.903045639
186487.0,7403256.0,535.606461848
186487.0,7403156.0,535.451475256
186487.0,7403056.0,535.587662985
186487.0,7402956.0,535.296705639
186487.0,7402856.0,535.324066125
186487.0,7402756.0,535.681348118
186487.0,7402656.0,535.759241465
186487.0,7402556.0,536.051055199
186487.0,7402456.0,536.838986528
186487.0,7402356.0,537.297309663
186487.0,7402256.0,537.482562388
186487.0,7402156.0,537.843376358
186487.0,7402056.0,537.706310305
186487.0,7401956.0,537.770526969
186487.0,7401856.0,538.067094918
186487.0,7401756.0,538.577439761
186503.0,7401663.0,539.15992568
186569.0,7401596.0,539.549649793
186614.0,7401507.0,540.101236178
186665.0,7401421.0,541.089332508
186723.0,7401340.0,541.873544756
186718.0,7401242.0,542.668712688
186714.0,7401144.0,543.484115694
186765.0,7401058.0,543.73932233
186785.0,7400963.0,544.335952255
186791.0,7400863.0,545.611592612
186822.0,7400768.0,546.29817564
186831.0,7400676.0,546.560829931
186777.0,7400592.0,547.599042616
186763.0,7400494.0,547.854048193
186803.0,7400410.0,547.867224166
186873.0,7400338.0,548.060342421
186972.0,7400332.0,548.071535455
187060.0,7400364.0,548.071529985
187134.0,7400432.0,547.82206847
187172.0,7400521.0,547.287901459
187195.0,7400618.0,546.610243536
187246.0,7400701.0,546.221464304
187309.0,7400778.0,546.224403828
187348.0,7400870.0,546.032406904
187294.0,7400953.0,545.024995956
187236.0,7401034.0,543.999225974
187204.0,7401125.0,543.082308458
187233.0,7401207.0,542.422919877
187302.0,7401165.0,543.013639383
187367.0,7401089.0,544.017439785
187459.0,7401066.0,544.455799316
187559.0,7401063.0,544.465928459
187655.0,7401044.0,544.463647003
187692.0,7400957.0,545.274121993
187717.0,7400860.0,545.838519424
187759.0,7400772.0,546.113346161
187828.0,7400700.0,546.268575319
187915.0,7400685.0,546.411117858
188012.0,7400708.0,546.112587168
188097.0,7400656.0,545.797382915
188183.0,7400607.0,546.022817501
188280.0,7400631.0,546.215738139
188379.0,7400645.0,546.432269548
188471.0,7400622.0,546.515242106
188556.0,7400570.0,547.321688761
188642.0,7400518.0,548.163384846
188734.0,7400479.0,549.935085967
188826.0,7400441.0,549.313294738
188852.0,7400348.0,550.272487647
188802.0,7400263.0,552.031872303
188744.0,7400182.0,552.359136715
188676.0,7400108.0,552.289026079
188609.0,7400034.0,552.317242375
188548.0,7399954.0,553.011160142
188525.0,7399857.0,553.629190872
188505.0,7399760.0,553.785278199
188484.0,7399662.0,555.015493174
188479.0,7399564.0,555.240392939
188505.0,7399468.0,555.135651563
188567.0,7399394.0,554.778255962
188647.0,7399335.0,554.912690234
188724.0,7399271.0,555.484036059
188800.0,7399206.0,555.424642687
188878.0,7399145.0,555.897001367
188978.0,7399141.0,556.519326287
189078.0,7399138.0,557.165532046
189170.0,7399157.0,557.19780825
189241.0,7399228.0,557.841392269
189308.0,7399301.0,557.844990326
189272.0,7399394.0,557.768087455
189226.0,7399481.0,557.40778857
189138.0,7399529.0,556.491904801
189052.0,7399578.0,555.302471789
189045.0,7399678.0,554.418456507
189059.0,7399771.0,554.193622792
189122.0,7399849.0,555.275187785
189178.0,7399932.0,554.847510432
189143.0,7400024.0,553.617714659
189102.0,7400116.0,552.363823102
189080.0,7400212.0,551.141856834
189119.0,7400300.0,551.520846954
189180.0,7400325.0,552.687427482
189254.0,7400257.0,553.91541415
189333.0,7400202.0,553.765131051
189433.0,7400199.0,556.506523363
189533.0,7400195.0,557.433040033
189633.0,7400192.0,560.666046438
189722.0,7400219.0,560.541005486
189787.0,7400294.0,558.520518813
189853.0,7400370.0,558.946616732
189879.0,7400461.0,559.133727684
189881.0,7400561.0,558.403468246
189804.0,7400623.0,557.35763937
189724.0,7400683.0,556.488540243
189632.0,7400717.0,555.423545556
189534.0,7400737.0,553.96187759
189436.0,7400758.0,552.289830326
189360.0,7400820.0,551.679299432
189286.0,7400888.0,551.064978326
189200.0,7400927.0,550.309546956
189100.0,7400930.0,549.713286027
189000.0,7400933.0,549.614648745
188900.0,7400936.0,548.91933243
188800.0,7400939.0,547.870693929
188722.0,7400978.0,547.647552101
188789.0,7401026.0,548.225133225
188880.0,7401066.0,549.045917759
188972.0,7401106.0,549.736748889
189064.0,7401067.0,550.325243341
189156.0,7401028.0,550.616377036
189252.0,7401042.0,551.869624916
189349.0,7401068.0,552.74384461
189421.0,7401136.0,553.043076612
189492.0,7401207.0,554.396775679
189476.0,7401298.0,553.997132157
189435.0,7401389.0,553.393414388
189419.0,7401484.0,553.210660885
189431.0,7401583.0,552.906211307
189465.0,7401676.0,554.138718001
189506.0,7401768.0,556.983069336
189530.0,7401861.0,554.32222511
189501.0,7401957.0,554.377717701
189417.0,7402010.0,554.603696342
189329.0,7402046.0,554.801848069
189248.0,7401988.0,554.020316729
189166.0,7401930.0,553.140203344
189091.0,7401867.0,552.640600144
189053.0,7401774.0,552.21400426
189015.0,7401681.0,551.529777085
188965.0,7401596.0,550.992460179
188900.0,7401521.0,550.067009156
188822.0,7401459.0,548.954003108
188743.0,7401422.0,548.478442693
188664.0,7401484.0,548.510945452
188573.0,7401513.0,548.668787423
188473.0,7401516.0,548.597038961
188397.0,7401454.0,548.247579344
188323.0,7401387.0,547.197538093
188237.0,7401336.0,545.793719446
188144.0,7401349.0,545.053450463
188048.0,7401376.0,544.362808394
187949.0,7401391.0,543.734789564
187850.0,7401405.0,543.549095152
187751.0,7401419.0,543.557930646
187712.0,7401509.0,543.356955221
187662.0,7401591.0,542.932005405
187574.0,7401639.0,542.193152872
187487.0,7401688.0,541.597078421
187463.0,7401785.0,541.597392493
187416.0,7401873.0,541.311656391
187345.0,7401935.0,540.760588273
187251.0,7401970.0,540.514732396
187157.0,7402004.0,539.853885594
187064.0,7402041.0,539.537959999
186993.0,7402111.0,539.184130504
186922.0,7402181.0,538.540475432
186843.0,7402243.0,538.247523722
186837.0,7402314.0,538.085623465
186904.0,7402389.0,537.943423937
186960.0,7402471.0,537.485042051
187016.0,7402554.0,537.737625471
187072.0,7402637.0,537.812181242
187097.0,7402734.0,537.751544301
187125.0,7402829.0,537.447145852
187153.0,7402925.0,538.16517483
187168.0,7403024.0,538.157112935
187182.0,7403122.0,538.251012107
187209.0,7403217.0,538.24129328
187271.0,7403288.0,538.447426078
187371.0,7403294.0,539.239280201
187470.0,7403299.0,539.580946871
187540.0,7403228.0,540.489117614
187610.0,7403157.0,541.552219444
187680.0,7403085.0,542.411174204
187751.0,7403014.0,543.177554105
187834.0,7402962.0,543.520773985
187924.0,7402917.0,543.605118316
188013.0,7402872.0,543.61352175
188100.0,7402822.0,543.706455637
188132.0,7402731.0,544.268196378
188157.0,7402634.0,545.14801206
188182.0,7402537.0,545.949943357
188235.0,7402455.0,546.629618543
188304.0,7402383.0,547.372982218
188387.0,7402341.0,547.898055116
188487.0,7402339.0,548.27164023
188550.0,7402415.0,548.240494031
188609.0,7402496.0,548.218549612
188570.0,7402584.0,547.104228034
188518.0,7402670.0,546.172998704
188506.0,7402758.0,545.651933406
188542.0,7402851.0,545.578741917
188569.0,7402948.0,545.28210375
188656.0,7402942.0,546.251773358
188740.0,7402887.0,547.423447841
188824.0,7402833.0,548.770917329
188908.0,7402778.0,549.963671799
188992.0,7402724.0,550.877356133
189073.0,7402667.0,551.846601805
189139.0,7402591.0,552.89666938
189205.0,7402516.0,553.209197851
189300.0,7402500.0,554.642952085
189393.0,7402517.0,557.295372111
189463.0,7402589.0,554.15592863
189505.0,7402670.0,554.956948132
189486.0,7402769.0,554.083448479
189469.0,7402867.0,552.66106154
189510.0,7402958.0,551.556392663
189515.0,7403058.0,550.912300496
189458.0,7403136.0,549.816845194
189386.0,7403205.0,549.299352972
189287.0,7403201.0,548.591864426
189187.0,7403195.0,548.067594056
189087.0,7403189.0,547.06460995
188996.0,7403226.0,546.667784485
188918.0,7403285.0,545.85857809
188855.0,7403363.0,545.181612139
188788.0,7403437.0,544.961543646
188706.0,7403484.0,544.813261469
188607.0,7403471.0,544.162045484
188508.0,7403458.0,544.000551856
188408.0,7403452.0,543.558244425
188308.0,7403450.0,542.657932733
188209.0,7403454.0,542.053791641
188117.0,7403494.0,541.919601865
188027.0,7403534.0,541.36665082
187978.0,7403622.0,541.303307391
187920.0,7403702.0,541.064406734
187843.0,7403757.0,540.596397496
187743.0,7403748.0,540.267487648
187644.0,7403738.0,539.780056942
187544.0,7403728.0,539.901528192
187471.0,7403781.0,539.583807277
187403.0,7403854.0,539.356623718
187318.0,7403906.0,539.358334784
187233.0,7403865.0,539.306815513
187152.0,7403806.0,538.963467559
187072.0,7403747.0,538.039296567
186983.0,7403704.0,537.355526796
186888.0,7403689.0,536.79454174
186813.0,7403755.0,537.086747312
186731.0,7403807.0,537.179556766
186631.0,7403810.0,536.75325846
186540.0,7403842.0,536.683389917
186487.0,7406272.0,530.870146495
186487.0,7406172.0,530.951449241
186487.0,7406072.0,531.395660986
186487.0,7405972.0,531.977138357
186487.0,7405872.0,532.558663059
186487.0,7405772.0,532.921873691
186487.0,7405672.0,533.395887673
186487.0,7405572.0,533.690038047
186487.0,7405472.0,534.26675256
186487.0,7405372.0,534.965070471
186487.0,7405272.0,535.80054604
186487.0,7405172.0,536.272710688
186535.0,7405090.0,536.600750919
186631.0,7405076.0,536.591054347
186717.0,7405112.0,536.612641466
186791.0,7405179.0,535.897337355
186865.0,7405247.0,535.590862461
186875.0,7405345.0,535.360359566
186847.0,7405434.0,535.343748894
186780.0,7405508.0,535.295978039
186721.0,7405587.0,534.471486839
186708.0,7405686.0,534.18167745
186740.0,7405772.0,534.257598582
186800.0,7405852.0,533.797035913
186842.0,7405941.0,533.923885482
186792.0,7406028.0,533.306376461
186742.0,7406114.0,532.790291646
186697.0,7406204.0,532.326036202
186644.0,7406288.0,531.821113548
186576.0,7406356.0,531.229800405
186487.0,7407402.0,528.213880414
186487.0,7407302.0,527.95567008
186487.0,7407202.0,528.081607468
186487.0,7407102.0,528.407307777
186487.0,7407002.0,528.684433943
186487.0,7406902.0,529.109367534
186501.0,7406806.0,529.751839717
186555.0,7406722.0,530.653789799
186609.0,7406638.0,531.034224922
186663.0,7406553.0,531.394132929
186729.0,7406482.0,531.720220785
186816.0,7406433.0,532.120064125
186895.0,7406373.0,532.547056327
186968.0,7406305.0,533.237267791
187044.0,7406240.0,533.832385677
187128.0,7406186.0,534.353181014
187212.0,7406131.0,535.090967565
187296.0,7406077.0,535.707621203
187380.0,7406022.0,536.194069873
187468.0,7405998.0,536.848942757
187560.0,7406037.0,536.474401222
187653.0,7406073.0,536.864217011
187746.0,7406058.0,537.201944115
187821.0,7405994.0,537.994223229
187882.0,7405914.0,538.870953788
187946.0,7405838.0,539.455781625
188029.0,7405783.0,540.063543419
188113.0,7405728.0,540.783526186
188153.0,7405643.0,541.502422924
188178.0,7405546.0,541.903321473
188249.0,7405476.0,542.527584466
188333.0,7405443.0,543.548976531
188431.0,7405465.0,543.725031646
188528.0,7405487.0,544.25554963
188626.0,7405510.0,544.789941354
188724.0,7405502.0,545.504239245
188823.0,7405487.0,546.192344688
188920.0,7405510.0,546.733542797
188980.0,7405588.0,546.651687173
189035.0,7405671.0,547.754196974
189090.0,7405755.0,548.005361124
189121.0,7405846.0,549.050690605
189117.0,7405945.0,549.101156863
189046.0,7406016.0,548.87775789
188966.0,7406064.0,549.158201136
188868.0,7406045.0,549.943063843
188773.0,7406032.0,546.359972788
188729.0,7406121.0,546.001507335
188685.0,7406211.0,544.943754409
188622.0,7406287.0,543.920423852
188545.0,7406351.0,542.916367369
188453.0,7406323.0,541.740628993
188361.0,7406286.0,540.690785742
188263.0,7406265.0,539.584438944
188167.0,7406292.0,539.153575949
188070.0,7406317.0,538.680058515
187971.0,7406328.0,538.049252455
187872.0,7406339.0,537.489642776
187793.0,7406390.0,537.152358943
187718.0,7406454.0,536.795517362
187623.0,7406483.0,536.048432352
187531.0,7406522.0,535.452574866
187443.0,7406570.0,534.904798037
187355.0,7406617.0,534.38236488
187267.0,7406665.0,533.853111957
187180.0,7406713.0,533.062074037
187094.0,7406765.0,532.31711916
187009.0,7406818.0,531.746353119
186926.0,7406872.0,531.118106528
186847.0,7406934.0,530.643956143
186801.0,7407019.0,530.285684195
186770.0,7407114.0,529.937620273
186740.0,7407209.0,529.751964286
186709.0,7407304.0,529.881759308
186645.0,7407376.0,529.571843218
186565.0,7407436.0,528.94881509
186487.0,7409101.0,525.099201217
186487.0,7409001.0,524.583627332
186487.0,7408901.0,524.198606889
186487.0,7408801.0,524.150337157
186487.0,7408701.0,525.51846045
186487.0,7408601.0,525.183379105
186487.0,7408501.0,525.298347077
186487.0,7408401.0,525.720557452
186487.0,7408301.0,525.848062596
186487.0,7408201.0,525.650720924
186487.0,7408101.0,526.179362984
186487.0,7408001.0,526.305537243
186487.0,7407901.0,526.754332954
186487.0,7407801.0,527.454867593
186554.0,7407741.0,528.224129712
186645.0,7407699.0,528.734553159
186736.0,7407657.0,529.580574178
186827.0,7407616.0,530.271417714
186919.0,7407578.0,530.833906104
187015.0,7407551.0,531.236176124
187111.0,7407523.0,531.718676957
187207.0,7407495.0,531.856945133
187294.0,7407446.0,532.307337177
187379.0,7407394.0,532.837701686
187452.0,7407327.0,533.323627919
187515.0,7407250.0,533.762642167
187578.0,7407172.0,534.349313984
187642.0,7407095.0,535.019878098
187720.0,7407033.0,535.506695153
187800.0,7406973.0,536.05012703
187881.0,7406914.0,536.925022599
187970.0,7406869.0,537.603236792
188060.0,7406826.0,538.123756253
188131.0,7406762.0,538.733924256
188185.0,7406678.0,539.316912468
188249.0,7406602.0,539.83825472
188329.0,7406543.0,540.438268964
188422.0,7406510.0,541.658618001
188520.0,7406491.0,542.616640881
188618.0,7406480.0,543.344755905
188713.0,7406511.0,544.755072606
188808.0,7406541.0,545.40820968
188884.0,7406606.0,545.695414314
188944.0,7406681.0,545.994823282
188917.0,7406777.0,545.444758881
188891.0,7406873.0,546.078239499
188926.0,7406955.0,545.569962814
188993.0,7407029.0,545.572321086
189011.0,7407124.0,545.309112059
188987.0,7407214.0,544.990066414
188918.0,7407287.0,543.625734692
188849.0,7407359.0,541.859218185
188782.0,7407434.0,540.701589208
188719.0,7407511.0,539.46809543
188656.0,7407589.0,538.135557502
188591.0,7407664.0,537.074182297
188522.0,7407737.0,536.388617662
188450.0,7407806.0,535.743436975
188366.0,7407861.0,534.984851833
188274.0,7407880.0,534.463726079
188175.0,7407867.0,533.818807387
188076.0,7407854.0,533.583423177
187989.0,7407891.0,533.133178888
187907.0,7407948.0,532.592731582
187825.0,7408006.0,532.092318712
187743.0,7408063.0,531.659200188
187663.0,7408123.0,531.107768946
187607.0,7408205.0,530.335813464
187550.0,7408288.0,529.772326777
187493.0,7408370.0,529.633145051
187420.0,7408435.0,529.386270467
187333.0,7408483.0,528.814262919
187245.0,7408532.0,528.270814481
187205.0,7408616.0,527.99701955
187181.0,7408713.0,527.823867068
187140.0,7408803.0,527.681679445
187082.0,7408882.0,527.541944335
186986.0,7408908.0,527.247140472
186889.0,7408933.0,527.031528342
186792.0,7408958.0,526.394062886
186700.0,7408996.0,525.983724894
186625.0,7409058.0,525.552489956
186562.0,7409135.0,525.660386888
186487.0,7430329.0,491.067905162
186487.0,7430229.0,488.208125854
186487.0,7430129.0,488.036701572
186487.0,7430029.0,488.629049534
186487.0,7429929.0,489.519667968
186487.0,7429829.0,490.09506425
186487.0,7429729.0,491.617693981
186487.0,7429629.0,494.092594291
186491.0,7429530.0,496.973739979
186565.0,7429566.0,499.447018742
186646.0,7429625.0,499.201157494
186726.0,7429684.0,494.624583098
186807.0,7429743.0,492.629127087
186888.0,7429802.0,494.302933082
186946.0,7429883.0,499.277327059
187000.0,7429967.0,501.095974132
186971.0,7430058.0,498.347542658
186926.0,7430147.0,494.367595459
186841.0,7430195.0,492.758647491
186746.0,7430226.0,492.554081863
186677.0,7430295.0,492.933278396
186613.0,7430373.0,493.090149524
186521.0,7430399.0,491.537527905
244978.0,7435890.0,478.474440893
244905.0,7401469.0,542.215614005
244811.0,7401503.0,542.307122874
244732.0,7401565.0,542.754558223
244678.0,7401645.0,542.855979104
244644.0,7401738.0,542.340424923
244609.0,7401832.0,543.212776417
244575.0,7401926.0,543.076367179
244541.0,7402020.0,542.084522002
244562.0,7402113.0,541.193352418
244603.0,7402205.0,541.199477168
244638.0,7402298.0,541.690260833
244647.0,7402394.0,541.993821082
244613.0,7402488.0,542.265671717
244580.0,7402582.0,542.724314695
244572.0,7402681.0,544.750307758
244570.0,7402781.0,544.219345494
244568.0,7402881.0,543.821296556
244540.0,7402975.0,543.546615516
244500.0,7403067.0,543.376608045
244460.0,7403159.0,542.926110222
244474.0,7403243.0,541.501925367
244547.0,7403311.0,540.828330219
244620.0,7403380.0,541.004939678
244693.0,7403448.0,542.335227418
244766.0,7403516.0,543.620859129
244823.0,7403598.0,544.88627999
244791.0,7403693.0,545.154925743
244763.0,7403789.0,544.035025188
244761.0,7403889.0,543.539397455
244759.0,7403989.0,544.066438693
244711.0,7404070.0,544.472801581
244648.0,7404147.0,543.618738114
244637.0,7404233.0,543.111543486
244691.0,7404317.0,543.783200843
244745.0,7404401.0,543.771944124
244787.0,7404492.0,544.683194879
244826.0,7404584.0,546.646368654
244871.0,7404673.0,549.022283277
244940.0,7404739.0,550.353823675
244940.0,7404839.0,548.740552166
244940.0,7404939.0,546.828018436
244940.0,7405039.0,545.910137823
244990.0,7405022.0,547.145020559
244990.0,7404922.0,547.31841522
244990.0,7404822.0,548.982464589
244990.0,7404722.0,550.453415058
244990.0,7404622.0,550.286078004
244990.0,7404522.0,549.235338737
244990.0,7404422.0,547.690313711
244990.0,7404322.0,546.940184767
244990.0,7404222.0,546.525323026
244990.0,7404122.0,546.13259071
244990.0,7404022.0,545.79924645
244990.0,7403922.0,545.136689981
244990.0,7403822.0,544.342088915
244990.0,7403722.0,544.120801256
244990.0,7403622.0,543.93765906
244990.0,7403522.0,544.511976769
244990.0,7403422.0,544.129302326
244990.0,7403322.0,544.129045001
244990.0,7403222.0,544.298920258
244990.0,7403122.0,544.60552745
244990.0,7403022.0,545.168388831
244990.0,7402922.0,544.707026201
244990.0,7402822.0,544.755160423
244990.0,7402722.0,544.185084828
244990.0,7402622.0,544.318669094
244990.0,7402522.0,544.1056798
244990.0,7402422.0,544.216805163
244990.0,7402322.0,543.937141879
244990.0,7402222.0,543.651025977
244990.0,7402122.0,543.740847292
244990.0,7402022.0,543.79846305
244990.0,7401922.0,544.079147636
244990.0,7401822.0,544.084892298
244990.0,7401722.0,543.944795175
244990.0,7401622.0,544.304819262
244990.0,7401522.0,543.465302079
244990.0,7401422.0,542.688766527
193334.0,7417530.0,638.399017928
193259.0,7417465.0,631.32704544
193176.0,7417412.0,642.483801422
193081.0,7417380.0,638.682415126
192986.0,7417349.0,641.057576066
192891.0,7417317.0,647.308165786
192796.0,7417286.0,646.931938228
192700.0,7417259.0,646.408237169
192601.0,7417268.0,642.471067069
192535.0,7417332.0,636.858561556
192487.0,7417420.0,634.103106608
192509.0,7417505.0,633.552706454
192572.0,7417582.0,622.80809664
192654.0,7417629.0,617.660752912
192752.0,7417646.0,608.729832823
192847.0,7417677.0,606.06869813
192930.0,7417732.0,613.902189508
193010.0,7417791.0,613.482796893
193090.0,7417851.0,618.963719153
193171.0,7417911.0,620.929024338
193263.0,7417949.0,599.504531899
193354.0,7417957.0,585.829629768
193415.0,7417883.0,607.874920336
193436.0,7417787.0,623.122569949
193425.0,7417688.0,633.569994605
